-- MySQL dump 10.13  Distrib 5.1.67, for debian-linux-gnu (i686)
--
-- Host: dev.webhive.org    Database: wazzup2day
-- ------------------------------------------------------
-- Server version	5.1.61-0ubuntu0.10.10.1

/*!40101 SET @OLD_CHARACTER_SET_CLIENT=@@CHARACTER_SET_CLIENT */;
/*!40101 SET @OLD_CHARACTER_SET_RESULTS=@@CHARACTER_SET_RESULTS */;
/*!40101 SET @OLD_COLLATION_CONNECTION=@@COLLATION_CONNECTION */;
/*!40101 SET NAMES utf8 */;
/*!40103 SET @OLD_TIME_ZONE=@@TIME_ZONE */;
/*!40103 SET TIME_ZONE='+00:00' */;
/*!40014 SET @OLD_UNIQUE_CHECKS=@@UNIQUE_CHECKS, UNIQUE_CHECKS=0 */;
/*!40014 SET @OLD_FOREIGN_KEY_CHECKS=@@FOREIGN_KEY_CHECKS, FOREIGN_KEY_CHECKS=0 */;
/*!40101 SET @OLD_SQL_MODE=@@SQL_MODE, SQL_MODE='NO_AUTO_VALUE_ON_ZERO' */;
/*!40111 SET @OLD_SQL_NOTES=@@SQL_NOTES, SQL_NOTES=0 */;

--
-- Table structure for table `engine4_activity_actions`
--

DROP TABLE IF EXISTS `engine4_activity_actions`;
/*!40101 SET @saved_cs_client     = @@character_set_client */;
/*!40101 SET character_set_client = utf8 */;
CREATE TABLE `engine4_activity_actions` (
  `action_id` int(11) unsigned NOT NULL AUTO_INCREMENT,
  `type` varchar(32) COLLATE utf8_unicode_ci NOT NULL,
  `subject_type` varchar(24) CHARACTER SET latin1 COLLATE latin1_general_ci NOT NULL,
  `subject_id` int(11) unsigned NOT NULL,
  `object_type` varchar(24) CHARACTER SET latin1 COLLATE latin1_general_ci NOT NULL,
  `object_id` int(11) unsigned NOT NULL,
  `body` text COLLATE utf8_unicode_ci,
  `params` text COLLATE utf8_unicode_ci,
  `date` datetime NOT NULL,
  `attachment_count` smallint(3) unsigned NOT NULL DEFAULT '0',
  `comment_count` mediumint(5) unsigned NOT NULL DEFAULT '0',
  `like_count` mediumint(5) unsigned NOT NULL DEFAULT '0',
  PRIMARY KEY (`action_id`),
  KEY `SUBJECT` (`subject_type`,`subject_id`),
  KEY `OBJECT` (`object_type`,`object_id`)
) ENGINE=InnoDB AUTO_INCREMENT=153 DEFAULT CHARSET=utf8 COLLATE=utf8_unicode_ci;
/*!40101 SET character_set_client = @saved_cs_client */;

--
-- Dumping data for table `engine4_activity_actions`
--

LOCK TABLES `engine4_activity_actions` WRITE;
/*!40000 ALTER TABLE `engine4_activity_actions` DISABLE KEYS */;
INSERT INTO `engine4_activity_actions` VALUES (1,'whmedia_project_publish','user',1,'whmedia_project',2,'','[]','2012-10-17 07:21:59',3,0,0),(2,'whmedia_project_publish','user',1,'whmedia_project',1,'','[]','2012-10-17 07:22:34',4,0,0),(3,'signup','user',2,'user',2,'','[]','2012-10-17 07:27:28',0,0,0),(4,'whmedia_project_publish','user',2,'whmedia_project',3,'','[]','2012-10-17 07:31:18',3,0,0),(5,'whmedia_project_publish','user',2,'whmedia_project',4,'','[]','2012-10-17 07:34:08',4,0,0),(6,'signup','user',3,'user',3,'','[]','2012-10-17 08:18:16',0,0,0),(7,'whmedia_project_publish','user',3,'whmedia_project',5,'','[]','2012-10-17 08:19:34',3,0,0),(8,'whmedia_project_publish','user',1,'whmedia_project',6,'','[]','2012-10-17 11:33:36',1,0,0),(9,'whmedia_project_publish','user',1,'whmedia_project',7,'','[]','2012-10-17 11:34:10',1,0,0),(10,'whmedia_project_publish','user',1,'whmedia_project',8,'','[]','2012-10-17 11:34:44',1,0,0),(11,'whmedia_project_publish','user',1,'whmedia_project',9,'','[]','2012-10-17 11:35:13',1,0,0),(12,'whmedia_project_publish','user',1,'whmedia_project',10,'','[]','2012-10-17 11:35:42',1,0,0),(13,'whmedia_project_publish','user',1,'whmedia_project',11,'','[]','2012-10-17 11:36:26',1,0,0),(14,'whmedia_project_publish','user',1,'whmedia_project',12,'','[]','2012-10-17 11:38:15',1,0,0),(15,'whmedia_project_publish','user',1,'whmedia_project',13,'','[]','2012-10-17 11:39:40',1,0,0),(16,'whmedia_project_publish','user',1,'whmedia_project',14,'','[]','2012-10-17 11:40:21',1,0,0),(17,'whmedia_project_publish','user',1,'whmedia_project',15,'','[]','2012-10-17 11:41:35',1,0,0),(18,'whmedia_project_publish','user',1,'whmedia_project',16,'','[]','2012-10-17 13:24:39',1,0,0),(19,'whmedia_project_publish','user',1,'whmedia_project',17,'','[]','2012-10-17 13:25:06',1,0,0),(20,'whmedia_project_publish','user',1,'whmedia_project',18,'','[]','2012-10-17 13:25:35',1,0,0),(21,'whmedia_project_publish','user',1,'whmedia_project',19,'','[]','2012-10-17 13:26:09',1,0,0),(22,'whmedia_project_publish','user',1,'whmedia_project',20,'','[]','2012-10-17 13:39:04',1,0,0),(23,'whmedia_project_publish','user',1,'whmedia_project',21,'','[]','2012-10-17 13:39:32',1,0,0),(24,'whmedia_project_publish','user',1,'whmedia_project',22,'','[]','2012-10-17 13:42:10',1,0,0),(25,'whmedia_project_publish','user',1,'whmedia_project',23,'','[]','2012-10-17 13:42:25',1,0,0),(26,'whmedia_project_publish','user',1,'whmedia_project',24,'','[]','2012-10-17 13:42:37',1,0,0),(27,'whmedia_project_publish','user',1,'whmedia_project',25,'','[]','2012-10-17 13:42:40',0,0,0),(28,'whmedia_media_new','user',1,'whmedia_project',25,'','[]','2012-10-17 13:42:44',1,0,0),(29,'whmedia_project_publish','user',1,'whmedia_project',26,'','[]','2012-10-17 13:42:49',0,0,0),(30,'whmedia_media_new','user',1,'whmedia_project',26,'','[]','2012-10-17 13:42:55',1,0,0),(31,'whmedia_project_publish','user',1,'whmedia_project',27,'','[]','2012-10-17 13:43:05',1,0,0),(32,'whmedia_project_publish','user',1,'whmedia_project',28,'','[]','2012-10-17 13:43:16',1,0,0),(33,'whmedia_media_new','user',1,'whmedia_project',28,'','[]','2012-10-17 13:43:37',1,0,0),(34,'whmedia_project_publish','user',1,'whmedia_project',29,'','[]','2012-10-17 13:43:41',0,0,0),(35,'whmedia_media_new','user',1,'whmedia_project',29,'','[]','2012-10-17 13:43:47',1,0,0),(36,'whmedia_project_publish','user',1,'whmedia_project',30,'','[]','2012-10-17 13:43:51',0,0,0),(37,'whmedia_media_new','user',1,'whmedia_project',30,'','[]','2012-10-17 13:43:56',1,0,0),(38,'whmedia_project_publish','user',1,'whmedia_project',31,'','[]','2012-10-17 13:44:00',0,0,0),(39,'whmedia_media_new','user',1,'whmedia_project',31,'','[]','2012-10-17 13:44:07',1,0,0),(40,'whmedia_project_publish','user',1,'whmedia_project',32,'','[]','2012-10-17 13:44:10',0,0,0),(41,'whmedia_media_new','user',1,'whmedia_project',32,'','[]','2012-10-17 13:44:15',1,0,0),(42,'whmedia_project_publish','user',1,'whmedia_project',33,'','[]','2012-10-17 13:48:06',1,0,0),(43,'whmedia_project_publish','user',1,'whmedia_project',34,'','[]','2012-10-17 13:48:18',1,0,0),(44,'whmedia_project_publish','user',1,'whmedia_project',35,'','[]','2012-10-17 13:48:29',1,0,0),(45,'whmedia_project_publish','user',1,'whmedia_project',36,'','[]','2012-10-17 13:48:41',1,0,0),(46,'whmedia_project_publish','user',1,'whmedia_project',37,'','[]','2012-10-17 13:48:53',1,0,0),(47,'whmedia_project_publish','user',1,'whmedia_project',38,'','[]','2012-10-17 13:49:04',1,0,0),(48,'whmedia_project_publish','user',1,'whmedia_project',39,'','[]','2012-10-17 13:49:21',1,0,0),(49,'whmedia_project_publish','user',1,'whmedia_project',40,'','[]','2012-10-17 13:52:51',1,0,0),(50,'whmedia_project_publish','user',1,'whmedia_project',41,'','[]','2012-10-17 13:53:03',1,0,0),(51,'whmedia_project_publish','user',1,'whmedia_project',42,'','[]','2012-10-17 13:53:16',1,0,0),(52,'whmedia_project_publish','user',1,'whmedia_project',43,'','[]','2012-10-17 13:53:35',1,0,0),(53,'whmedia_project_publish','user',1,'whmedia_project',44,'','[]','2012-10-17 13:53:44',1,0,0),(54,'profile_photo_update','user',1,'user',1,'{item:$subject} added a new profile photo.','[]','2012-10-18 12:01:23',1,0,0),(55,'whmedia_project_publish','user',2,'whmedia_project',45,'','[]','2012-10-19 07:28:01',4,0,0),(56,'whmedia_project_publish','user',2,'whmedia_project',46,'','[]','2012-10-19 07:28:11',3,0,0),(57,'whmedia_project_publish','user',2,'whmedia_project',47,'','[]','2012-10-19 07:32:00',3,0,0),(58,'whmedia_project_publish','user',2,'whmedia_project',48,'','[]','2012-10-19 07:36:04',2,0,0),(59,'whmedia_project_publish','user',2,'whmedia_project',49,'','[]','2012-10-19 07:39:05',1,0,0),(60,'whmedia_project_publish','user',2,'whmedia_project',50,'','[]','2012-10-19 07:42:07',1,0,0),(61,'whmedia_project_publish','user',2,'whmedia_project',51,'','[]','2012-10-19 07:45:07',1,0,0),(62,'whmedia_project_publish','user',2,'whmedia_project',52,'','[]','2012-10-19 07:46:57',1,0,0),(63,'signup','user',4,'user',4,'','[]','2012-10-19 14:13:25',0,0,0),(64,'whmedia_project_publish','user',3,'whmedia_project',53,'','[]','2012-10-22 13:41:49',1,0,0),(65,'post_self','user',1,'user',1,'','[]','2012-10-22 15:32:06',1,0,0),(66,'post_self','user',1,'user',1,'','[]','2012-10-22 15:33:15',1,0,0),(67,'whmedia_project_publish','user',4,'whmedia_project',54,'','[]','2012-10-24 11:19:43',1,0,0),(68,'whmedia_project_publish','user',4,'whmedia_project',55,'','[]','2012-10-24 11:28:28',1,0,0),(69,'whmedia_project_publish','user',4,'whmedia_project',56,'','[]','2012-10-24 11:34:53',1,0,0),(70,'whmedia_project_publish','user',4,'whmedia_project',57,'','[]','2012-10-24 17:29:03',1,0,0),(71,'whmedia_project_publish','user',4,'whmedia_project',58,'','[]','2012-10-25 23:36:44',1,0,0),(72,'whmedia_project_publish','user',4,'whmedia_project',59,'','[]','2012-10-25 23:42:42',1,0,0),(73,'whmedia_project_publish','user',4,'whmedia_project',60,'','[]','2012-10-28 20:56:07',2,0,0),(74,'status','user',3,'user',3,'Sed vestibulum consequat turpis, id consequat eros mattis eget. Cras eget est lectus, quis pharetra velit. Ut viverra suscipit sem','[]','2012-10-30 16:23:16',0,0,0),(75,'signup','user',5,'user',5,'','[]','2012-11-02 15:03:49',0,0,0),(76,'profile_photo_update','user',5,'user',5,'{item:$subject} added a new profile photo.','[]','2012-11-02 15:04:21',1,0,0),(77,'profile_photo_update','user',5,'user',5,'{item:$subject} added a new profile photo.','[]','2012-11-02 15:05:58',1,0,0),(78,'profile_photo_update','user',5,'user',5,'{item:$subject} added a new profile photo.','[]','2012-11-02 15:20:08',1,0,0),(79,'whmedia_project_publish','user',4,'whmedia_project',61,'','[]','2012-11-03 14:13:35',1,0,0),(80,'whmedia_project_publish','user',4,'whmedia_project',62,'','[]','2012-11-03 14:21:42',2,0,0),(81,'whmedia_project_publish','user',4,'whmedia_project',63,'','[]','2012-11-03 14:33:13',1,0,0),(82,'whmedia_project_publish','user',4,'whmedia_project',64,'','[]','2012-11-03 21:34:26',1,0,0),(83,'whmedia_project_publish','user',4,'whmedia_project',65,'','[]','2012-11-05 00:55:05',1,0,0),(84,'status','user',1,'user',1,'Lreal ipsum','[]','2012-11-05 10:20:57',0,0,0),(85,'whmedia_project_publish','user',4,'whmedia_project',66,'','[]','2012-11-06 12:31:45',1,0,0),(86,'whmedia_media_new','user',1,'whmedia_project',2,'','[]','2012-11-06 15:48:56',2,0,0),(87,'whmedia_media_new','user',4,'whmedia_project',64,'','[]','2012-11-06 17:11:44',1,0,0),(88,'status','user',2,'user',2,'uisque fringilla egestas elit, non faucibus dui semper eu. Quisque odio enim, auctor in volutpat vel, euismod dapibus felis. Nunc ullamcorper consectetur dictum. Suspendisse justo est, bibendum non volutpat sit amet, pharetra eu tortor','[]','2012-11-07 07:48:50',0,0,0),(89,'post_self','user',4,'user',4,'testing','[]','2012-11-08 02:57:05',1,0,0),(90,'status','user',4,'user',4,'wazzup2day','[]','2012-11-08 03:04:50',0,0,0),(91,'whmedia_project_publish','user',4,'whmedia_project',67,'','[]','2012-11-08 18:01:29',2,0,0),(92,'whmedia_project_publish','user',4,'whmedia_project',68,'','[]','2012-11-08 18:07:37',2,0,0),(93,'whmedia_project_publish','user',4,'whmedia_project',69,'','[]','2012-11-08 19:21:06',1,0,0),(94,'whmedia_media_new','user',2,'whmedia_project',48,'','[]','2012-11-12 08:46:46',1,0,0),(97,'profile_photo_update','user',3,'user',3,'{item:$subject} added a new profile photo.','[]','2012-11-12 09:12:47',1,0,0),(98,'signup','user',6,'user',6,'','[]','2012-11-12 11:54:15',0,0,0),(99,'profile_photo_update','user',3,'user',3,'{item:$subject} added a new profile photo.','[]','2012-11-26 13:34:50',1,0,0),(100,'profile_photo_update','user',4,'user',4,'{item:$subject} added a new profile photo.','[]','2012-11-26 17:18:50',1,0,0),(101,'whmedia_media_new','user',1,'whmedia_project',32,'','[]','2012-11-27 09:28:08',1,0,0),(102,'signup','user',7,'user',7,'','[]','2012-12-05 11:50:26',0,0,0),(103,'signup','user',8,'user',8,'','[]','2012-12-05 11:51:39',0,0,0),(104,'signup','user',9,'user',9,'','[]','2012-12-05 11:52:36',0,0,0),(105,'signup','user',10,'user',10,'','[]','2012-12-05 11:54:52',0,0,0),(106,'signup','user',11,'user',11,'','[]','2012-12-05 11:55:39',0,0,0),(107,'signup','user',12,'user',12,'','[]','2012-12-05 11:58:06',0,0,0),(108,'whmedia_project_publish','user',4,'whmedia_project',70,'','[]','2012-12-06 08:51:53',1,0,0),(109,'signup','user',13,'user',13,'','[]','2012-12-07 09:58:24',0,0,0),(110,'signup','user',14,'user',14,'','[]','2012-12-07 09:59:42',0,0,0),(111,'signup','user',15,'user',15,'','[]','2012-12-07 10:00:51',0,0,0),(112,'signup','user',16,'user',16,'','[]','2012-12-07 10:01:40',0,0,0),(113,'signup','user',17,'user',17,'','[]','2012-12-07 10:02:45',0,0,0),(114,'signup','user',18,'user',18,'','[]','2012-12-07 10:03:36',0,0,0),(115,'signup','user',19,'user',19,'','[]','2012-12-07 10:04:32',0,0,0),(116,'signup','user',20,'user',20,'','[]','2012-12-07 10:05:29',0,0,0),(117,'whmedia_project_publish','user',1,'whmedia_project',71,'','[]','2012-12-13 16:41:16',1,0,0),(118,'profile_photo_update','user',7,'user',7,'{item:$subject} added a new profile photo.','[]','2012-12-26 10:54:45',1,0,0),(119,'profile_photo_update','user',8,'user',8,'{item:$subject} added a new profile photo.','[]','2012-12-26 10:55:13',1,0,0),(120,'profile_photo_update','user',9,'user',9,'{item:$subject} added a new profile photo.','[]','2012-12-26 10:55:54',1,0,0),(121,'profile_photo_update','user',10,'user',10,'{item:$subject} added a new profile photo.','[]','2012-12-26 10:56:08',1,0,0),(122,'profile_photo_update','user',11,'user',11,'{item:$subject} added a new profile photo.','[]','2012-12-26 10:56:27',1,0,0),(123,'profile_photo_update','user',12,'user',12,'{item:$subject} added a new profile photo.','[]','2012-12-26 10:57:13',1,0,0),(124,'signup','user',21,'user',21,'','[]','2012-12-28 08:50:02',0,0,0),(125,'signup','user',22,'user',22,'','[]','2012-12-28 08:51:07',0,0,0),(126,'signup','user',23,'user',23,'','[]','2012-12-28 08:53:23',0,0,0),(127,'signup','user',24,'user',24,'','[]','2012-12-28 08:55:53',0,0,0),(128,'signup','user',25,'user',25,'','[]','2012-12-28 08:57:05',0,0,0),(129,'signup','user',26,'user',26,'','[]','2012-12-28 08:58:41',0,0,0),(130,'profile_photo_update','user',26,'user',26,'{item:$subject} added a new profile photo.','[]','2012-12-28 09:00:00',1,0,0),(131,'whmedia_media_new','user',1,'whmedia_project',71,'','[]','2013-01-02 12:35:42',2,0,0),(132,'whmedia_media_new','user',1,'whmedia_project',71,'','[]','2013-01-03 11:05:33',3,0,0),(133,'whmedia_media_new','user',2,'whmedia_project',52,'','[]','2013-01-03 15:04:34',1,0,0),(134,'whmedia_project_publish','user',4,'whmedia_project',74,'','[]','2013-01-04 22:18:12',1,0,0),(135,'whmedia_media_new','user',4,'whmedia_project',74,'','[]','2013-01-09 14:36:38',5,0,0),(136,'friends','user',2,'user',3,'{item:$object} is now friends with {item:$subject}.','[]','2013-01-15 11:13:32',0,0,0),(137,'friends','user',3,'user',2,'{item:$object} is now friends with {item:$subject}.','[]','2013-01-15 11:13:32',0,0,0),(138,'status','user',2,'user',2,'here are many variations of passages of Lorem Ipsum available, but the majority have suffered alteration in some form, by injected humour, or randomised words which don\'t look even slightly believable. If you are going to use a passage of Lorem Ipsum, you need to be sure there isn\'t anything embarrassing hidden in the middle of text. All the Lorem Ipsum generators on the Internet tend to repeat predefined chunks as necessary, making this the first true generator on the Internet. It uses a dictionary of over 200 Latin words, combined with a handful of model sentence structures, to generate Lorem Ipsum which looks reasonable. The generated Lorem Ipsum is therefore always free from repetition, injected humour, or non-characteristic words etc.','[]','2013-01-15 13:56:22',0,0,0),(139,'whmedia_project_publish','user',4,'whmedia_project',75,'','[]','2013-01-18 21:40:42',1,0,0),(140,'whmedia_project_publish','user',4,'whmedia_project',76,'','[]','2013-01-18 21:44:34',1,0,0),(141,'whmedia_project_publish','user',4,'whmedia_project',77,'','[]','2013-01-18 21:46:18',1,0,0),(142,'whmedia_project_publish','user',4,'whmedia_project',78,'','[]','2013-01-18 21:48:34',1,0,0),(143,'whmedia_project_publish','user',4,'whmedia_project',79,'','[]','2013-01-18 21:50:29',1,0,0),(144,'whmedia_project_publish','user',4,'whmedia_project',80,'','[]','2013-01-18 21:52:25',1,0,0),(145,'whmedia_project_publish','user',4,'whmedia_project',81,'','[]','2013-01-18 21:53:55',1,0,0),(146,'whmedia_project_publish','user',4,'whmedia_project',82,'','[]','2013-01-18 21:56:10',0,0,0),(147,'whmedia_media_new','user',4,'whmedia_project',82,'','[]','2013-01-18 21:56:23',1,0,0),(148,'whmedia_project_publish','user',4,'whmedia_project',83,'','[]','2013-01-19 02:41:20',1,0,0),(149,'signup','user',27,'user',27,'','[]','2013-01-23 09:04:46',0,0,0),(150,'whmedia_project_publish','user',4,'whmedia_project',84,'','[]','2013-01-23 22:56:27',1,0,0),(151,'whmedia_project_publish','user',4,'whmedia_project',85,'','[]','2013-01-26 05:46:03',1,0,0),(152,'signup','user',28,'user',28,'','[]','2013-01-26 17:57:36',0,0,0);
/*!40000 ALTER TABLE `engine4_activity_actions` ENABLE KEYS */;
UNLOCK TABLES;

--
-- Table structure for table `engine4_activity_actionsettings`
--

DROP TABLE IF EXISTS `engine4_activity_actionsettings`;
/*!40101 SET @saved_cs_client     = @@character_set_client */;
/*!40101 SET character_set_client = utf8 */;
CREATE TABLE `engine4_activity_actionsettings` (
  `user_id` int(11) unsigned NOT NULL,
  `type` varchar(32) CHARACTER SET latin1 COLLATE latin1_general_ci NOT NULL,
  `publish` tinyint(1) NOT NULL DEFAULT '1',
  PRIMARY KEY (`user_id`,`type`)
) ENGINE=InnoDB DEFAULT CHARSET=utf8 COLLATE=utf8_unicode_ci;
/*!40101 SET character_set_client = @saved_cs_client */;

--
-- Dumping data for table `engine4_activity_actionsettings`
--

LOCK TABLES `engine4_activity_actionsettings` WRITE;
/*!40000 ALTER TABLE `engine4_activity_actionsettings` DISABLE KEYS */;
/*!40000 ALTER TABLE `engine4_activity_actionsettings` ENABLE KEYS */;
UNLOCK TABLES;

--
-- Table structure for table `engine4_activity_actiontypes`
--

DROP TABLE IF EXISTS `engine4_activity_actiontypes`;
/*!40101 SET @saved_cs_client     = @@character_set_client */;
/*!40101 SET character_set_client = utf8 */;
CREATE TABLE `engine4_activity_actiontypes` (
  `type` varchar(32) CHARACTER SET latin1 COLLATE latin1_general_ci NOT NULL,
  `module` varchar(32) CHARACTER SET latin1 COLLATE latin1_general_ci NOT NULL,
  `body` text COLLATE utf8_unicode_ci NOT NULL,
  `enabled` tinyint(1) NOT NULL DEFAULT '1',
  `displayable` tinyint(1) NOT NULL DEFAULT '3',
  `attachable` tinyint(1) NOT NULL DEFAULT '1',
  `commentable` tinyint(1) NOT NULL DEFAULT '1',
  `shareable` tinyint(1) NOT NULL DEFAULT '1',
  `is_generated` tinyint(1) NOT NULL DEFAULT '1',
  PRIMARY KEY (`type`)
) ENGINE=InnoDB DEFAULT CHARSET=utf8 COLLATE=utf8_unicode_ci;
/*!40101 SET character_set_client = @saved_cs_client */;

--
-- Dumping data for table `engine4_activity_actiontypes`
--

LOCK TABLES `engine4_activity_actiontypes` WRITE;
/*!40000 ALTER TABLE `engine4_activity_actiontypes` DISABLE KEYS */;
INSERT INTO `engine4_activity_actiontypes` VALUES ('friends','user','{item:$subject} is now friends with {item:$object}.',1,3,0,1,1,1),('friends_follow','user','{item:$subject} is now following {item:$object}.',1,3,0,1,1,1),('login','user','{item:$subject} has signed in.',0,1,0,1,1,1),('logout','user','{item:$subject} has signed out.',0,1,0,1,1,1),('network_join','network','{item:$subject} joined the network {item:$object}',1,3,1,1,1,1),('post','user','{actors:$subject:$object}: {body:$body}',1,7,1,1,1,0),('post_self','user','{item:$subject} {body:$body}',1,5,1,1,1,0),('profile_photo_update','user','{item:$subject} has added a new profile photo.',1,5,1,1,1,1),('signup','user','{item:$subject} has just signed up. Say hello!',1,5,0,1,1,1),('status','user','{item:$subject} {body:$body}',1,5,0,1,4,0),('tagged','user','{item:$subject} tagged {item:$object} in a {var:$label}:',1,7,1,1,0,1),('whmedia_media_new','whmedia','{item:$subject} added new media files to the project {item:$object}:',1,5,1,3,1,1),('whmedia_project_publish','whmedia','{item:$subject} published a new project {item:$object}:',1,5,1,3,1,1);
/*!40000 ALTER TABLE `engine4_activity_actiontypes` ENABLE KEYS */;
UNLOCK TABLES;

--
-- Table structure for table `engine4_activity_attachments`
--

DROP TABLE IF EXISTS `engine4_activity_attachments`;
/*!40101 SET @saved_cs_client     = @@character_set_client */;
/*!40101 SET character_set_client = utf8 */;
CREATE TABLE `engine4_activity_attachments` (
  `attachment_id` int(11) unsigned NOT NULL AUTO_INCREMENT,
  `action_id` int(11) unsigned NOT NULL,
  `type` varchar(24) CHARACTER SET latin1 COLLATE latin1_general_ci NOT NULL,
  `id` int(11) unsigned NOT NULL,
  `mode` tinyint(1) NOT NULL DEFAULT '0',
  PRIMARY KEY (`attachment_id`),
  KEY `action_id` (`action_id`),
  KEY `type_id` (`type`,`id`)
) ENGINE=InnoDB AUTO_INCREMENT=144 DEFAULT CHARSET=utf8 COLLATE=utf8_unicode_ci;
/*!40101 SET character_set_client = @saved_cs_client */;

--
-- Dumping data for table `engine4_activity_attachments`
--

LOCK TABLES `engine4_activity_attachments` WRITE;
/*!40000 ALTER TABLE `engine4_activity_attachments` DISABLE KEYS */;
INSERT INTO `engine4_activity_attachments` VALUES (1,1,'whmedia_media',6,2),(2,1,'whmedia_media',7,2),(3,1,'whmedia_media',8,2),(4,2,'whmedia_media',1,2),(5,2,'whmedia_media',2,2),(6,2,'whmedia_media',3,2),(7,2,'whmedia_media',4,2),(8,4,'whmedia_media',11,2),(9,4,'whmedia_media',10,2),(10,4,'whmedia_media',9,2),(11,5,'whmedia_media',12,2),(12,5,'whmedia_media',13,2),(13,5,'whmedia_media',14,2),(14,5,'whmedia_media',15,2),(15,7,'whmedia_media',16,2),(16,7,'whmedia_media',17,2),(17,7,'whmedia_media',19,2),(18,8,'whmedia_media',20,2),(19,9,'whmedia_media',21,2),(20,10,'whmedia_media',22,2),(21,11,'whmedia_media',23,2),(22,12,'whmedia_media',24,2),(23,13,'whmedia_media',25,2),(24,14,'whmedia_media',26,2),(25,15,'whmedia_media',27,2),(26,16,'whmedia_media',28,2),(27,17,'whmedia_media',29,2),(28,18,'whmedia_media',30,2),(29,19,'whmedia_media',31,2),(30,20,'whmedia_media',32,2),(31,21,'whmedia_media',33,2),(32,22,'whmedia_media',34,2),(33,23,'whmedia_media',35,2),(34,24,'whmedia_media',37,2),(35,25,'whmedia_media',38,2),(36,26,'whmedia_media',39,2),(37,28,'whmedia_media',40,2),(38,30,'whmedia_media',41,2),(39,31,'whmedia_media',42,2),(40,32,'whmedia_media',43,2),(41,33,'whmedia_media',44,2),(42,35,'whmedia_media',45,2),(43,37,'whmedia_media',46,2),(44,39,'whmedia_media',47,2),(45,41,'whmedia_media',48,2),(46,42,'whmedia_media',49,2),(47,43,'whmedia_media',50,2),(48,44,'whmedia_media',51,2),(49,45,'whmedia_media',52,2),(50,46,'whmedia_media',53,2),(51,47,'whmedia_media',54,2),(52,48,'whmedia_media',55,2),(53,49,'whmedia_media',56,2),(54,50,'whmedia_media',57,2),(55,51,'whmedia_media',58,2),(56,52,'whmedia_media',59,2),(57,53,'whmedia_media',60,2),(58,54,'storage_file',128,1),(59,55,'whmedia_media',61,2),(60,55,'whmedia_media',62,2),(61,55,'whmedia_media',63,2),(62,55,'whmedia_media',65,2),(63,56,'whmedia_media',67,2),(64,56,'whmedia_media',68,2),(65,56,'whmedia_media',69,2),(66,57,'whmedia_media',70,2),(67,57,'whmedia_media',71,2),(68,57,'whmedia_media',72,2),(69,58,'whmedia_media',73,2),(70,58,'whmedia_media',74,2),(71,59,'whmedia_media',75,2),(72,60,'whmedia_media',76,2),(73,61,'whmedia_media',77,2),(74,62,'whmedia_media',78,2),(75,64,'whmedia_media',79,2),(76,65,'core_link',1,1),(77,66,'core_link',2,1),(78,67,'whmedia_media',86,2),(79,68,'whmedia_media',87,2),(80,69,'whmedia_media',88,2),(81,70,'whmedia_media',89,2),(82,71,'whmedia_media',92,2),(83,72,'whmedia_media',93,2),(84,73,'whmedia_media',95,2),(85,73,'whmedia_media',94,2),(86,76,'storage_file',194,1),(87,77,'storage_file',198,1),(88,78,'storage_file',202,1),(89,79,'whmedia_media',97,2),(90,80,'whmedia_media',98,2),(91,80,'whmedia_media',99,2),(92,81,'whmedia_media',100,2),(93,82,'whmedia_media',101,2),(94,83,'whmedia_media',102,2),(95,85,'whmedia_media',103,2),(96,86,'whmedia_media',104,2),(97,86,'whmedia_media',105,2),(98,87,'whmedia_media',106,2),(99,89,'whmedia_media',106,1),(100,91,'whmedia_media',109,2),(101,91,'whmedia_media',108,2),(102,92,'whmedia_media',111,2),(103,92,'whmedia_media',110,2),(104,93,'whmedia_media',113,2),(105,94,'whmedia_media',114,2),(108,97,'storage_file',237,1),(109,99,'storage_file',245,1),(110,100,'storage_file',249,1),(111,101,'whmedia_media',117,2),(112,108,'whmedia_media',119,2),(113,117,'whmedia_media',120,2),(114,118,'storage_file',290,1),(115,119,'storage_file',294,1),(116,120,'storage_file',298,1),(117,121,'storage_file',302,1),(118,122,'storage_file',306,1),(119,123,'storage_file',310,1),(120,130,'storage_file',338,1),(121,131,'whmedia_media',125,2),(122,131,'whmedia_media',126,2),(123,132,'whmedia_media',127,2),(124,132,'whmedia_media',128,2),(125,132,'whmedia_media',129,2),(126,133,'whmedia_media',136,2),(127,134,'whmedia_media',137,2),(128,135,'whmedia_media',138,2),(129,135,'whmedia_media',139,2),(130,135,'whmedia_media',140,2),(131,135,'whmedia_media',141,2),(132,135,'whmedia_media',142,2),(133,139,'whmedia_media',143,2),(134,140,'whmedia_media',144,2),(135,141,'whmedia_media',145,2),(136,142,'whmedia_media',146,2),(137,143,'whmedia_media',147,2),(138,144,'whmedia_media',148,2),(139,145,'whmedia_media',149,2),(140,147,'whmedia_media',150,2),(141,148,'whmedia_media',151,2),(142,150,'whmedia_media',153,2),(143,151,'whmedia_media',155,2);
/*!40000 ALTER TABLE `engine4_activity_attachments` ENABLE KEYS */;
UNLOCK TABLES;

--
-- Table structure for table `engine4_activity_comments`
--

DROP TABLE IF EXISTS `engine4_activity_comments`;
/*!40101 SET @saved_cs_client     = @@character_set_client */;
/*!40101 SET character_set_client = utf8 */;
CREATE TABLE `engine4_activity_comments` (
  `comment_id` int(11) unsigned NOT NULL AUTO_INCREMENT,
  `resource_id` int(11) unsigned NOT NULL,
  `poster_type` varchar(24) CHARACTER SET latin1 COLLATE latin1_general_ci NOT NULL,
  `poster_id` int(11) unsigned NOT NULL,
  `body` text COLLATE utf8_unicode_ci NOT NULL,
  `creation_date` datetime NOT NULL,
  `like_count` int(11) unsigned NOT NULL DEFAULT '0',
  PRIMARY KEY (`comment_id`),
  KEY `resource_type` (`resource_id`),
  KEY `poster_type` (`poster_type`,`poster_id`)
) ENGINE=InnoDB DEFAULT CHARSET=utf8 COLLATE=utf8_unicode_ci;
/*!40101 SET character_set_client = @saved_cs_client */;

--
-- Dumping data for table `engine4_activity_comments`
--

LOCK TABLES `engine4_activity_comments` WRITE;
/*!40000 ALTER TABLE `engine4_activity_comments` DISABLE KEYS */;
/*!40000 ALTER TABLE `engine4_activity_comments` ENABLE KEYS */;
UNLOCK TABLES;

--
-- Table structure for table `engine4_activity_likes`
--

DROP TABLE IF EXISTS `engine4_activity_likes`;
/*!40101 SET @saved_cs_client     = @@character_set_client */;
/*!40101 SET character_set_client = utf8 */;
CREATE TABLE `engine4_activity_likes` (
  `like_id` int(11) unsigned NOT NULL AUTO_INCREMENT,
  `resource_id` int(11) unsigned NOT NULL,
  `poster_type` varchar(16) CHARACTER SET latin1 COLLATE latin1_general_ci NOT NULL,
  `poster_id` int(11) unsigned NOT NULL,
  PRIMARY KEY (`like_id`),
  KEY `resource_id` (`resource_id`),
  KEY `poster_type` (`poster_type`,`poster_id`)
) ENGINE=InnoDB DEFAULT CHARSET=utf8 COLLATE=utf8_unicode_ci;
/*!40101 SET character_set_client = @saved_cs_client */;

--
-- Dumping data for table `engine4_activity_likes`
--

LOCK TABLES `engine4_activity_likes` WRITE;
/*!40000 ALTER TABLE `engine4_activity_likes` DISABLE KEYS */;
/*!40000 ALTER TABLE `engine4_activity_likes` ENABLE KEYS */;
UNLOCK TABLES;

--
-- Table structure for table `engine4_activity_notifications`
--

DROP TABLE IF EXISTS `engine4_activity_notifications`;
/*!40101 SET @saved_cs_client     = @@character_set_client */;
/*!40101 SET character_set_client = utf8 */;
CREATE TABLE `engine4_activity_notifications` (
  `notification_id` int(11) unsigned NOT NULL AUTO_INCREMENT,
  `user_id` int(11) unsigned NOT NULL,
  `subject_type` varchar(24) CHARACTER SET latin1 COLLATE latin1_general_ci NOT NULL,
  `subject_id` int(11) unsigned NOT NULL,
  `object_type` varchar(24) CHARACTER SET latin1 COLLATE latin1_general_ci NOT NULL,
  `object_id` int(11) unsigned NOT NULL,
  `type` varchar(32) CHARACTER SET latin1 COLLATE latin1_general_ci NOT NULL,
  `params` text COLLATE utf8_unicode_ci,
  `read` tinyint(1) NOT NULL DEFAULT '0',
  `mitigated` tinyint(1) NOT NULL DEFAULT '0',
  `date` datetime NOT NULL,
  PRIMARY KEY (`notification_id`),
  KEY `LOOKUP` (`user_id`,`date`),
  KEY `subject` (`subject_type`,`subject_id`),
  KEY `object` (`object_type`,`object_id`)
) ENGINE=InnoDB AUTO_INCREMENT=440 DEFAULT CHARSET=utf8 COLLATE=utf8_unicode_ci;
/*!40101 SET character_set_client = @saved_cs_client */;

--
-- Dumping data for table `engine4_activity_notifications`
--

LOCK TABLES `engine4_activity_notifications` WRITE;
/*!40000 ALTER TABLE `engine4_activity_notifications` DISABLE KEYS */;
INSERT INTO `engine4_activity_notifications` VALUES (1,3,'user',1,'whmedia_project',5,'liked','{\"label\":\"project\"}',1,0,'2012-10-17 11:21:52'),(2,2,'user',1,'whmedia_project',4,'liked','{\"label\":\"project\"}',1,0,'2012-10-17 11:22:22'),(3,2,'user',1,'whmedia_project',3,'liked','{\"label\":\"project\"}',1,0,'2012-10-17 11:22:34'),(4,2,'user',1,'whmedia_project',3,'liked','{\"label\":\"project\"}',1,0,'2012-10-18 14:22:56'),(5,1,'user',2,'whmedia_project',1,'liked','{\"label\":\"project\"}',1,0,'2012-10-18 15:36:43'),(6,1,'user',2,'whmedia_media',6,'liked','{\"label\":\"media\"}',1,0,'2012-10-19 07:12:33'),(7,1,'user',2,'whmedia_media',7,'liked','{\"label\":\"media\"}',1,0,'2012-10-19 07:12:35'),(8,1,'user',2,'whmedia_media',8,'liked','{\"label\":\"media\"}',1,0,'2012-10-19 07:12:37'),(9,1,'user',2,'whmedia_project',2,'liked','{\"label\":\"project\"}',1,0,'2012-10-19 07:12:48'),(10,1,'user',2,'whmedia_project',2,'liked','{\"label\":\"project\"}',1,0,'2012-10-19 07:52:20'),(11,2,'user',3,'whmedia_media',78,'liked','{\"label\":\"media\"}',1,0,'2012-10-19 07:54:30'),(12,2,'user',3,'whmedia_media',77,'liked','{\"label\":\"media\"}',1,0,'2012-10-19 07:54:36'),(13,2,'user',3,'whmedia_media',76,'liked','{\"label\":\"media\"}',1,0,'2012-10-19 07:54:43'),(14,2,'user',3,'whmedia_media',75,'liked','{\"label\":\"media\"}',1,0,'2012-10-19 07:55:41'),(15,2,'user',3,'whmedia_media',74,'liked','{\"label\":\"media\"}',1,0,'2012-10-19 07:55:48'),(16,2,'user',3,'whmedia_media',73,'liked','{\"label\":\"media\"}',1,0,'2012-10-19 07:55:49'),(17,2,'user',3,'whmedia_project',4,'liked','{\"label\":\"project\"}',1,0,'2012-10-19 07:58:22'),(18,1,'user',3,'whmedia_project',1,'liked','{\"label\":\"project\"}',1,0,'2012-10-19 08:12:14'),(19,2,'user',1,'whmedia_project',51,'liked','{\"label\":\"project\"}',1,0,'2012-10-19 09:14:13'),(20,2,'user',1,'whmedia_project',50,'liked','{\"label\":\"project\"}',1,0,'2012-10-19 09:14:19'),(21,2,'user',1,'whmedia_project',49,'liked','{\"label\":\"project\"}',1,0,'2012-10-19 09:14:24'),(22,2,'user',1,'whmedia_project',48,'liked','{\"label\":\"project\"}',1,0,'2012-10-19 09:14:31'),(23,2,'user',1,'whmedia_project',46,'liked','{\"label\":\"project\"}',1,0,'2012-10-19 09:14:37'),(24,2,'user',1,'whmedia_project',45,'liked','{\"label\":\"project\"}',1,0,'2012-10-19 09:14:43'),(25,2,'user',1,'whmedia_project',47,'liked','{\"label\":\"project\"}',1,0,'2012-10-19 09:14:50'),(26,2,'user',1,'whmedia_project',4,'liked','{\"label\":\"project\"}',1,0,'2012-10-19 13:38:01'),(27,1,'user',4,'whmedia_project',8,'liked','{\"label\":\"project\"}',1,0,'2012-10-19 14:40:29'),(28,2,'user',4,'whmedia_project',51,'liked','{\"label\":\"project\"}',1,0,'2012-10-19 15:46:06'),(29,1,'user',4,'whmedia_project',42,'liked','{\"label\":\"project\"}',1,0,'2012-10-19 20:46:17'),(30,1,'user',4,'whmedia_project',43,'liked','{\"label\":\"project\"}',1,0,'2012-10-19 20:46:27'),(31,2,'user',4,'whmedia_project',50,'liked','{\"label\":\"project\"}',1,0,'2012-10-19 21:06:00'),(32,2,'user',4,'whmedia_project',50,'liked','{\"label\":\"project\"}',1,0,'2012-10-19 21:06:03'),(33,2,'user',4,'whmedia_project',49,'liked','{\"label\":\"project\"}',1,0,'2012-10-21 17:38:47'),(34,3,'user',2,'whmedia_media',79,'liked','{\"label\":\"media\"}',1,0,'2012-10-22 13:44:16'),(35,3,'user',2,'whmedia_project',53,'liked','{\"label\":\"project\"}',1,0,'2012-10-22 13:46:55'),(36,3,'user',4,'whmedia_project',53,'liked','{\"label\":\"project\"}',1,0,'2012-10-22 15:29:54'),(37,3,'user',4,'whmedia_project',53,'liked','{\"label\":\"project\"}',1,0,'2012-10-22 15:29:57'),(38,2,'user',4,'whmedia_project',51,'liked','{\"label\":\"project\"}',1,0,'2012-10-22 21:55:36'),(39,2,'user',4,'whmedia_project',48,'liked','{\"label\":\"project\"}',1,0,'2012-10-23 14:11:34'),(40,2,'user',4,'whmedia_project',48,'liked','{\"label\":\"project\"}',1,0,'2012-10-23 14:11:43'),(41,2,'user',4,'whmedia_project',4,'liked','{\"label\":\"project\"}',1,0,'2012-10-24 17:51:30'),(42,2,'user',4,'whmedia_project',4,'liked','{\"label\":\"project\"}',1,0,'2012-10-24 17:51:34'),(43,2,'user',4,'whmedia_project',50,'liked','{\"label\":\"project\"}',1,0,'2012-10-28 20:54:51'),(44,1,'user',3,'whmedia_project',5,'liked_commented','{\"label\":\"project\"}',1,0,'2012-10-30 15:28:58'),(45,3,'user',2,'whmedia_project',5,'commented','{\"label\":\"project\"}',1,0,'2012-10-30 15:29:57'),(46,1,'user',2,'whmedia_project',5,'liked_commented','{\"label\":\"project\"}',1,0,'2012-10-30 15:29:57'),(47,3,'user',1,'whmedia_project',5,'commented','{\"label\":\"project\"}',1,0,'2012-10-30 15:30:48'),(48,2,'user',1,'whmedia_project',5,'commented_commented','{\"label\":\"project\"}',1,0,'2012-10-30 15:30:48'),(49,2,'user',3,'whmedia_project',48,'commented','{\"label\":\"project\"}',1,0,'2012-10-30 16:44:41'),(50,1,'user',3,'whmedia_project',48,'liked_commented','{\"label\":\"project\"}',1,0,'2012-10-30 16:44:41'),(51,4,'user',3,'whmedia_project',48,'liked_commented','{\"label\":\"project\"}',0,0,'2012-10-30 16:44:41'),(52,3,'user',2,'whmedia_project',48,'commented_commented','{\"label\":\"project\"}',1,0,'2012-10-30 16:45:15'),(53,1,'user',2,'whmedia_project',48,'liked_commented','{\"label\":\"project\"}',1,0,'2012-10-30 16:45:15'),(54,4,'user',2,'whmedia_project',48,'liked_commented','{\"label\":\"project\"}',1,0,'2012-10-30 16:45:15'),(55,3,'user',2,'core_comment',4,'liked','{\"label\":\"comment\"}',1,0,'2012-10-30 16:45:16'),(56,3,'user',4,'whmedia_project',53,'liked','{\"label\":\"project\"}',1,0,'2012-10-30 17:09:49'),(57,2,'user',4,'whmedia_project',52,'liked','{\"label\":\"project\"}',1,0,'2012-10-30 17:09:52'),(58,2,'user',4,'whmedia_project',52,'liked','{\"label\":\"project\"}',1,0,'2012-10-30 17:09:56'),(59,3,'user',4,'whmedia_project',53,'commented','{\"label\":\"project\"}',1,0,'2012-11-02 23:48:12'),(60,2,'user',4,'whmedia_project',53,'liked_commented','{\"label\":\"project\"}',1,0,'2012-11-02 23:48:12'),(61,3,'user',4,'whmedia_project',53,'commented','{\"label\":\"project\"}',1,0,'2012-11-02 23:48:26'),(62,2,'user',4,'whmedia_project',53,'liked_commented','{\"label\":\"project\"}',1,0,'2012-11-02 23:48:26'),(63,3,'user',4,'whmedia_project',53,'commented','{\"label\":\"project\"}',1,0,'2012-11-02 23:48:46'),(64,2,'user',4,'whmedia_project',53,'liked_commented','{\"label\":\"project\"}',1,0,'2012-11-02 23:48:46'),(65,3,'user',4,'whmedia_project',53,'commented','{\"label\":\"project\"}',1,0,'2012-11-02 23:49:07'),(66,2,'user',4,'whmedia_project',53,'liked_commented','{\"label\":\"project\"}',1,0,'2012-11-02 23:49:07'),(67,3,'user',4,'whmedia_project',53,'commented','{\"label\":\"project\"}',1,0,'2012-11-02 23:49:20'),(68,2,'user',4,'whmedia_project',53,'liked_commented','{\"label\":\"project\"}',1,0,'2012-11-02 23:49:20'),(69,3,'user',4,'whmedia_project',53,'commented','{\"label\":\"project\"}',1,0,'2012-11-04 15:21:42'),(70,2,'user',4,'whmedia_project',53,'liked_commented','{\"label\":\"project\"}',1,0,'2012-11-04 15:21:43'),(71,4,'user',1,'whmedia_project',64,'liked','{\"label\":\"project\"}',0,0,'2012-11-05 14:20:05'),(72,1,'user',4,'whmedia_project',64,'liked_commented','{\"label\":\"project\"}',1,0,'2012-11-05 14:22:33'),(73,1,'user',4,'whmedia_project',1,'liked','{\"label\":\"project\"}',1,0,'2012-11-05 21:59:15'),(74,1,'user',4,'whmedia_project',1,'commented','{\"label\":\"project\"}',1,0,'2012-11-05 21:59:40'),(75,2,'user',4,'whmedia_project',1,'liked_commented','{\"label\":\"project\"}',1,0,'2012-11-05 21:59:40'),(76,3,'user',4,'whmedia_project',1,'liked_commented','{\"label\":\"project\"}',1,0,'2012-11-05 21:59:40'),(77,1,'user',4,'whmedia_project',64,'liked_commented','{\"label\":\"project\"}',1,0,'2012-11-06 02:04:18'),(78,2,'user',3,'whmedia_project',3,'commented','{\"label\":\"project\"}',1,0,'2012-11-07 07:55:52'),(79,3,'user',2,'whmedia_project',3,'commented_commented','{\"label\":\"project\"}',1,0,'2012-11-07 07:57:52'),(80,3,'user',4,'whmedia_project',5,'liked','{\"label\":\"project\"}',1,0,'2012-11-08 02:52:49'),(81,3,'user',4,'whmedia_project',5,'commented','{\"label\":\"project\"}',1,0,'2012-11-08 02:53:06'),(82,2,'user',4,'whmedia_project',5,'commented_commented','{\"label\":\"project\"}',1,0,'2012-11-08 02:53:06'),(83,1,'user',4,'whmedia_project',5,'commented_commented','{\"label\":\"project\"}',1,0,'2012-11-08 02:53:06'),(84,2,'user',4,'whmedia_project',50,'liked','{\"label\":\"project\"}',1,0,'2012-11-11 21:25:32'),(85,2,'user',4,'whmedia_project',50,'liked','{\"label\":\"project\"}',1,0,'2012-11-11 21:25:35'),(86,2,'user',4,'whmedia_project',47,'liked','{\"label\":\"project\"}',1,0,'2012-11-11 21:25:38'),(87,2,'user',3,'whmedia_project',48,'liked','{\"label\":\"project\"}',1,0,'2012-11-12 08:49:44'),(88,4,'user',3,'whmedia_project',63,'liked','{\"label\":\"project\"}',1,0,'2012-11-12 09:01:42'),(89,4,'user',3,'whmedia_media',100,'liked','{\"label\":\"media\"}',1,0,'2012-11-12 09:03:41'),(90,4,'user',3,'whmedia_project',69,'liked','{\"label\":\"project\"}',1,0,'2012-11-12 09:39:57'),(91,2,'user',4,'whmedia_project',51,'liked','{\"label\":\"project\"}',1,0,'2012-11-15 18:11:48'),(92,6,'user',3,'user',6,'whmedia_following',NULL,0,0,'2012-11-26 15:16:12'),(93,6,'user',3,'user',6,'whmedia_following',NULL,0,0,'2012-11-26 15:17:47'),(94,1,'user',3,'user',1,'whmedia_following',NULL,1,0,'2012-11-26 15:18:37'),(95,3,'user',2,'user',3,'whmedia_following',NULL,0,0,'2012-11-28 07:53:26'),(96,3,'user',2,'user',3,'whmedia_following',NULL,0,0,'2012-11-28 07:53:34'),(97,3,'user',2,'whmedia_media',16,'liked','{\"label\":\"media\"}',0,0,'2012-11-28 08:06:00'),(98,3,'user',4,'user',3,'whmedia_following',NULL,0,0,'2012-11-28 19:42:58'),(99,1,'user',4,'whmedia_project',64,'liked_commented','{\"label\":\"project\"}',0,0,'2012-11-28 19:55:39'),(100,1,'user',4,'whmedia_project',64,'liked_commented','{\"label\":\"project\"}',0,0,'2012-11-28 21:23:50'),(101,1,'user',4,'whmedia_project',64,'liked_commented','{\"label\":\"project\"}',0,0,'2012-11-28 21:23:57'),(102,1,'user',4,'whmedia_project',64,'liked_commented','{\"label\":\"project\"}',0,0,'2012-11-28 21:24:04'),(103,1,'user',4,'whmedia_project',64,'liked_commented','{\"label\":\"project\"}',0,0,'2012-11-28 21:24:14'),(104,1,'user',4,'whmedia_project',64,'liked_commented','{\"label\":\"project\"}',0,0,'2012-11-28 21:24:22'),(105,1,'user',4,'whmedia_project',64,'liked_commented','{\"label\":\"project\"}',0,0,'2012-11-28 21:24:33'),(106,1,'user',4,'whmedia_project',64,'liked_commented','{\"label\":\"project\"}',0,0,'2012-11-28 21:24:42'),(107,1,'user',4,'whmedia_project',64,'liked_commented','{\"label\":\"project\"}',0,0,'2012-11-28 21:24:50'),(108,1,'user',4,'whmedia_project',64,'liked_commented','{\"label\":\"project\"}',0,0,'2012-11-28 21:25:05'),(109,2,'user',4,'user',2,'whmedia_following',NULL,1,0,'2012-11-28 21:33:17'),(110,2,'user',4,'user',2,'whmedia_following',NULL,1,0,'2012-11-28 21:33:20'),(111,2,'user',4,'user',2,'whmedia_following',NULL,1,0,'2012-11-28 21:33:22'),(112,2,'user',4,'user',2,'whmedia_following',NULL,1,0,'2012-11-28 21:33:35'),(113,3,'user',4,'user',3,'whmedia_following',NULL,0,0,'2012-11-28 21:41:02'),(114,2,'user',4,'user',2,'whmedia_following',NULL,1,0,'2012-11-29 06:04:30'),(115,3,'user',4,'user',3,'whmedia_following',NULL,0,0,'2012-11-29 17:20:53'),(116,1,'user',4,'whmedia_project',25,'liked','{\"label\":\"project\"}',0,0,'2012-11-30 20:32:33'),(117,1,'user',4,'whmedia_project',25,'liked','{\"label\":\"project\"}',0,0,'2012-11-30 20:32:36'),(118,3,'user',7,'user',3,'whmedia_following',NULL,0,0,'2012-12-05 11:50:33'),(119,2,'user',7,'user',2,'whmedia_following',NULL,1,0,'2012-12-05 11:50:36'),(120,5,'user',7,'user',5,'whmedia_following',NULL,0,0,'2012-12-05 11:50:38'),(121,3,'user',8,'user',3,'whmedia_following',NULL,0,0,'2012-12-05 11:51:52'),(122,7,'user',8,'user',7,'whmedia_following',NULL,0,0,'2012-12-05 11:51:54'),(123,4,'user',8,'user',4,'whmedia_following',NULL,1,0,'2012-12-05 11:51:57'),(124,7,'user',9,'user',7,'whmedia_following',NULL,0,0,'2012-12-05 11:52:44'),(125,8,'user',10,'user',8,'whmedia_following',NULL,0,0,'2012-12-05 11:55:01'),(126,7,'user',10,'user',7,'whmedia_following',NULL,0,0,'2012-12-05 11:55:02'),(127,3,'user',11,'user',3,'whmedia_following',NULL,0,0,'2012-12-05 11:56:45'),(128,2,'user',11,'user',2,'whmedia_following',NULL,1,0,'2012-12-05 11:56:49'),(129,6,'user',11,'user',6,'whmedia_following',NULL,0,0,'2012-12-05 11:56:57'),(130,2,'user',12,'user',2,'whmedia_following',NULL,1,0,'2012-12-05 11:59:18'),(131,7,'user',12,'user',7,'whmedia_following',NULL,0,0,'2012-12-05 11:59:21'),(132,6,'user',1,'user',6,'whmedia_following',NULL,0,0,'2012-12-06 14:25:24'),(133,5,'user',1,'user',5,'whmedia_following',NULL,0,0,'2012-12-06 14:25:30'),(134,4,'user',1,'user',4,'whmedia_following',NULL,0,0,'2012-12-06 14:33:46'),(135,4,'user',1,'user',4,'whmedia_following',NULL,0,0,'2012-12-06 15:35:06'),(136,6,'user',1,'user',6,'whmedia_following',NULL,0,0,'2012-12-06 15:35:15'),(137,2,'user',1,'user',2,'whmedia_following',NULL,1,0,'2012-12-06 15:41:39'),(138,6,'user',1,'user',6,'whmedia_following',NULL,0,0,'2012-12-06 15:42:44'),(139,7,'user',1,'user',7,'whmedia_following',NULL,0,0,'2012-12-06 15:42:59'),(140,3,'user',1,'user',3,'whmedia_following',NULL,0,0,'2012-12-06 15:43:23'),(141,5,'user',1,'user',5,'whmedia_following',NULL,0,0,'2012-12-06 15:43:36'),(142,8,'user',1,'user',8,'whmedia_following',NULL,0,0,'2012-12-06 15:44:21'),(143,10,'user',1,'user',10,'whmedia_following',NULL,0,0,'2012-12-06 15:44:23'),(144,6,'user',4,'user',6,'whmedia_following',NULL,0,0,'2012-12-06 20:43:45'),(145,15,'user',13,'user',15,'whmedia_following',NULL,0,0,'2012-12-07 10:06:56'),(146,16,'user',13,'user',16,'whmedia_following',NULL,0,0,'2012-12-07 10:06:59'),(147,17,'user',13,'user',17,'whmedia_following',NULL,0,0,'2012-12-07 10:07:05'),(148,18,'user',13,'user',18,'whmedia_following',NULL,0,0,'2012-12-07 10:07:27'),(149,15,'user',14,'user',15,'whmedia_following',NULL,0,0,'2012-12-07 10:08:52'),(150,16,'user',14,'user',16,'whmedia_following',NULL,0,0,'2012-12-07 10:08:54'),(151,13,'user',19,'user',13,'whmedia_following',NULL,0,0,'2012-12-07 10:18:12'),(152,3,'user',4,'user',3,'whmedia_following',NULL,0,0,'2012-12-07 10:32:06'),(153,18,'user',4,'user',18,'whmedia_following',NULL,0,0,'2012-12-07 10:47:32'),(154,3,'user',4,'user',3,'whmedia_following',NULL,0,0,'2012-12-14 03:23:01'),(155,3,'user',4,'user',3,'friend_request',NULL,0,0,'2012-12-14 03:23:36'),(156,4,'user',1,'whmedia_project',70,'liked','{\"label\":\"project\"}',1,0,'2012-12-14 14:26:27'),(157,1,'user',4,'whmedia_project',71,'liked','{\"label\":\"project\"}',0,0,'2012-12-16 06:41:34'),(158,1,'user',4,'whmedia_project',71,'liked','{\"label\":\"project\"}',0,0,'2012-12-16 06:41:39'),(159,4,'user',2,'whmedia_project',64,'liked','{\"label\":\"project\"}',1,0,'2012-12-17 09:30:03'),(160,1,'user',4,'whmedia_project',10,'liked','{\"label\":\"project\"}',0,0,'2012-12-17 16:59:21'),(161,1,'user',4,'whmedia_project',7,'liked','{\"label\":\"project\"}',0,0,'2012-12-17 16:59:38'),(162,3,'user',1,'user',3,'whmedia_following',NULL,0,0,'2012-12-26 08:41:48'),(163,2,'user',1,'user',2,'whmedia_following',NULL,1,0,'2012-12-26 08:41:53'),(164,4,'user',15,'user',4,'whmedia_following',NULL,1,0,'2012-12-26 09:40:13'),(165,3,'user',2,'user',3,'whmedia_following',NULL,0,0,'2012-12-26 10:41:10'),(166,5,'user',2,'user',5,'whmedia_following',NULL,0,0,'2012-12-26 10:41:11'),(167,7,'user',2,'user',7,'whmedia_following',NULL,0,0,'2012-12-26 10:43:59'),(168,8,'user',2,'user',8,'whmedia_following',NULL,0,0,'2012-12-26 10:43:59'),(169,9,'user',2,'user',9,'whmedia_following',NULL,0,0,'2012-12-26 10:44:00'),(170,10,'user',2,'user',10,'whmedia_following',NULL,0,0,'2012-12-26 10:44:01'),(171,11,'user',2,'user',11,'whmedia_following',NULL,0,0,'2012-12-26 10:44:02'),(172,4,'user',2,'user',4,'whmedia_following',NULL,0,0,'2012-12-26 10:50:13'),(173,7,'user',4,'user',7,'whmedia_following',NULL,0,0,'2012-12-26 16:54:45'),(174,9,'user',1,'user',9,'whmedia_following',NULL,0,0,'2012-12-27 09:41:52'),(175,3,'user',1,'user',3,'whmedia_following',NULL,0,0,'2012-12-27 09:43:29'),(176,3,'user',1,'user',3,'whmedia_following',NULL,0,0,'2012-12-27 09:50:01'),(177,3,'user',1,'user',3,'whmedia_following',NULL,0,0,'2012-12-27 09:50:33'),(178,3,'user',1,'user',3,'whmedia_following',NULL,0,0,'2012-12-27 09:52:51'),(179,3,'user',1,'user',3,'whmedia_following',NULL,0,0,'2012-12-27 10:08:04'),(180,3,'user',1,'user',3,'whmedia_following',NULL,0,0,'2012-12-27 10:26:40'),(181,14,'user',4,'user',14,'whmedia_following',NULL,0,0,'2012-12-27 12:31:42'),(182,11,'user',4,'user',11,'whmedia_following',NULL,0,0,'2012-12-27 12:58:08'),(183,3,'user',1,'user',3,'whmedia_following',NULL,0,0,'2012-12-27 13:10:46'),(184,3,'user',1,'user',3,'whmedia_following',NULL,0,0,'2012-12-27 13:11:37'),(185,3,'user',1,'user',3,'whmedia_following',NULL,0,0,'2012-12-27 13:14:38'),(186,3,'user',1,'user',3,'whmedia_following',NULL,0,0,'2012-12-27 13:21:21'),(187,10,'user',1,'user',10,'whmedia_following',NULL,0,0,'2012-12-27 13:26:23'),(188,10,'user',1,'user',10,'whmedia_following',NULL,0,0,'2012-12-27 13:27:15'),(189,10,'user',1,'user',10,'whmedia_following',NULL,0,0,'2012-12-27 13:28:53'),(190,10,'user',1,'user',10,'whmedia_following',NULL,0,0,'2012-12-27 13:29:49'),(191,4,'user',1,'user',4,'whmedia_following',NULL,0,0,'2012-12-27 13:32:39'),(192,3,'user',1,'user',3,'whmedia_following',NULL,0,0,'2012-12-27 13:47:41'),(193,7,'user',1,'user',7,'whmedia_following',NULL,0,0,'2012-12-27 13:48:46'),(194,20,'user',1,'user',20,'whmedia_following',NULL,0,0,'2012-12-27 13:48:57'),(195,4,'user',1,'user',4,'whmedia_following',NULL,0,0,'2012-12-27 13:52:45'),(196,4,'user',1,'user',4,'whmedia_following',NULL,0,0,'2012-12-27 13:54:30'),(197,2,'user',1,'user',2,'whmedia_following',NULL,1,0,'2012-12-27 14:05:50'),(198,2,'user',1,'user',2,'whmedia_following',NULL,1,0,'2012-12-27 14:06:36'),(199,20,'user',4,'user',20,'whmedia_following',NULL,0,0,'2012-12-27 14:20:03'),(200,3,'user',2,'user',3,'whmedia_following',NULL,0,0,'2012-12-27 14:55:33'),(201,3,'user',2,'user',3,'whmedia_following',NULL,0,0,'2012-12-27 15:02:25'),(202,1,'user',2,'user',1,'whmedia_following',NULL,0,0,'2012-12-27 15:03:23'),(203,4,'user',2,'user',4,'whmedia_following',NULL,0,0,'2012-12-27 15:04:05'),(204,4,'user',2,'user',4,'whmedia_following',NULL,0,0,'2012-12-27 15:05:18'),(205,4,'user',2,'user',4,'whmedia_following',NULL,0,0,'2012-12-27 15:07:02'),(206,4,'user',2,'user',4,'whmedia_following',NULL,0,0,'2012-12-27 15:16:33'),(207,4,'user',2,'user',4,'whmedia_following',NULL,0,0,'2012-12-27 15:17:05'),(208,4,'user',2,'user',4,'whmedia_following',NULL,0,0,'2012-12-27 15:17:35'),(209,4,'user',2,'user',4,'whmedia_following',NULL,0,0,'2012-12-27 15:18:12'),(210,4,'user',2,'user',4,'whmedia_following',NULL,0,0,'2012-12-27 15:18:36'),(211,4,'user',2,'user',4,'whmedia_following',NULL,0,0,'2012-12-27 15:18:54'),(212,4,'user',2,'user',4,'whmedia_following',NULL,1,0,'2012-12-27 15:19:17'),(213,4,'user',2,'user',4,'whmedia_following',NULL,0,0,'2012-12-27 15:19:52'),(214,4,'user',2,'user',4,'whmedia_following',NULL,0,0,'2012-12-27 15:20:18'),(215,4,'user',2,'user',4,'whmedia_following',NULL,0,0,'2012-12-27 15:20:37'),(216,5,'user',2,'user',5,'whmedia_following',NULL,0,0,'2012-12-27 15:21:24'),(217,4,'user',2,'user',4,'whmedia_following',NULL,0,0,'2012-12-27 15:21:46'),(218,4,'user',2,'user',4,'whmedia_following',NULL,0,0,'2012-12-27 15:25:16'),(219,4,'user',2,'user',4,'whmedia_following',NULL,0,0,'2012-12-27 15:26:23'),(220,4,'user',2,'user',4,'whmedia_following',NULL,0,0,'2012-12-27 15:31:44'),(221,4,'user',2,'user',4,'whmedia_following',NULL,0,0,'2012-12-27 15:32:05'),(222,4,'user',2,'user',4,'whmedia_following',NULL,0,0,'2012-12-27 15:36:24'),(223,4,'user',2,'user',4,'whmedia_following',NULL,0,0,'2012-12-27 15:37:21'),(224,4,'user',2,'user',4,'whmedia_following',NULL,0,0,'2012-12-27 15:38:32'),(225,3,'user',2,'user',3,'whmedia_following',NULL,0,0,'2012-12-27 15:41:19'),(226,1,'user',2,'user',1,'whmedia_following',NULL,0,0,'2012-12-27 15:41:37'),(227,3,'user',2,'user',3,'whmedia_following',NULL,0,0,'2012-12-27 15:41:59'),(228,11,'user',2,'user',11,'whmedia_following',NULL,0,0,'2012-12-27 15:47:42'),(229,11,'user',2,'user',11,'whmedia_following',NULL,0,0,'2012-12-27 15:48:02'),(230,5,'user',2,'user',5,'whmedia_following',NULL,0,0,'2012-12-27 15:49:00'),(231,4,'user',2,'user',4,'whmedia_following',NULL,0,0,'2012-12-27 15:49:01'),(232,7,'user',2,'user',7,'whmedia_following',NULL,0,0,'2012-12-27 15:49:04'),(233,8,'user',2,'user',8,'whmedia_following',NULL,0,0,'2012-12-27 15:49:04'),(234,9,'user',2,'user',9,'whmedia_following',NULL,0,0,'2012-12-27 15:49:20'),(235,11,'user',2,'user',11,'whmedia_following',NULL,0,0,'2012-12-27 15:49:25'),(236,3,'user',2,'user',3,'whmedia_following',NULL,0,0,'2012-12-27 15:49:42'),(237,11,'user',2,'user',11,'whmedia_following',NULL,0,0,'2012-12-27 15:50:03'),(238,1,'user',2,'user',1,'whmedia_following',NULL,0,0,'2012-12-27 15:50:51'),(239,4,'user',2,'user',4,'whmedia_following',NULL,0,0,'2012-12-27 15:50:55'),(240,3,'user',2,'user',3,'whmedia_following',NULL,0,0,'2012-12-27 15:51:53'),(241,5,'user',2,'user',5,'whmedia_following',NULL,0,0,'2012-12-27 15:52:00'),(242,11,'user',1,'user',11,'whmedia_following',NULL,0,0,'2012-12-27 16:11:35'),(243,18,'user',1,'user',18,'whmedia_following',NULL,0,0,'2012-12-27 16:13:38'),(244,10,'user',2,'user',10,'whmedia_following',NULL,0,0,'2012-12-27 16:18:04'),(245,8,'user',2,'user',8,'whmedia_following',NULL,0,0,'2012-12-27 16:18:10'),(246,7,'user',2,'user',7,'whmedia_following',NULL,0,0,'2012-12-27 16:18:13'),(247,9,'user',2,'user',9,'whmedia_following',NULL,0,0,'2012-12-27 16:18:24'),(248,12,'user',2,'user',12,'whmedia_following',NULL,0,0,'2012-12-27 16:18:30'),(249,13,'user',2,'user',13,'whmedia_following',NULL,0,0,'2012-12-27 16:18:32'),(250,14,'user',2,'user',14,'whmedia_following',NULL,0,0,'2012-12-27 16:18:36'),(251,15,'user',2,'user',15,'whmedia_following',NULL,0,0,'2012-12-27 16:18:39'),(252,16,'user',2,'user',16,'whmedia_following',NULL,0,0,'2012-12-27 16:18:42'),(253,17,'user',2,'user',17,'whmedia_following',NULL,0,0,'2012-12-27 16:18:45'),(254,18,'user',2,'user',18,'whmedia_following',NULL,0,0,'2012-12-27 16:18:49'),(255,19,'user',2,'user',19,'whmedia_following',NULL,0,0,'2012-12-27 16:18:52'),(256,20,'user',2,'user',20,'whmedia_following',NULL,0,0,'2012-12-27 16:18:54'),(257,14,'user',1,'user',14,'whmedia_following',NULL,0,0,'2012-12-27 16:19:04'),(258,4,'user',1,'user',4,'whmedia_following',NULL,0,0,'2012-12-27 16:19:28'),(259,4,'user',1,'user',4,'whmedia_following',NULL,0,0,'2012-12-27 16:20:27'),(260,16,'user',1,'user',16,'whmedia_following',NULL,0,0,'2012-12-27 16:42:11'),(261,15,'user',1,'user',15,'whmedia_following',NULL,0,0,'2012-12-27 16:42:24'),(262,12,'user',1,'user',12,'whmedia_following',NULL,0,0,'2012-12-27 16:42:32'),(263,3,'user',1,'user',3,'whmedia_following',NULL,0,0,'2012-12-27 16:43:16'),(264,4,'user',1,'user',4,'whmedia_following',NULL,0,0,'2012-12-27 16:43:24'),(265,4,'user',1,'user',4,'whmedia_following',NULL,0,0,'2012-12-27 16:46:44'),(266,5,'user',1,'user',5,'whmedia_following',NULL,0,0,'2012-12-27 16:47:11'),(267,2,'user',1,'user',2,'whmedia_following',NULL,1,0,'2012-12-27 16:47:38'),(268,4,'user',1,'user',4,'whmedia_following',NULL,0,0,'2012-12-27 16:48:46'),(269,3,'user',1,'user',3,'whmedia_following',NULL,0,0,'2012-12-27 16:48:52'),(270,2,'user',1,'user',2,'whmedia_following',NULL,1,0,'2012-12-27 16:49:22'),(271,3,'user',1,'user',3,'whmedia_following',NULL,0,0,'2012-12-27 16:50:44'),(272,4,'user',1,'user',4,'whmedia_following',NULL,0,0,'2012-12-27 16:51:59'),(273,19,'user',4,'user',19,'whmedia_following',NULL,0,0,'2012-12-27 23:14:44'),(274,13,'user',4,'user',13,'whmedia_following',NULL,0,0,'2012-12-27 23:15:06'),(275,16,'user',4,'user',16,'whmedia_following',NULL,0,0,'2012-12-27 23:16:14'),(276,3,'user',4,'user',3,'whmedia_following',NULL,0,0,'2012-12-27 23:17:17'),(277,6,'user',2,'user',6,'whmedia_following',NULL,0,0,'2012-12-28 08:29:13'),(278,22,'user',2,'user',22,'whmedia_following',NULL,0,0,'2012-12-28 08:51:42'),(279,21,'user',2,'user',21,'whmedia_following',NULL,0,0,'2012-12-28 08:51:49'),(280,20,'user',2,'user',20,'whmedia_following',NULL,0,0,'2012-12-28 08:54:33'),(281,23,'user',2,'user',23,'whmedia_following',NULL,0,0,'2012-12-28 08:54:52'),(282,24,'user',2,'user',24,'whmedia_following',NULL,0,0,'2012-12-28 09:00:33'),(283,26,'user',2,'user',26,'whmedia_following',NULL,0,0,'2012-12-28 09:00:37'),(284,25,'user',2,'user',25,'whmedia_following',NULL,0,0,'2012-12-28 09:00:42'),(285,26,'user',4,'user',26,'whmedia_following',NULL,0,0,'2012-12-28 09:15:10'),(286,4,'user',1,'user',4,'whmedia_following',NULL,0,0,'2012-12-28 14:44:12'),(287,4,'user',1,'user',4,'whmedia_following',NULL,0,0,'2012-12-28 14:59:45'),(288,4,'user',1,'user',4,'whmedia_following',NULL,0,0,'2012-12-28 15:04:40'),(289,4,'user',1,'user',4,'whmedia_following',NULL,0,0,'2012-12-28 15:04:56'),(290,4,'user',1,'user',4,'whmedia_following',NULL,0,0,'2012-12-28 15:06:09'),(291,4,'user',1,'user',4,'whmedia_following',NULL,0,0,'2012-12-28 15:07:20'),(292,26,'user',1,'user',26,'whmedia_following',NULL,0,0,'2012-12-28 15:08:30'),(293,19,'user',1,'user',19,'whmedia_following',NULL,0,0,'2012-12-28 15:14:26'),(294,21,'user',1,'user',21,'whmedia_following',NULL,0,0,'2012-12-28 15:15:01'),(295,24,'user',1,'user',24,'whmedia_following',NULL,0,0,'2012-12-28 15:15:13'),(296,25,'user',1,'user',25,'whmedia_following',NULL,0,0,'2012-12-28 15:15:17'),(297,16,'user',1,'user',16,'whmedia_following',NULL,0,0,'2012-12-28 15:21:50'),(298,19,'user',1,'user',19,'whmedia_following',NULL,0,0,'2012-12-28 15:21:59'),(299,11,'user',1,'user',11,'whmedia_following',NULL,0,0,'2012-12-28 15:22:32'),(300,13,'user',1,'user',13,'whmedia_following',NULL,0,0,'2012-12-28 15:22:37'),(301,2,'user',1,'user',2,'whmedia_following',NULL,1,0,'2012-12-28 15:22:42'),(302,7,'user',1,'user',7,'whmedia_following',NULL,0,0,'2012-12-28 15:22:46'),(303,3,'user',1,'user',3,'whmedia_following',NULL,0,0,'2012-12-28 15:25:35'),(304,4,'user',1,'user',4,'whmedia_following',NULL,0,0,'2012-12-28 15:25:50'),(305,4,'user',1,'user',4,'whmedia_following',NULL,0,0,'2012-12-28 15:30:31'),(306,2,'user',1,'user',2,'whmedia_following',NULL,1,0,'2012-12-28 15:30:56'),(307,2,'user',1,'user',2,'whmedia_following',NULL,1,0,'2012-12-28 15:31:12'),(308,4,'user',1,'user',4,'whmedia_following',NULL,0,0,'2012-12-28 15:32:12'),(309,18,'user',1,'user',18,'whmedia_following',NULL,0,0,'2012-12-28 15:32:27'),(310,14,'user',1,'user',14,'whmedia_following',NULL,0,0,'2012-12-28 15:33:25'),(311,16,'user',1,'user',16,'whmedia_following',NULL,0,0,'2012-12-28 15:33:32'),(312,5,'user',1,'user',5,'whmedia_following',NULL,0,0,'2012-12-28 15:33:38'),(313,7,'user',1,'user',7,'whmedia_following',NULL,0,0,'2012-12-28 15:33:41'),(314,4,'user',1,'user',4,'whmedia_following',NULL,0,0,'2012-12-28 15:36:20'),(315,8,'user',1,'user',8,'whmedia_following',NULL,0,0,'2012-12-28 15:38:34'),(316,22,'user',4,'user',22,'whmedia_following',NULL,0,0,'2012-12-28 19:25:44'),(317,23,'user',4,'user',23,'whmedia_following',NULL,0,0,'2012-12-28 19:27:40'),(318,1,'user',4,'user',1,'whmedia_following',NULL,0,0,'2012-12-29 01:03:09'),(319,17,'user',4,'user',17,'whmedia_following',NULL,0,0,'2012-12-29 23:22:32'),(320,6,'user',1,'user',6,'whmedia_following',NULL,0,0,'2012-12-31 11:46:58'),(321,6,'user',1,'user',6,'whmedia_following',NULL,0,0,'2012-12-31 12:00:47'),(322,6,'user',1,'user',6,'whmedia_following',NULL,0,0,'2012-12-31 12:04:52'),(323,6,'user',1,'user',6,'whmedia_following',NULL,0,0,'2012-12-31 12:06:48'),(324,2,'user',1,'user',2,'whmedia_following',NULL,1,0,'2012-12-31 12:09:22'),(325,3,'user',2,'user',3,'whmedia_following',NULL,0,0,'2013-01-03 11:15:32'),(326,3,'user',2,'user',3,'whmedia_following',NULL,0,0,'2013-01-03 11:17:52'),(327,4,'user',2,'user',4,'whmedia_following',NULL,0,0,'2013-01-03 11:18:14'),(328,1,'user',2,'user',1,'whmedia_following',NULL,0,0,'2013-01-03 11:18:54'),(329,8,'user',2,'user',8,'whmedia_following',NULL,0,0,'2013-01-03 11:19:30'),(330,3,'user',2,'user',3,'whmedia_following',NULL,0,0,'2013-01-03 11:20:20'),(331,7,'user',2,'user',7,'whmedia_following',NULL,0,0,'2013-01-03 11:21:05'),(332,9,'user',2,'user',9,'whmedia_following',NULL,0,0,'2013-01-03 11:27:08'),(333,3,'user',2,'user',3,'whmedia_following',NULL,0,0,'2013-01-03 11:28:48'),(334,1,'user',2,'user',1,'whmedia_following',NULL,0,0,'2013-01-03 11:36:35'),(335,3,'user',2,'user',3,'whmedia_following',NULL,0,0,'2013-01-03 11:37:59'),(336,3,'user',2,'user',3,'whmedia_following',NULL,0,0,'2013-01-03 11:39:02'),(337,7,'user',2,'user',7,'whmedia_following',NULL,0,0,'2013-01-03 11:40:05'),(338,19,'user',2,'user',19,'whmedia_following',NULL,0,0,'2013-01-03 12:13:28'),(339,10,'user',4,'user',10,'whmedia_following',NULL,0,0,'2013-01-05 04:03:16'),(340,1,'user',4,'whmedia_project',64,'liked_commented','{\"label\":\"project\"}',0,0,'2013-01-07 01:38:42'),(341,2,'user',4,'whmedia_project',64,'liked_commented','{\"label\":\"project\"}',1,0,'2013-01-07 01:38:42'),(342,1,'user',4,'whmedia_project',64,'liked_commented','{\"label\":\"project\"}',0,0,'2013-01-07 01:40:18'),(343,2,'user',4,'whmedia_project',64,'liked_commented','{\"label\":\"project\"}',1,0,'2013-01-07 01:40:18'),(344,3,'user',1,'user',3,'whmedia_following',NULL,0,0,'2013-01-09 13:29:20'),(345,3,'user',2,'user',3,'friend_request',NULL,1,1,'2013-01-15 11:10:27'),(346,2,'user',3,'user',2,'friend_accepted',NULL,0,0,'2013-01-15 11:13:32'),(347,4,'user',2,'whmedia_project',64,'liked','{\"label\":\"project\"}',0,0,'2013-01-15 11:56:06'),(348,3,'user',2,'user',3,'whmedia_following',NULL,0,0,'2013-01-15 12:22:01'),(349,3,'user',4,'whmedia_project',53,'liked','{\"label\":\"project\"}',0,0,'2013-01-17 13:00:59'),(350,2,'user',4,'whmedia_project',50,'liked','{\"label\":\"project\"}',0,0,'2013-01-17 16:07:40'),(351,2,'user',4,'whmedia_project',50,'liked','{\"label\":\"project\"}',0,0,'2013-01-17 16:09:29'),(352,2,'user',4,'whmedia_project',64,'liked_commented','{\"label\":\"project\"}',0,0,'2013-01-17 17:30:48'),(353,21,'user',4,'user',21,'whmedia_following',NULL,0,0,'2013-01-17 20:51:15'),(354,1,'user',4,'whmedia_project',2,'liked','{\"label\":\"project\"}',0,0,'2013-01-18 15:23:23'),(355,21,'user',4,'user',21,'whmedia_following',NULL,0,0,'2013-01-20 04:24:43'),(356,3,'user',2,'user',3,'whmedia_following',NULL,0,0,'2013-01-22 08:44:21'),(357,4,'user',2,'user',4,'whmedia_following',NULL,0,0,'2013-01-22 08:58:46'),(358,4,'user',2,'user',4,'whmedia_following',NULL,0,0,'2013-01-22 08:59:07'),(359,4,'user',2,'user',4,'whmedia_following',NULL,0,0,'2013-01-22 09:06:19'),(360,4,'user',2,'user',4,'whmedia_following',NULL,0,0,'2013-01-22 09:07:47'),(361,4,'user',2,'user',4,'whmedia_following',NULL,0,0,'2013-01-22 09:07:51'),(362,4,'user',2,'user',4,'whmedia_following',NULL,0,0,'2013-01-22 09:09:54'),(363,4,'user',2,'whmedia_project',64,'liked','{\"label\":\"project\"}',0,0,'2013-01-22 09:18:24'),(364,4,'user',2,'whmedia_project',77,'liked','{\"label\":\"project\"}',1,0,'2013-01-22 12:17:11'),(365,3,'user',2,'user',3,'whmedia_following',NULL,0,0,'2013-01-23 08:14:54'),(366,1,'user',2,'user',1,'whmedia_following',NULL,0,0,'2013-01-23 08:56:19'),(367,4,'user',2,'user',4,'whmedia_following',NULL,0,0,'2013-01-23 08:56:23'),(368,5,'user',2,'user',5,'whmedia_following',NULL,0,0,'2013-01-23 08:56:27'),(369,7,'user',2,'user',7,'whmedia_following',NULL,0,0,'2013-01-23 08:56:31'),(370,8,'user',2,'user',8,'whmedia_following',NULL,0,0,'2013-01-23 08:56:34'),(371,9,'user',2,'user',9,'whmedia_following',NULL,0,0,'2013-01-23 08:56:37'),(372,10,'user',2,'user',10,'whmedia_following',NULL,0,0,'2013-01-23 08:56:40'),(373,11,'user',2,'user',11,'whmedia_following',NULL,0,0,'2013-01-23 08:56:42'),(374,22,'user',2,'user',22,'whmedia_following',NULL,0,0,'2013-01-23 08:57:00'),(375,23,'user',2,'user',23,'whmedia_following',NULL,0,0,'2013-01-23 08:57:03'),(376,26,'user',2,'user',26,'whmedia_following',NULL,0,0,'2013-01-23 08:57:07'),(377,27,'user',2,'user',27,'whmedia_following',NULL,0,0,'2013-01-23 09:07:47'),(378,3,'user',2,'user',3,'whmedia_following',NULL,0,0,'2013-01-23 09:09:34'),(379,1,'user',2,'user',1,'whmedia_following',NULL,0,0,'2013-01-23 09:09:37'),(380,4,'user',2,'user',4,'whmedia_following',NULL,0,0,'2013-01-23 09:09:39'),(381,27,'user',2,'user',27,'whmedia_following',NULL,0,0,'2013-01-23 09:09:42'),(382,18,'user',27,'user',18,'whmedia_following',NULL,0,0,'2013-01-23 09:13:06'),(383,19,'user',27,'user',19,'whmedia_following',NULL,0,0,'2013-01-23 09:13:06'),(384,20,'user',27,'user',20,'whmedia_following',NULL,0,0,'2013-01-23 09:13:07'),(385,3,'user',2,'user',3,'whmedia_following',NULL,0,0,'2013-01-23 09:13:50'),(386,2,'user',4,'whmedia_project',77,'liked_commented','{\"label\":\"project\"}',0,0,'2013-01-23 20:02:34'),(387,2,'user',4,'whmedia_project',50,'liked','{\"label\":\"project\"}',0,0,'2013-01-23 22:58:19'),(388,3,'user',4,'user',3,'whmedia_following',NULL,0,0,'2013-01-23 23:00:49'),(389,3,'user',4,'user',3,'whmedia_following',NULL,0,0,'2013-01-24 05:14:36'),(390,15,'user',4,'user',15,'whmedia_following',NULL,0,0,'2013-01-26 18:09:52'),(391,2,'user',4,'whmedia_project',49,'liked','{\"label\":\"project\"}',0,0,'2013-01-26 18:45:47'),(392,19,'user',4,'user',19,'whmedia_following',NULL,0,0,'2013-01-26 18:54:00'),(393,3,'user',4,'whmedia_project',53,'liked','{\"label\":\"project\"}',0,0,'2013-01-26 19:23:25'),(394,3,'user',4,'whmedia_project',53,'liked','{\"label\":\"project\"}',0,0,'2013-01-26 19:23:30'),(395,3,'user',4,'whmedia_project',53,'liked','{\"label\":\"project\"}',0,0,'2013-01-26 19:23:37'),(396,4,'user',1,'whmedia_project',64,'liked','{\"label\":\"project\"}',0,0,'2013-01-28 15:06:15'),(397,4,'user',1,'whmedia_project',64,'liked','{\"label\":\"project\"}',0,0,'2013-01-28 15:06:19'),(398,3,'user',1,'whmedia_project',53,'liked','{\"label\":\"project\"}',0,0,'2013-01-28 15:06:24'),(399,4,'user',1,'whmedia_project',77,'liked','{\"label\":\"project\"}',0,0,'2013-01-28 15:06:29'),(400,4,'user',1,'whmedia_project',77,'liked','{\"label\":\"project\"}',0,0,'2013-01-28 15:06:33'),(401,4,'user',1,'whmedia_project',77,'liked','{\"label\":\"project\"}',0,0,'2013-01-28 15:54:28'),(402,4,'user',1,'whmedia_project',77,'liked','{\"label\":\"project\"}',1,0,'2013-01-28 15:58:47'),(403,4,'user',1,'whmedia_project',77,'liked','{\"label\":\"project\"}',1,0,'2013-01-28 15:58:57'),(404,4,'user',1,'whmedia_project',64,'liked','{\"label\":\"project\"}',1,0,'2013-01-28 15:59:33'),(405,4,'user',1,'whmedia_project',64,'liked','{\"label\":\"project\"}',1,0,'2013-01-28 15:59:36'),(406,4,'user',1,'whmedia_project',64,'liked','{\"label\":\"project\"}',1,0,'2013-01-28 15:59:39'),(407,2,'user',1,'whmedia_project',48,'liked','{\"label\":\"project\"}',0,0,'2013-01-28 15:59:52'),(408,2,'user',1,'whmedia_project',47,'liked','{\"label\":\"project\"}',0,0,'2013-01-28 16:00:33'),(409,2,'user',1,'whmedia_project',46,'liked','{\"label\":\"project\"}',0,0,'2013-01-28 16:05:20'),(410,3,'user',1,'whmedia_project',53,'liked','{\"label\":\"project\"}',0,0,'2013-01-28 16:06:43'),(411,3,'user',1,'whmedia_project',53,'liked','{\"label\":\"project\"}',0,0,'2013-01-28 16:07:38'),(412,4,'user',2,'whmedia_project',77,'liked','{\"label\":\"project\"}',0,0,'2013-01-29 11:13:13'),(413,4,'user',2,'whmedia_project',77,'liked','{\"label\":\"project\"}',0,0,'2013-01-29 11:13:24'),(414,4,'user',2,'whmedia_project',77,'liked','{\"label\":\"project\"}',0,0,'2013-01-29 11:18:52'),(415,4,'user',2,'whmedia_project',77,'liked','{\"label\":\"project\"}',0,0,'2013-01-29 11:19:47'),(416,4,'user',2,'whmedia_project',77,'liked','{\"label\":\"project\"}',0,0,'2013-01-29 11:19:56'),(417,4,'user',2,'whmedia_project',77,'liked','{\"label\":\"project\"}',0,0,'2013-01-29 12:01:15'),(418,4,'user',2,'whmedia_project',77,'liked','{\"label\":\"project\"}',0,0,'2013-01-29 12:01:21'),(419,4,'user',2,'whmedia_project',77,'liked','{\"label\":\"project\"}',0,0,'2013-01-29 12:05:55'),(420,4,'user',2,'whmedia_project',77,'liked','{\"label\":\"project\"}',0,0,'2013-01-29 12:06:30'),(421,4,'user',2,'whmedia_project',77,'liked','{\"label\":\"project\"}',0,0,'2013-01-29 12:07:04'),(422,4,'user',2,'whmedia_project',77,'liked','{\"label\":\"project\"}',0,0,'2013-01-29 12:07:11'),(423,4,'user',2,'whmedia_project',77,'liked','{\"label\":\"project\"}',0,0,'2013-01-29 12:07:17'),(424,4,'user',2,'whmedia_project',77,'liked','{\"label\":\"project\"}',0,0,'2013-01-29 12:17:54'),(425,4,'user',2,'whmedia_project',77,'liked','{\"label\":\"project\"}',0,0,'2013-01-29 12:17:59'),(426,4,'user',2,'whmedia_project',77,'liked','{\"label\":\"project\"}',0,0,'2013-01-29 12:18:30'),(427,4,'user',2,'whmedia_project',77,'liked','{\"label\":\"project\"}',0,0,'2013-01-29 12:20:04'),(428,4,'user',2,'whmedia_project',77,'liked','{\"label\":\"project\"}',0,0,'2013-01-29 12:40:37'),(429,4,'user',2,'whmedia_project',77,'liked','{\"label\":\"project\"}',0,0,'2013-01-29 12:41:08'),(430,4,'user',2,'whmedia_project',77,'liked','{\"label\":\"project\"}',0,0,'2013-01-29 12:41:31'),(431,4,'user',2,'whmedia_project',85,'liked','{\"label\":\"project\"}',0,0,'2013-01-29 13:02:17'),(432,4,'user',2,'whmedia_project',85,'liked','{\"label\":\"project\"}',0,0,'2013-01-29 13:06:02'),(433,4,'user',2,'whmedia_project',85,'liked','{\"label\":\"project\"}',1,0,'2013-01-29 13:10:59'),(434,1,'user',4,'whmedia_project',77,'liked_commented','{\"label\":\"project\"}',0,0,'2013-01-29 23:06:10'),(435,1,'user',4,'whmedia_project',77,'liked_commented','{\"label\":\"project\"}',0,0,'2013-01-29 23:06:32'),(436,2,'user',4,'whmedia_project',49,'liked','{\"label\":\"project\"}',0,0,'2013-01-29 23:10:20'),(437,2,'user',4,'whmedia_project',49,'liked','{\"label\":\"project\"}',0,0,'2013-01-29 23:10:30'),(438,2,'user',4,'whmedia_project',49,'liked','{\"label\":\"project\"}',0,0,'2013-01-29 23:10:39'),(439,2,'user',4,'whmedia_project',46,'liked','{\"label\":\"project\"}',0,0,'2013-02-01 00:30:37');
/*!40000 ALTER TABLE `engine4_activity_notifications` ENABLE KEYS */;
UNLOCK TABLES;

--
-- Table structure for table `engine4_activity_notificationsettings`
--

DROP TABLE IF EXISTS `engine4_activity_notificationsettings`;
/*!40101 SET @saved_cs_client     = @@character_set_client */;
/*!40101 SET character_set_client = utf8 */;
CREATE TABLE `engine4_activity_notificationsettings` (
  `user_id` int(11) unsigned NOT NULL,
  `type` varchar(32) CHARACTER SET latin1 COLLATE latin1_general_ci NOT NULL,
  `email` tinyint(4) NOT NULL DEFAULT '1',
  PRIMARY KEY (`user_id`,`type`)
) ENGINE=InnoDB DEFAULT CHARSET=utf8 COLLATE=utf8_unicode_ci;
/*!40101 SET character_set_client = @saved_cs_client */;

--
-- Dumping data for table `engine4_activity_notificationsettings`
--

LOCK TABLES `engine4_activity_notificationsettings` WRITE;
/*!40000 ALTER TABLE `engine4_activity_notificationsettings` DISABLE KEYS */;
/*!40000 ALTER TABLE `engine4_activity_notificationsettings` ENABLE KEYS */;
UNLOCK TABLES;

--
-- Table structure for table `engine4_activity_notificationtypes`
--

DROP TABLE IF EXISTS `engine4_activity_notificationtypes`;
/*!40101 SET @saved_cs_client     = @@character_set_client */;
/*!40101 SET character_set_client = utf8 */;
CREATE TABLE `engine4_activity_notificationtypes` (
  `type` varchar(32) CHARACTER SET latin1 COLLATE latin1_general_ci NOT NULL,
  `module` varchar(32) CHARACTER SET latin1 COLLATE latin1_general_ci NOT NULL,
  `body` text COLLATE utf8_unicode_ci NOT NULL,
  `is_request` tinyint(1) NOT NULL DEFAULT '0',
  `handler` varchar(32) COLLATE utf8_unicode_ci NOT NULL DEFAULT '',
  `default` tinyint(4) NOT NULL DEFAULT '1',
  PRIMARY KEY (`type`)
) ENGINE=InnoDB DEFAULT CHARSET=utf8 COLLATE=utf8_unicode_ci;
/*!40101 SET character_set_client = @saved_cs_client */;

--
-- Dumping data for table `engine4_activity_notificationtypes`
--

LOCK TABLES `engine4_activity_notificationtypes` WRITE;
/*!40000 ALTER TABLE `engine4_activity_notificationtypes` DISABLE KEYS */;
INSERT INTO `engine4_activity_notificationtypes` VALUES ('commented','activity','{item:$subject} has commented on your {item:$object:$label}.',0,'',1),('commented_commented','activity','{item:$subject} has commented on a {item:$object:$label} you commented on.',0,'',1),('friend_accepted','user','You and {item:$subject} are now friends.',0,'',1),('friend_follow','user','{item:$subject} is now following you.',0,'',1),('friend_follow_accepted','user','You are now following {item:$subject}.',0,'',1),('friend_follow_request','user','{item:$subject} has requested to follow you.',1,'user.friends.request-follow',1),('friend_request','user','{item:$subject} has requested to be your friend.',1,'user.friends.request-friend',1),('liked','activity','{item:$subject} likes your {item:$object:$label}.',0,'',1),('liked_commented','activity','{item:$subject} has commented on a {item:$object:$label} you liked.',0,'',1),('message_new','messages','{item:$subject} has sent you a {item:$object:message}.',0,'',1),('post_user','user','{item:$subject} has posted on your {item:$object:profile}.',0,'',1),('tagged','user','{item:$subject} tagged you in a {item:$object:$label}.',0,'',1),('whmedia_following','whmedia','{item:$subject} is now following you.',0,'',1),('whmedia_processed_failed','whmedia','Your media file has failed to process in {item:$object:$label}.',0,'',1);
/*!40000 ALTER TABLE `engine4_activity_notificationtypes` ENABLE KEYS */;
UNLOCK TABLES;

--
-- Table structure for table `engine4_activity_stream`
--

DROP TABLE IF EXISTS `engine4_activity_stream`;
/*!40101 SET @saved_cs_client     = @@character_set_client */;
/*!40101 SET character_set_client = utf8 */;
CREATE TABLE `engine4_activity_stream` (
  `target_type` varchar(16) CHARACTER SET latin1 COLLATE latin1_general_ci NOT NULL,
  `target_id` int(11) unsigned NOT NULL,
  `subject_type` varchar(24) CHARACTER SET latin1 COLLATE latin1_general_ci NOT NULL,
  `subject_id` int(11) unsigned NOT NULL,
  `object_type` varchar(24) CHARACTER SET latin1 COLLATE latin1_general_ci NOT NULL,
  `object_id` int(11) unsigned NOT NULL,
  `type` varchar(32) CHARACTER SET latin1 COLLATE latin1_general_ci NOT NULL,
  `action_id` int(11) unsigned NOT NULL,
  PRIMARY KEY (`target_type`,`target_id`,`action_id`),
  KEY `SUBJECT` (`subject_type`,`subject_id`,`action_id`),
  KEY `OBJECT` (`object_type`,`object_id`,`action_id`)
) ENGINE=InnoDB DEFAULT CHARSET=utf8 COLLATE=utf8_unicode_ci;
/*!40101 SET character_set_client = @saved_cs_client */;

--
-- Dumping data for table `engine4_activity_stream`
--

LOCK TABLES `engine4_activity_stream` WRITE;
/*!40000 ALTER TABLE `engine4_activity_stream` DISABLE KEYS */;
INSERT INTO `engine4_activity_stream` VALUES ('everyone',0,'user',1,'whmedia_project',2,'whmedia_project_publish',1),('everyone',0,'user',1,'whmedia_project',1,'whmedia_project_publish',2),('everyone',0,'user',2,'user',2,'signup',3),('everyone',0,'user',2,'whmedia_project',3,'whmedia_project_publish',4),('everyone',0,'user',2,'whmedia_project',4,'whmedia_project_publish',5),('everyone',0,'user',3,'user',3,'signup',6),('everyone',0,'user',3,'whmedia_project',5,'whmedia_project_publish',7),('everyone',0,'user',1,'whmedia_project',6,'whmedia_project_publish',8),('everyone',0,'user',1,'whmedia_project',7,'whmedia_project_publish',9),('everyone',0,'user',1,'whmedia_project',8,'whmedia_project_publish',10),('everyone',0,'user',1,'whmedia_project',9,'whmedia_project_publish',11),('everyone',0,'user',1,'whmedia_project',10,'whmedia_project_publish',12),('everyone',0,'user',1,'whmedia_project',11,'whmedia_project_publish',13),('everyone',0,'user',1,'whmedia_project',12,'whmedia_project_publish',14),('everyone',0,'user',1,'whmedia_project',13,'whmedia_project_publish',15),('everyone',0,'user',1,'whmedia_project',14,'whmedia_project_publish',16),('everyone',0,'user',1,'whmedia_project',15,'whmedia_project_publish',17),('everyone',0,'user',1,'whmedia_project',16,'whmedia_project_publish',18),('everyone',0,'user',1,'whmedia_project',17,'whmedia_project_publish',19),('everyone',0,'user',1,'whmedia_project',18,'whmedia_project_publish',20),('everyone',0,'user',1,'whmedia_project',19,'whmedia_project_publish',21),('everyone',0,'user',1,'whmedia_project',20,'whmedia_project_publish',22),('everyone',0,'user',1,'whmedia_project',21,'whmedia_project_publish',23),('everyone',0,'user',1,'whmedia_project',22,'whmedia_project_publish',24),('everyone',0,'user',1,'whmedia_project',23,'whmedia_project_publish',25),('everyone',0,'user',1,'whmedia_project',24,'whmedia_project_publish',26),('everyone',0,'user',1,'whmedia_project',25,'whmedia_project_publish',27),('everyone',0,'user',1,'whmedia_project',25,'whmedia_media_new',28),('everyone',0,'user',1,'whmedia_project',26,'whmedia_project_publish',29),('everyone',0,'user',1,'whmedia_project',26,'whmedia_media_new',30),('everyone',0,'user',1,'whmedia_project',27,'whmedia_project_publish',31),('everyone',0,'user',1,'whmedia_project',28,'whmedia_project_publish',32),('everyone',0,'user',1,'whmedia_project',28,'whmedia_media_new',33),('everyone',0,'user',1,'whmedia_project',29,'whmedia_project_publish',34),('everyone',0,'user',1,'whmedia_project',29,'whmedia_media_new',35),('everyone',0,'user',1,'whmedia_project',30,'whmedia_project_publish',36),('everyone',0,'user',1,'whmedia_project',30,'whmedia_media_new',37),('everyone',0,'user',1,'whmedia_project',31,'whmedia_project_publish',38),('everyone',0,'user',1,'whmedia_project',31,'whmedia_media_new',39),('everyone',0,'user',1,'whmedia_project',32,'whmedia_project_publish',40),('everyone',0,'user',1,'whmedia_project',32,'whmedia_media_new',41),('everyone',0,'user',1,'whmedia_project',33,'whmedia_project_publish',42),('everyone',0,'user',1,'whmedia_project',34,'whmedia_project_publish',43),('everyone',0,'user',1,'whmedia_project',35,'whmedia_project_publish',44),('everyone',0,'user',1,'whmedia_project',36,'whmedia_project_publish',45),('everyone',0,'user',1,'whmedia_project',37,'whmedia_project_publish',46),('everyone',0,'user',1,'whmedia_project',38,'whmedia_project_publish',47),('everyone',0,'user',1,'whmedia_project',39,'whmedia_project_publish',48),('everyone',0,'user',1,'whmedia_project',40,'whmedia_project_publish',49),('everyone',0,'user',1,'whmedia_project',41,'whmedia_project_publish',50),('everyone',0,'user',1,'whmedia_project',42,'whmedia_project_publish',51),('everyone',0,'user',1,'whmedia_project',43,'whmedia_project_publish',52),('everyone',0,'user',1,'whmedia_project',44,'whmedia_project_publish',53),('everyone',0,'user',1,'user',1,'profile_photo_update',54),('everyone',0,'user',2,'whmedia_project',45,'whmedia_project_publish',55),('everyone',0,'user',2,'whmedia_project',46,'whmedia_project_publish',56),('everyone',0,'user',2,'whmedia_project',47,'whmedia_project_publish',57),('everyone',0,'user',2,'whmedia_project',48,'whmedia_project_publish',58),('everyone',0,'user',2,'whmedia_project',49,'whmedia_project_publish',59),('everyone',0,'user',2,'whmedia_project',50,'whmedia_project_publish',60),('everyone',0,'user',2,'whmedia_project',51,'whmedia_project_publish',61),('everyone',0,'user',2,'whmedia_project',52,'whmedia_project_publish',62),('everyone',0,'user',4,'user',4,'signup',63),('everyone',0,'user',3,'whmedia_project',53,'whmedia_project_publish',64),('everyone',0,'user',1,'user',1,'post_self',65),('everyone',0,'user',1,'user',1,'post_self',66),('everyone',0,'user',4,'whmedia_project',54,'whmedia_project_publish',67),('everyone',0,'user',4,'whmedia_project',55,'whmedia_project_publish',68),('everyone',0,'user',4,'whmedia_project',56,'whmedia_project_publish',69),('everyone',0,'user',4,'whmedia_project',57,'whmedia_project_publish',70),('everyone',0,'user',4,'whmedia_project',58,'whmedia_project_publish',71),('everyone',0,'user',4,'whmedia_project',59,'whmedia_project_publish',72),('everyone',0,'user',4,'whmedia_project',60,'whmedia_project_publish',73),('everyone',0,'user',3,'user',3,'status',74),('everyone',0,'user',5,'user',5,'signup',75),('everyone',0,'user',5,'user',5,'profile_photo_update',76),('everyone',0,'user',5,'user',5,'profile_photo_update',77),('everyone',0,'user',5,'user',5,'profile_photo_update',78),('everyone',0,'user',4,'whmedia_project',61,'whmedia_project_publish',79),('everyone',0,'user',4,'whmedia_project',62,'whmedia_project_publish',80),('everyone',0,'user',4,'whmedia_project',63,'whmedia_project_publish',81),('everyone',0,'user',4,'whmedia_project',64,'whmedia_project_publish',82),('everyone',0,'user',4,'whmedia_project',65,'whmedia_project_publish',83),('everyone',0,'user',1,'user',1,'status',84),('everyone',0,'user',4,'whmedia_project',66,'whmedia_project_publish',85),('everyone',0,'user',1,'whmedia_project',2,'whmedia_media_new',86),('everyone',0,'user',4,'whmedia_project',64,'whmedia_media_new',87),('everyone',0,'user',2,'user',2,'status',88),('everyone',0,'user',4,'user',4,'post_self',89),('everyone',0,'user',4,'user',4,'status',90),('everyone',0,'user',4,'whmedia_project',67,'whmedia_project_publish',91),('everyone',0,'user',4,'whmedia_project',68,'whmedia_project_publish',92),('everyone',0,'user',4,'whmedia_project',69,'whmedia_project_publish',93),('everyone',0,'user',2,'whmedia_project',48,'whmedia_media_new',94),('everyone',0,'user',3,'user',3,'profile_photo_update',97),('everyone',0,'user',6,'user',6,'signup',98),('everyone',0,'user',3,'user',3,'profile_photo_update',99),('everyone',0,'user',4,'user',4,'profile_photo_update',100),('everyone',0,'user',1,'whmedia_project',32,'whmedia_media_new',101),('everyone',0,'user',7,'user',7,'signup',102),('everyone',0,'user',8,'user',8,'signup',103),('everyone',0,'user',9,'user',9,'signup',104),('everyone',0,'user',10,'user',10,'signup',105),('everyone',0,'user',11,'user',11,'signup',106),('everyone',0,'user',12,'user',12,'signup',107),('everyone',0,'user',4,'whmedia_project',70,'whmedia_project_publish',108),('everyone',0,'user',13,'user',13,'signup',109),('everyone',0,'user',14,'user',14,'signup',110),('everyone',0,'user',15,'user',15,'signup',111),('everyone',0,'user',16,'user',16,'signup',112),('everyone',0,'user',17,'user',17,'signup',113),('everyone',0,'user',18,'user',18,'signup',114),('everyone',0,'user',19,'user',19,'signup',115),('everyone',0,'user',20,'user',20,'signup',116),('everyone',0,'user',1,'whmedia_project',71,'whmedia_project_publish',117),('everyone',0,'user',7,'user',7,'profile_photo_update',118),('everyone',0,'user',8,'user',8,'profile_photo_update',119),('everyone',0,'user',9,'user',9,'profile_photo_update',120),('everyone',0,'user',10,'user',10,'profile_photo_update',121),('everyone',0,'user',11,'user',11,'profile_photo_update',122),('everyone',0,'user',12,'user',12,'profile_photo_update',123),('everyone',0,'user',21,'user',21,'signup',124),('everyone',0,'user',22,'user',22,'signup',125),('everyone',0,'user',23,'user',23,'signup',126),('everyone',0,'user',24,'user',24,'signup',127),('everyone',0,'user',25,'user',25,'signup',128),('everyone',0,'user',26,'user',26,'signup',129),('everyone',0,'user',26,'user',26,'profile_photo_update',130),('everyone',0,'user',1,'whmedia_project',71,'whmedia_media_new',131),('everyone',0,'user',1,'whmedia_project',71,'whmedia_media_new',132),('everyone',0,'user',2,'whmedia_project',52,'whmedia_media_new',133),('everyone',0,'user',4,'whmedia_project',74,'whmedia_project_publish',134),('everyone',0,'user',4,'whmedia_project',74,'whmedia_media_new',135),('everyone',0,'user',2,'user',3,'friends',136),('everyone',0,'user',3,'user',2,'friends',137),('everyone',0,'user',2,'user',2,'status',138),('everyone',0,'user',4,'whmedia_project',75,'whmedia_project_publish',139),('everyone',0,'user',4,'whmedia_project',76,'whmedia_project_publish',140),('everyone',0,'user',4,'whmedia_project',77,'whmedia_project_publish',141),('everyone',0,'user',4,'whmedia_project',78,'whmedia_project_publish',142),('everyone',0,'user',4,'whmedia_project',79,'whmedia_project_publish',143),('everyone',0,'user',4,'whmedia_project',80,'whmedia_project_publish',144),('everyone',0,'user',4,'whmedia_project',81,'whmedia_project_publish',145),('everyone',0,'user',4,'whmedia_project',82,'whmedia_project_publish',146),('everyone',0,'user',4,'whmedia_project',82,'whmedia_media_new',147),('everyone',0,'user',4,'whmedia_project',83,'whmedia_project_publish',148),('everyone',0,'user',27,'user',27,'signup',149),('everyone',0,'user',4,'whmedia_project',84,'whmedia_project_publish',150),('everyone',0,'user',4,'whmedia_project',85,'whmedia_project_publish',151),('everyone',0,'user',28,'user',28,'signup',152),('members',1,'user',1,'whmedia_project',2,'whmedia_project_publish',1),('members',1,'user',1,'whmedia_project',1,'whmedia_project_publish',2),('members',1,'user',1,'whmedia_project',6,'whmedia_project_publish',8),('members',1,'user',1,'whmedia_project',7,'whmedia_project_publish',9),('members',1,'user',1,'whmedia_project',8,'whmedia_project_publish',10),('members',1,'user',1,'whmedia_project',9,'whmedia_project_publish',11),('members',1,'user',1,'whmedia_project',10,'whmedia_project_publish',12),('members',1,'user',1,'whmedia_project',11,'whmedia_project_publish',13),('members',1,'user',1,'whmedia_project',12,'whmedia_project_publish',14),('members',1,'user',1,'whmedia_project',13,'whmedia_project_publish',15),('members',1,'user',1,'whmedia_project',14,'whmedia_project_publish',16),('members',1,'user',1,'whmedia_project',15,'whmedia_project_publish',17),('members',1,'user',1,'whmedia_project',16,'whmedia_project_publish',18),('members',1,'user',1,'whmedia_project',17,'whmedia_project_publish',19),('members',1,'user',1,'whmedia_project',18,'whmedia_project_publish',20),('members',1,'user',1,'whmedia_project',19,'whmedia_project_publish',21),('members',1,'user',1,'whmedia_project',20,'whmedia_project_publish',22),('members',1,'user',1,'whmedia_project',21,'whmedia_project_publish',23),('members',1,'user',1,'whmedia_project',22,'whmedia_project_publish',24),('members',1,'user',1,'whmedia_project',23,'whmedia_project_publish',25),('members',1,'user',1,'whmedia_project',24,'whmedia_project_publish',26),('members',1,'user',1,'whmedia_project',25,'whmedia_project_publish',27),('members',1,'user',1,'whmedia_project',25,'whmedia_media_new',28),('members',1,'user',1,'whmedia_project',26,'whmedia_project_publish',29),('members',1,'user',1,'whmedia_project',26,'whmedia_media_new',30),('members',1,'user',1,'whmedia_project',27,'whmedia_project_publish',31),('members',1,'user',1,'whmedia_project',28,'whmedia_project_publish',32),('members',1,'user',1,'whmedia_project',28,'whmedia_media_new',33),('members',1,'user',1,'whmedia_project',29,'whmedia_project_publish',34),('members',1,'user',1,'whmedia_project',29,'whmedia_media_new',35),('members',1,'user',1,'whmedia_project',30,'whmedia_project_publish',36),('members',1,'user',1,'whmedia_project',30,'whmedia_media_new',37),('members',1,'user',1,'whmedia_project',31,'whmedia_project_publish',38),('members',1,'user',1,'whmedia_project',31,'whmedia_media_new',39),('members',1,'user',1,'whmedia_project',32,'whmedia_project_publish',40),('members',1,'user',1,'whmedia_project',32,'whmedia_media_new',41),('members',1,'user',1,'whmedia_project',33,'whmedia_project_publish',42),('members',1,'user',1,'whmedia_project',34,'whmedia_project_publish',43),('members',1,'user',1,'whmedia_project',35,'whmedia_project_publish',44),('members',1,'user',1,'whmedia_project',36,'whmedia_project_publish',45),('members',1,'user',1,'whmedia_project',37,'whmedia_project_publish',46),('members',1,'user',1,'whmedia_project',38,'whmedia_project_publish',47),('members',1,'user',1,'whmedia_project',39,'whmedia_project_publish',48),('members',1,'user',1,'whmedia_project',40,'whmedia_project_publish',49),('members',1,'user',1,'whmedia_project',41,'whmedia_project_publish',50),('members',1,'user',1,'whmedia_project',42,'whmedia_project_publish',51),('members',1,'user',1,'whmedia_project',43,'whmedia_project_publish',52),('members',1,'user',1,'whmedia_project',44,'whmedia_project_publish',53),('members',1,'user',1,'user',1,'profile_photo_update',54),('members',1,'user',1,'user',1,'post_self',65),('members',1,'user',1,'user',1,'post_self',66),('members',1,'user',1,'user',1,'status',84),('members',1,'user',1,'whmedia_project',2,'whmedia_media_new',86),('members',1,'user',1,'whmedia_project',32,'whmedia_media_new',101),('members',1,'user',1,'whmedia_project',71,'whmedia_project_publish',117),('members',1,'user',1,'whmedia_project',71,'whmedia_media_new',131),('members',1,'user',1,'whmedia_project',71,'whmedia_media_new',132),('members',2,'user',2,'user',2,'signup',3),('members',2,'user',2,'whmedia_project',3,'whmedia_project_publish',4),('members',2,'user',2,'whmedia_project',4,'whmedia_project_publish',5),('members',2,'user',2,'whmedia_project',45,'whmedia_project_publish',55),('members',2,'user',2,'whmedia_project',46,'whmedia_project_publish',56),('members',2,'user',2,'whmedia_project',47,'whmedia_project_publish',57),('members',2,'user',2,'whmedia_project',48,'whmedia_project_publish',58),('members',2,'user',2,'whmedia_project',49,'whmedia_project_publish',59),('members',2,'user',2,'whmedia_project',50,'whmedia_project_publish',60),('members',2,'user',2,'whmedia_project',51,'whmedia_project_publish',61),('members',2,'user',2,'whmedia_project',52,'whmedia_project_publish',62),('members',2,'user',2,'user',2,'status',88),('members',2,'user',2,'whmedia_project',48,'whmedia_media_new',94),('members',2,'user',2,'whmedia_project',52,'whmedia_media_new',133),('members',2,'user',3,'user',2,'friends',137),('members',2,'user',2,'user',2,'status',138),('members',3,'user',3,'user',3,'signup',6),('members',3,'user',3,'whmedia_project',5,'whmedia_project_publish',7),('members',3,'user',3,'whmedia_project',53,'whmedia_project_publish',64),('members',3,'user',3,'user',3,'status',74),('members',3,'user',3,'user',3,'profile_photo_update',97),('members',3,'user',3,'user',3,'profile_photo_update',99),('members',3,'user',2,'user',3,'friends',136),('members',4,'user',4,'user',4,'signup',63),('members',4,'user',4,'whmedia_project',54,'whmedia_project_publish',67),('members',4,'user',4,'whmedia_project',55,'whmedia_project_publish',68),('members',4,'user',4,'whmedia_project',56,'whmedia_project_publish',69),('members',4,'user',4,'whmedia_project',57,'whmedia_project_publish',70),('members',4,'user',4,'whmedia_project',58,'whmedia_project_publish',71),('members',4,'user',4,'whmedia_project',59,'whmedia_project_publish',72),('members',4,'user',4,'whmedia_project',60,'whmedia_project_publish',73),('members',4,'user',4,'whmedia_project',61,'whmedia_project_publish',79),('members',4,'user',4,'whmedia_project',62,'whmedia_project_publish',80),('members',4,'user',4,'whmedia_project',63,'whmedia_project_publish',81),('members',4,'user',4,'whmedia_project',64,'whmedia_project_publish',82),('members',4,'user',4,'whmedia_project',65,'whmedia_project_publish',83),('members',4,'user',4,'whmedia_project',66,'whmedia_project_publish',85),('members',4,'user',4,'whmedia_project',64,'whmedia_media_new',87),('members',4,'user',4,'user',4,'post_self',89),('members',4,'user',4,'user',4,'status',90),('members',4,'user',4,'whmedia_project',67,'whmedia_project_publish',91),('members',4,'user',4,'whmedia_project',68,'whmedia_project_publish',92),('members',4,'user',4,'whmedia_project',69,'whmedia_project_publish',93),('members',4,'user',4,'user',4,'profile_photo_update',100),('members',4,'user',4,'whmedia_project',70,'whmedia_project_publish',108),('members',4,'user',4,'whmedia_project',74,'whmedia_project_publish',134),('members',4,'user',4,'whmedia_project',74,'whmedia_media_new',135),('members',4,'user',4,'whmedia_project',75,'whmedia_project_publish',139),('members',4,'user',4,'whmedia_project',76,'whmedia_project_publish',140),('members',4,'user',4,'whmedia_project',77,'whmedia_project_publish',141),('members',4,'user',4,'whmedia_project',78,'whmedia_project_publish',142),('members',4,'user',4,'whmedia_project',79,'whmedia_project_publish',143),('members',4,'user',4,'whmedia_project',80,'whmedia_project_publish',144),('members',4,'user',4,'whmedia_project',81,'whmedia_project_publish',145),('members',4,'user',4,'whmedia_project',82,'whmedia_project_publish',146),('members',4,'user',4,'whmedia_project',82,'whmedia_media_new',147),('members',4,'user',4,'whmedia_project',83,'whmedia_project_publish',148),('members',4,'user',4,'whmedia_project',84,'whmedia_project_publish',150),('members',4,'user',4,'whmedia_project',85,'whmedia_project_publish',151),('members',5,'user',5,'user',5,'signup',75),('members',5,'user',5,'user',5,'profile_photo_update',76),('members',5,'user',5,'user',5,'profile_photo_update',77),('members',5,'user',5,'user',5,'profile_photo_update',78),('members',6,'user',6,'user',6,'signup',98),('members',7,'user',7,'user',7,'signup',102),('members',7,'user',7,'user',7,'profile_photo_update',118),('members',8,'user',8,'user',8,'signup',103),('members',8,'user',8,'user',8,'profile_photo_update',119),('members',9,'user',9,'user',9,'signup',104),('members',9,'user',9,'user',9,'profile_photo_update',120),('members',10,'user',10,'user',10,'signup',105),('members',10,'user',10,'user',10,'profile_photo_update',121),('members',11,'user',11,'user',11,'signup',106),('members',11,'user',11,'user',11,'profile_photo_update',122),('members',12,'user',12,'user',12,'signup',107),('members',12,'user',12,'user',12,'profile_photo_update',123),('members',13,'user',13,'user',13,'signup',109),('members',14,'user',14,'user',14,'signup',110),('members',15,'user',15,'user',15,'signup',111),('members',16,'user',16,'user',16,'signup',112),('members',17,'user',17,'user',17,'signup',113),('members',18,'user',18,'user',18,'signup',114),('members',19,'user',19,'user',19,'signup',115),('members',20,'user',20,'user',20,'signup',116),('members',21,'user',21,'user',21,'signup',124),('members',22,'user',22,'user',22,'signup',125),('members',23,'user',23,'user',23,'signup',126),('members',24,'user',24,'user',24,'signup',127),('members',25,'user',25,'user',25,'signup',128),('members',26,'user',26,'user',26,'signup',129),('members',26,'user',26,'user',26,'profile_photo_update',130),('members',27,'user',27,'user',27,'signup',149),('members',28,'user',28,'user',28,'signup',152),('owner',1,'user',1,'whmedia_project',2,'whmedia_project_publish',1),('owner',1,'user',1,'whmedia_project',1,'whmedia_project_publish',2),('owner',1,'user',1,'whmedia_project',6,'whmedia_project_publish',8),('owner',1,'user',1,'whmedia_project',7,'whmedia_project_publish',9),('owner',1,'user',1,'whmedia_project',8,'whmedia_project_publish',10),('owner',1,'user',1,'whmedia_project',9,'whmedia_project_publish',11),('owner',1,'user',1,'whmedia_project',10,'whmedia_project_publish',12),('owner',1,'user',1,'whmedia_project',11,'whmedia_project_publish',13),('owner',1,'user',1,'whmedia_project',12,'whmedia_project_publish',14),('owner',1,'user',1,'whmedia_project',13,'whmedia_project_publish',15),('owner',1,'user',1,'whmedia_project',14,'whmedia_project_publish',16),('owner',1,'user',1,'whmedia_project',15,'whmedia_project_publish',17),('owner',1,'user',1,'whmedia_project',16,'whmedia_project_publish',18),('owner',1,'user',1,'whmedia_project',17,'whmedia_project_publish',19),('owner',1,'user',1,'whmedia_project',18,'whmedia_project_publish',20),('owner',1,'user',1,'whmedia_project',19,'whmedia_project_publish',21),('owner',1,'user',1,'whmedia_project',20,'whmedia_project_publish',22),('owner',1,'user',1,'whmedia_project',21,'whmedia_project_publish',23),('owner',1,'user',1,'whmedia_project',22,'whmedia_project_publish',24),('owner',1,'user',1,'whmedia_project',23,'whmedia_project_publish',25),('owner',1,'user',1,'whmedia_project',24,'whmedia_project_publish',26),('owner',1,'user',1,'whmedia_project',25,'whmedia_project_publish',27),('owner',1,'user',1,'whmedia_project',25,'whmedia_media_new',28),('owner',1,'user',1,'whmedia_project',26,'whmedia_project_publish',29),('owner',1,'user',1,'whmedia_project',26,'whmedia_media_new',30),('owner',1,'user',1,'whmedia_project',27,'whmedia_project_publish',31),('owner',1,'user',1,'whmedia_project',28,'whmedia_project_publish',32),('owner',1,'user',1,'whmedia_project',28,'whmedia_media_new',33),('owner',1,'user',1,'whmedia_project',29,'whmedia_project_publish',34),('owner',1,'user',1,'whmedia_project',29,'whmedia_media_new',35),('owner',1,'user',1,'whmedia_project',30,'whmedia_project_publish',36),('owner',1,'user',1,'whmedia_project',30,'whmedia_media_new',37),('owner',1,'user',1,'whmedia_project',31,'whmedia_project_publish',38),('owner',1,'user',1,'whmedia_project',31,'whmedia_media_new',39),('owner',1,'user',1,'whmedia_project',32,'whmedia_project_publish',40),('owner',1,'user',1,'whmedia_project',32,'whmedia_media_new',41),('owner',1,'user',1,'whmedia_project',33,'whmedia_project_publish',42),('owner',1,'user',1,'whmedia_project',34,'whmedia_project_publish',43),('owner',1,'user',1,'whmedia_project',35,'whmedia_project_publish',44),('owner',1,'user',1,'whmedia_project',36,'whmedia_project_publish',45),('owner',1,'user',1,'whmedia_project',37,'whmedia_project_publish',46),('owner',1,'user',1,'whmedia_project',38,'whmedia_project_publish',47),('owner',1,'user',1,'whmedia_project',39,'whmedia_project_publish',48),('owner',1,'user',1,'whmedia_project',40,'whmedia_project_publish',49),('owner',1,'user',1,'whmedia_project',41,'whmedia_project_publish',50),('owner',1,'user',1,'whmedia_project',42,'whmedia_project_publish',51),('owner',1,'user',1,'whmedia_project',43,'whmedia_project_publish',52),('owner',1,'user',1,'whmedia_project',44,'whmedia_project_publish',53),('owner',1,'user',1,'user',1,'profile_photo_update',54),('owner',1,'user',1,'user',1,'post_self',65),('owner',1,'user',1,'user',1,'post_self',66),('owner',1,'user',1,'user',1,'status',84),('owner',1,'user',1,'whmedia_project',2,'whmedia_media_new',86),('owner',1,'user',1,'whmedia_project',32,'whmedia_media_new',101),('owner',1,'user',1,'whmedia_project',71,'whmedia_project_publish',117),('owner',1,'user',1,'whmedia_project',71,'whmedia_media_new',131),('owner',1,'user',1,'whmedia_project',71,'whmedia_media_new',132),('owner',2,'user',2,'user',2,'signup',3),('owner',2,'user',2,'whmedia_project',3,'whmedia_project_publish',4),('owner',2,'user',2,'whmedia_project',4,'whmedia_project_publish',5),('owner',2,'user',2,'whmedia_project',45,'whmedia_project_publish',55),('owner',2,'user',2,'whmedia_project',46,'whmedia_project_publish',56),('owner',2,'user',2,'whmedia_project',47,'whmedia_project_publish',57),('owner',2,'user',2,'whmedia_project',48,'whmedia_project_publish',58),('owner',2,'user',2,'whmedia_project',49,'whmedia_project_publish',59),('owner',2,'user',2,'whmedia_project',50,'whmedia_project_publish',60),('owner',2,'user',2,'whmedia_project',51,'whmedia_project_publish',61),('owner',2,'user',2,'whmedia_project',52,'whmedia_project_publish',62),('owner',2,'user',2,'user',2,'status',88),('owner',2,'user',2,'whmedia_project',48,'whmedia_media_new',94),('owner',2,'user',2,'whmedia_project',52,'whmedia_media_new',133),('owner',2,'user',2,'user',3,'friends',136),('owner',2,'user',2,'user',2,'status',138),('owner',3,'user',3,'user',3,'signup',6),('owner',3,'user',3,'whmedia_project',5,'whmedia_project_publish',7),('owner',3,'user',3,'whmedia_project',53,'whmedia_project_publish',64),('owner',3,'user',3,'user',3,'status',74),('owner',3,'user',3,'user',3,'profile_photo_update',97),('owner',3,'user',3,'user',3,'profile_photo_update',99),('owner',3,'user',3,'user',2,'friends',137),('owner',4,'user',4,'user',4,'signup',63),('owner',4,'user',4,'whmedia_project',54,'whmedia_project_publish',67),('owner',4,'user',4,'whmedia_project',55,'whmedia_project_publish',68),('owner',4,'user',4,'whmedia_project',56,'whmedia_project_publish',69),('owner',4,'user',4,'whmedia_project',57,'whmedia_project_publish',70),('owner',4,'user',4,'whmedia_project',58,'whmedia_project_publish',71),('owner',4,'user',4,'whmedia_project',59,'whmedia_project_publish',72),('owner',4,'user',4,'whmedia_project',60,'whmedia_project_publish',73),('owner',4,'user',4,'whmedia_project',61,'whmedia_project_publish',79),('owner',4,'user',4,'whmedia_project',62,'whmedia_project_publish',80),('owner',4,'user',4,'whmedia_project',63,'whmedia_project_publish',81),('owner',4,'user',4,'whmedia_project',64,'whmedia_project_publish',82),('owner',4,'user',4,'whmedia_project',65,'whmedia_project_publish',83),('owner',4,'user',4,'whmedia_project',66,'whmedia_project_publish',85),('owner',4,'user',4,'whmedia_project',64,'whmedia_media_new',87),('owner',4,'user',4,'user',4,'post_self',89),('owner',4,'user',4,'user',4,'status',90),('owner',4,'user',4,'whmedia_project',67,'whmedia_project_publish',91),('owner',4,'user',4,'whmedia_project',68,'whmedia_project_publish',92),('owner',4,'user',4,'whmedia_project',69,'whmedia_project_publish',93),('owner',4,'user',4,'user',4,'profile_photo_update',100),('owner',4,'user',4,'whmedia_project',70,'whmedia_project_publish',108),('owner',4,'user',4,'whmedia_project',74,'whmedia_project_publish',134),('owner',4,'user',4,'whmedia_project',74,'whmedia_media_new',135),('owner',4,'user',4,'whmedia_project',75,'whmedia_project_publish',139),('owner',4,'user',4,'whmedia_project',76,'whmedia_project_publish',140),('owner',4,'user',4,'whmedia_project',77,'whmedia_project_publish',141),('owner',4,'user',4,'whmedia_project',78,'whmedia_project_publish',142),('owner',4,'user',4,'whmedia_project',79,'whmedia_project_publish',143),('owner',4,'user',4,'whmedia_project',80,'whmedia_project_publish',144),('owner',4,'user',4,'whmedia_project',81,'whmedia_project_publish',145),('owner',4,'user',4,'whmedia_project',82,'whmedia_project_publish',146),('owner',4,'user',4,'whmedia_project',82,'whmedia_media_new',147),('owner',4,'user',4,'whmedia_project',83,'whmedia_project_publish',148),('owner',4,'user',4,'whmedia_project',84,'whmedia_project_publish',150),('owner',4,'user',4,'whmedia_project',85,'whmedia_project_publish',151),('owner',5,'user',5,'user',5,'signup',75),('owner',5,'user',5,'user',5,'profile_photo_update',76),('owner',5,'user',5,'user',5,'profile_photo_update',77),('owner',5,'user',5,'user',5,'profile_photo_update',78),('owner',6,'user',6,'user',6,'signup',98),('owner',7,'user',7,'user',7,'signup',102),('owner',7,'user',7,'user',7,'profile_photo_update',118),('owner',8,'user',8,'user',8,'signup',103),('owner',8,'user',8,'user',8,'profile_photo_update',119),('owner',9,'user',9,'user',9,'signup',104),('owner',9,'user',9,'user',9,'profile_photo_update',120),('owner',10,'user',10,'user',10,'signup',105),('owner',10,'user',10,'user',10,'profile_photo_update',121),('owner',11,'user',11,'user',11,'signup',106),('owner',11,'user',11,'user',11,'profile_photo_update',122),('owner',12,'user',12,'user',12,'signup',107),('owner',12,'user',12,'user',12,'profile_photo_update',123),('owner',13,'user',13,'user',13,'signup',109),('owner',14,'user',14,'user',14,'signup',110),('owner',15,'user',15,'user',15,'signup',111),('owner',16,'user',16,'user',16,'signup',112),('owner',17,'user',17,'user',17,'signup',113),('owner',18,'user',18,'user',18,'signup',114),('owner',19,'user',19,'user',19,'signup',115),('owner',20,'user',20,'user',20,'signup',116),('owner',21,'user',21,'user',21,'signup',124),('owner',22,'user',22,'user',22,'signup',125),('owner',23,'user',23,'user',23,'signup',126),('owner',24,'user',24,'user',24,'signup',127),('owner',25,'user',25,'user',25,'signup',128),('owner',26,'user',26,'user',26,'signup',129),('owner',26,'user',26,'user',26,'profile_photo_update',130),('owner',27,'user',27,'user',27,'signup',149),('owner',28,'user',28,'user',28,'signup',152),('parent',1,'user',1,'whmedia_project',2,'whmedia_project_publish',1),('parent',1,'user',1,'whmedia_project',1,'whmedia_project_publish',2),('parent',1,'user',1,'whmedia_project',6,'whmedia_project_publish',8),('parent',1,'user',1,'whmedia_project',7,'whmedia_project_publish',9),('parent',1,'user',1,'whmedia_project',8,'whmedia_project_publish',10),('parent',1,'user',1,'whmedia_project',9,'whmedia_project_publish',11),('parent',1,'user',1,'whmedia_project',10,'whmedia_project_publish',12),('parent',1,'user',1,'whmedia_project',11,'whmedia_project_publish',13),('parent',1,'user',1,'whmedia_project',12,'whmedia_project_publish',14),('parent',1,'user',1,'whmedia_project',13,'whmedia_project_publish',15),('parent',1,'user',1,'whmedia_project',14,'whmedia_project_publish',16),('parent',1,'user',1,'whmedia_project',15,'whmedia_project_publish',17),('parent',1,'user',1,'whmedia_project',16,'whmedia_project_publish',18),('parent',1,'user',1,'whmedia_project',17,'whmedia_project_publish',19),('parent',1,'user',1,'whmedia_project',18,'whmedia_project_publish',20),('parent',1,'user',1,'whmedia_project',19,'whmedia_project_publish',21),('parent',1,'user',1,'whmedia_project',20,'whmedia_project_publish',22),('parent',1,'user',1,'whmedia_project',21,'whmedia_project_publish',23),('parent',1,'user',1,'whmedia_project',22,'whmedia_project_publish',24),('parent',1,'user',1,'whmedia_project',23,'whmedia_project_publish',25),('parent',1,'user',1,'whmedia_project',24,'whmedia_project_publish',26),('parent',1,'user',1,'whmedia_project',25,'whmedia_project_publish',27),('parent',1,'user',1,'whmedia_project',25,'whmedia_media_new',28),('parent',1,'user',1,'whmedia_project',26,'whmedia_project_publish',29),('parent',1,'user',1,'whmedia_project',26,'whmedia_media_new',30),('parent',1,'user',1,'whmedia_project',27,'whmedia_project_publish',31),('parent',1,'user',1,'whmedia_project',28,'whmedia_project_publish',32),('parent',1,'user',1,'whmedia_project',28,'whmedia_media_new',33),('parent',1,'user',1,'whmedia_project',29,'whmedia_project_publish',34),('parent',1,'user',1,'whmedia_project',29,'whmedia_media_new',35),('parent',1,'user',1,'whmedia_project',30,'whmedia_project_publish',36),('parent',1,'user',1,'whmedia_project',30,'whmedia_media_new',37),('parent',1,'user',1,'whmedia_project',31,'whmedia_project_publish',38),('parent',1,'user',1,'whmedia_project',31,'whmedia_media_new',39),('parent',1,'user',1,'whmedia_project',32,'whmedia_project_publish',40),('parent',1,'user',1,'whmedia_project',32,'whmedia_media_new',41),('parent',1,'user',1,'whmedia_project',33,'whmedia_project_publish',42),('parent',1,'user',1,'whmedia_project',34,'whmedia_project_publish',43),('parent',1,'user',1,'whmedia_project',35,'whmedia_project_publish',44),('parent',1,'user',1,'whmedia_project',36,'whmedia_project_publish',45),('parent',1,'user',1,'whmedia_project',37,'whmedia_project_publish',46),('parent',1,'user',1,'whmedia_project',38,'whmedia_project_publish',47),('parent',1,'user',1,'whmedia_project',39,'whmedia_project_publish',48),('parent',1,'user',1,'whmedia_project',40,'whmedia_project_publish',49),('parent',1,'user',1,'whmedia_project',41,'whmedia_project_publish',50),('parent',1,'user',1,'whmedia_project',42,'whmedia_project_publish',51),('parent',1,'user',1,'whmedia_project',43,'whmedia_project_publish',52),('parent',1,'user',1,'whmedia_project',44,'whmedia_project_publish',53),('parent',1,'user',1,'user',1,'profile_photo_update',54),('parent',1,'user',1,'user',1,'post_self',65),('parent',1,'user',1,'user',1,'post_self',66),('parent',1,'user',1,'user',1,'status',84),('parent',1,'user',1,'whmedia_project',2,'whmedia_media_new',86),('parent',1,'user',1,'whmedia_project',32,'whmedia_media_new',101),('parent',1,'user',1,'whmedia_project',71,'whmedia_project_publish',117),('parent',1,'user',1,'whmedia_project',71,'whmedia_media_new',131),('parent',1,'user',1,'whmedia_project',71,'whmedia_media_new',132),('parent',2,'user',2,'user',2,'signup',3),('parent',2,'user',2,'whmedia_project',3,'whmedia_project_publish',4),('parent',2,'user',2,'whmedia_project',4,'whmedia_project_publish',5),('parent',2,'user',2,'whmedia_project',45,'whmedia_project_publish',55),('parent',2,'user',2,'whmedia_project',46,'whmedia_project_publish',56),('parent',2,'user',2,'whmedia_project',47,'whmedia_project_publish',57),('parent',2,'user',2,'whmedia_project',48,'whmedia_project_publish',58),('parent',2,'user',2,'whmedia_project',49,'whmedia_project_publish',59),('parent',2,'user',2,'whmedia_project',50,'whmedia_project_publish',60),('parent',2,'user',2,'whmedia_project',51,'whmedia_project_publish',61),('parent',2,'user',2,'whmedia_project',52,'whmedia_project_publish',62),('parent',2,'user',2,'user',2,'status',88),('parent',2,'user',2,'whmedia_project',48,'whmedia_media_new',94),('parent',2,'user',2,'whmedia_project',52,'whmedia_media_new',133),('parent',2,'user',3,'user',2,'friends',137),('parent',2,'user',2,'user',2,'status',138),('parent',3,'user',3,'user',3,'signup',6),('parent',3,'user',3,'whmedia_project',5,'whmedia_project_publish',7),('parent',3,'user',3,'whmedia_project',53,'whmedia_project_publish',64),('parent',3,'user',3,'user',3,'status',74),('parent',3,'user',3,'user',3,'profile_photo_update',97),('parent',3,'user',3,'user',3,'profile_photo_update',99),('parent',3,'user',2,'user',3,'friends',136),('parent',4,'user',4,'user',4,'signup',63),('parent',4,'user',4,'whmedia_project',54,'whmedia_project_publish',67),('parent',4,'user',4,'whmedia_project',55,'whmedia_project_publish',68),('parent',4,'user',4,'whmedia_project',56,'whmedia_project_publish',69),('parent',4,'user',4,'whmedia_project',57,'whmedia_project_publish',70),('parent',4,'user',4,'whmedia_project',58,'whmedia_project_publish',71),('parent',4,'user',4,'whmedia_project',59,'whmedia_project_publish',72),('parent',4,'user',4,'whmedia_project',60,'whmedia_project_publish',73),('parent',4,'user',4,'whmedia_project',61,'whmedia_project_publish',79),('parent',4,'user',4,'whmedia_project',62,'whmedia_project_publish',80),('parent',4,'user',4,'whmedia_project',63,'whmedia_project_publish',81),('parent',4,'user',4,'whmedia_project',64,'whmedia_project_publish',82),('parent',4,'user',4,'whmedia_project',65,'whmedia_project_publish',83),('parent',4,'user',4,'whmedia_project',66,'whmedia_project_publish',85),('parent',4,'user',4,'whmedia_project',64,'whmedia_media_new',87),('parent',4,'user',4,'user',4,'post_self',89),('parent',4,'user',4,'user',4,'status',90),('parent',4,'user',4,'whmedia_project',67,'whmedia_project_publish',91),('parent',4,'user',4,'whmedia_project',68,'whmedia_project_publish',92),('parent',4,'user',4,'whmedia_project',69,'whmedia_project_publish',93),('parent',4,'user',4,'user',4,'profile_photo_update',100),('parent',4,'user',4,'whmedia_project',70,'whmedia_project_publish',108),('parent',4,'user',4,'whmedia_project',74,'whmedia_project_publish',134),('parent',4,'user',4,'whmedia_project',74,'whmedia_media_new',135),('parent',4,'user',4,'whmedia_project',75,'whmedia_project_publish',139),('parent',4,'user',4,'whmedia_project',76,'whmedia_project_publish',140),('parent',4,'user',4,'whmedia_project',77,'whmedia_project_publish',141),('parent',4,'user',4,'whmedia_project',78,'whmedia_project_publish',142),('parent',4,'user',4,'whmedia_project',79,'whmedia_project_publish',143),('parent',4,'user',4,'whmedia_project',80,'whmedia_project_publish',144),('parent',4,'user',4,'whmedia_project',81,'whmedia_project_publish',145),('parent',4,'user',4,'whmedia_project',82,'whmedia_project_publish',146),('parent',4,'user',4,'whmedia_project',82,'whmedia_media_new',147),('parent',4,'user',4,'whmedia_project',83,'whmedia_project_publish',148),('parent',4,'user',4,'whmedia_project',84,'whmedia_project_publish',150),('parent',4,'user',4,'whmedia_project',85,'whmedia_project_publish',151),('parent',5,'user',5,'user',5,'signup',75),('parent',5,'user',5,'user',5,'profile_photo_update',76),('parent',5,'user',5,'user',5,'profile_photo_update',77),('parent',5,'user',5,'user',5,'profile_photo_update',78),('parent',6,'user',6,'user',6,'signup',98),('parent',7,'user',7,'user',7,'signup',102),('parent',7,'user',7,'user',7,'profile_photo_update',118),('parent',8,'user',8,'user',8,'signup',103),('parent',8,'user',8,'user',8,'profile_photo_update',119),('parent',9,'user',9,'user',9,'signup',104),('parent',9,'user',9,'user',9,'profile_photo_update',120),('parent',10,'user',10,'user',10,'signup',105),('parent',10,'user',10,'user',10,'profile_photo_update',121),('parent',11,'user',11,'user',11,'signup',106),('parent',11,'user',11,'user',11,'profile_photo_update',122),('parent',12,'user',12,'user',12,'signup',107),('parent',12,'user',12,'user',12,'profile_photo_update',123),('parent',13,'user',13,'user',13,'signup',109),('parent',14,'user',14,'user',14,'signup',110),('parent',15,'user',15,'user',15,'signup',111),('parent',16,'user',16,'user',16,'signup',112),('parent',17,'user',17,'user',17,'signup',113),('parent',18,'user',18,'user',18,'signup',114),('parent',19,'user',19,'user',19,'signup',115),('parent',20,'user',20,'user',20,'signup',116),('parent',21,'user',21,'user',21,'signup',124),('parent',22,'user',22,'user',22,'signup',125),('parent',23,'user',23,'user',23,'signup',126),('parent',24,'user',24,'user',24,'signup',127),('parent',25,'user',25,'user',25,'signup',128),('parent',26,'user',26,'user',26,'signup',129),('parent',26,'user',26,'user',26,'profile_photo_update',130),('parent',27,'user',27,'user',27,'signup',149),('parent',28,'user',28,'user',28,'signup',152),('registered',0,'user',1,'whmedia_project',2,'whmedia_project_publish',1),('registered',0,'user',1,'whmedia_project',1,'whmedia_project_publish',2),('registered',0,'user',2,'user',2,'signup',3),('registered',0,'user',2,'whmedia_project',3,'whmedia_project_publish',4),('registered',0,'user',2,'whmedia_project',4,'whmedia_project_publish',5),('registered',0,'user',3,'user',3,'signup',6),('registered',0,'user',3,'whmedia_project',5,'whmedia_project_publish',7),('registered',0,'user',1,'whmedia_project',6,'whmedia_project_publish',8),('registered',0,'user',1,'whmedia_project',7,'whmedia_project_publish',9),('registered',0,'user',1,'whmedia_project',8,'whmedia_project_publish',10),('registered',0,'user',1,'whmedia_project',9,'whmedia_project_publish',11),('registered',0,'user',1,'whmedia_project',10,'whmedia_project_publish',12),('registered',0,'user',1,'whmedia_project',11,'whmedia_project_publish',13),('registered',0,'user',1,'whmedia_project',12,'whmedia_project_publish',14),('registered',0,'user',1,'whmedia_project',13,'whmedia_project_publish',15),('registered',0,'user',1,'whmedia_project',14,'whmedia_project_publish',16),('registered',0,'user',1,'whmedia_project',15,'whmedia_project_publish',17),('registered',0,'user',1,'whmedia_project',16,'whmedia_project_publish',18),('registered',0,'user',1,'whmedia_project',17,'whmedia_project_publish',19),('registered',0,'user',1,'whmedia_project',18,'whmedia_project_publish',20),('registered',0,'user',1,'whmedia_project',19,'whmedia_project_publish',21),('registered',0,'user',1,'whmedia_project',20,'whmedia_project_publish',22),('registered',0,'user',1,'whmedia_project',21,'whmedia_project_publish',23),('registered',0,'user',1,'whmedia_project',22,'whmedia_project_publish',24),('registered',0,'user',1,'whmedia_project',23,'whmedia_project_publish',25),('registered',0,'user',1,'whmedia_project',24,'whmedia_project_publish',26),('registered',0,'user',1,'whmedia_project',25,'whmedia_project_publish',27),('registered',0,'user',1,'whmedia_project',25,'whmedia_media_new',28),('registered',0,'user',1,'whmedia_project',26,'whmedia_project_publish',29),('registered',0,'user',1,'whmedia_project',26,'whmedia_media_new',30),('registered',0,'user',1,'whmedia_project',27,'whmedia_project_publish',31),('registered',0,'user',1,'whmedia_project',28,'whmedia_project_publish',32),('registered',0,'user',1,'whmedia_project',28,'whmedia_media_new',33),('registered',0,'user',1,'whmedia_project',29,'whmedia_project_publish',34),('registered',0,'user',1,'whmedia_project',29,'whmedia_media_new',35),('registered',0,'user',1,'whmedia_project',30,'whmedia_project_publish',36),('registered',0,'user',1,'whmedia_project',30,'whmedia_media_new',37),('registered',0,'user',1,'whmedia_project',31,'whmedia_project_publish',38),('registered',0,'user',1,'whmedia_project',31,'whmedia_media_new',39),('registered',0,'user',1,'whmedia_project',32,'whmedia_project_publish',40),('registered',0,'user',1,'whmedia_project',32,'whmedia_media_new',41),('registered',0,'user',1,'whmedia_project',33,'whmedia_project_publish',42),('registered',0,'user',1,'whmedia_project',34,'whmedia_project_publish',43),('registered',0,'user',1,'whmedia_project',35,'whmedia_project_publish',44),('registered',0,'user',1,'whmedia_project',36,'whmedia_project_publish',45),('registered',0,'user',1,'whmedia_project',37,'whmedia_project_publish',46),('registered',0,'user',1,'whmedia_project',38,'whmedia_project_publish',47),('registered',0,'user',1,'whmedia_project',39,'whmedia_project_publish',48),('registered',0,'user',1,'whmedia_project',40,'whmedia_project_publish',49),('registered',0,'user',1,'whmedia_project',41,'whmedia_project_publish',50),('registered',0,'user',1,'whmedia_project',42,'whmedia_project_publish',51),('registered',0,'user',1,'whmedia_project',43,'whmedia_project_publish',52),('registered',0,'user',1,'whmedia_project',44,'whmedia_project_publish',53),('registered',0,'user',1,'user',1,'profile_photo_update',54),('registered',0,'user',2,'whmedia_project',45,'whmedia_project_publish',55),('registered',0,'user',2,'whmedia_project',46,'whmedia_project_publish',56),('registered',0,'user',2,'whmedia_project',47,'whmedia_project_publish',57),('registered',0,'user',2,'whmedia_project',48,'whmedia_project_publish',58),('registered',0,'user',2,'whmedia_project',49,'whmedia_project_publish',59),('registered',0,'user',2,'whmedia_project',50,'whmedia_project_publish',60),('registered',0,'user',2,'whmedia_project',51,'whmedia_project_publish',61),('registered',0,'user',2,'whmedia_project',52,'whmedia_project_publish',62),('registered',0,'user',4,'user',4,'signup',63),('registered',0,'user',3,'whmedia_project',53,'whmedia_project_publish',64),('registered',0,'user',1,'user',1,'post_self',65),('registered',0,'user',1,'user',1,'post_self',66),('registered',0,'user',4,'whmedia_project',54,'whmedia_project_publish',67),('registered',0,'user',4,'whmedia_project',55,'whmedia_project_publish',68),('registered',0,'user',4,'whmedia_project',56,'whmedia_project_publish',69),('registered',0,'user',4,'whmedia_project',57,'whmedia_project_publish',70),('registered',0,'user',4,'whmedia_project',58,'whmedia_project_publish',71),('registered',0,'user',4,'whmedia_project',59,'whmedia_project_publish',72),('registered',0,'user',4,'whmedia_project',60,'whmedia_project_publish',73),('registered',0,'user',3,'user',3,'status',74),('registered',0,'user',5,'user',5,'signup',75),('registered',0,'user',5,'user',5,'profile_photo_update',76),('registered',0,'user',5,'user',5,'profile_photo_update',77),('registered',0,'user',5,'user',5,'profile_photo_update',78),('registered',0,'user',4,'whmedia_project',61,'whmedia_project_publish',79),('registered',0,'user',4,'whmedia_project',62,'whmedia_project_publish',80),('registered',0,'user',4,'whmedia_project',63,'whmedia_project_publish',81),('registered',0,'user',4,'whmedia_project',64,'whmedia_project_publish',82),('registered',0,'user',4,'whmedia_project',65,'whmedia_project_publish',83),('registered',0,'user',1,'user',1,'status',84),('registered',0,'user',4,'whmedia_project',66,'whmedia_project_publish',85),('registered',0,'user',1,'whmedia_project',2,'whmedia_media_new',86),('registered',0,'user',4,'whmedia_project',64,'whmedia_media_new',87),('registered',0,'user',2,'user',2,'status',88),('registered',0,'user',4,'user',4,'post_self',89),('registered',0,'user',4,'user',4,'status',90),('registered',0,'user',4,'whmedia_project',67,'whmedia_project_publish',91),('registered',0,'user',4,'whmedia_project',68,'whmedia_project_publish',92),('registered',0,'user',4,'whmedia_project',69,'whmedia_project_publish',93),('registered',0,'user',2,'whmedia_project',48,'whmedia_media_new',94),('registered',0,'user',3,'user',3,'profile_photo_update',97),('registered',0,'user',6,'user',6,'signup',98),('registered',0,'user',3,'user',3,'profile_photo_update',99),('registered',0,'user',4,'user',4,'profile_photo_update',100),('registered',0,'user',1,'whmedia_project',32,'whmedia_media_new',101),('registered',0,'user',7,'user',7,'signup',102),('registered',0,'user',8,'user',8,'signup',103),('registered',0,'user',9,'user',9,'signup',104),('registered',0,'user',10,'user',10,'signup',105),('registered',0,'user',11,'user',11,'signup',106),('registered',0,'user',12,'user',12,'signup',107),('registered',0,'user',4,'whmedia_project',70,'whmedia_project_publish',108),('registered',0,'user',13,'user',13,'signup',109),('registered',0,'user',14,'user',14,'signup',110),('registered',0,'user',15,'user',15,'signup',111),('registered',0,'user',16,'user',16,'signup',112),('registered',0,'user',17,'user',17,'signup',113),('registered',0,'user',18,'user',18,'signup',114),('registered',0,'user',19,'user',19,'signup',115),('registered',0,'user',20,'user',20,'signup',116),('registered',0,'user',1,'whmedia_project',71,'whmedia_project_publish',117),('registered',0,'user',7,'user',7,'profile_photo_update',118),('registered',0,'user',8,'user',8,'profile_photo_update',119),('registered',0,'user',9,'user',9,'profile_photo_update',120),('registered',0,'user',10,'user',10,'profile_photo_update',121),('registered',0,'user',11,'user',11,'profile_photo_update',122),('registered',0,'user',12,'user',12,'profile_photo_update',123),('registered',0,'user',21,'user',21,'signup',124),('registered',0,'user',22,'user',22,'signup',125),('registered',0,'user',23,'user',23,'signup',126),('registered',0,'user',24,'user',24,'signup',127),('registered',0,'user',25,'user',25,'signup',128),('registered',0,'user',26,'user',26,'signup',129),('registered',0,'user',26,'user',26,'profile_photo_update',130),('registered',0,'user',1,'whmedia_project',71,'whmedia_media_new',131),('registered',0,'user',1,'whmedia_project',71,'whmedia_media_new',132),('registered',0,'user',2,'whmedia_project',52,'whmedia_media_new',133),('registered',0,'user',4,'whmedia_project',74,'whmedia_project_publish',134),('registered',0,'user',4,'whmedia_project',74,'whmedia_media_new',135),('registered',0,'user',2,'user',3,'friends',136),('registered',0,'user',3,'user',2,'friends',137),('registered',0,'user',2,'user',2,'status',138),('registered',0,'user',4,'whmedia_project',75,'whmedia_project_publish',139),('registered',0,'user',4,'whmedia_project',76,'whmedia_project_publish',140),('registered',0,'user',4,'whmedia_project',77,'whmedia_project_publish',141),('registered',0,'user',4,'whmedia_project',78,'whmedia_project_publish',142),('registered',0,'user',4,'whmedia_project',79,'whmedia_project_publish',143),('registered',0,'user',4,'whmedia_project',80,'whmedia_project_publish',144),('registered',0,'user',4,'whmedia_project',81,'whmedia_project_publish',145),('registered',0,'user',4,'whmedia_project',82,'whmedia_project_publish',146),('registered',0,'user',4,'whmedia_project',82,'whmedia_media_new',147),('registered',0,'user',4,'whmedia_project',83,'whmedia_project_publish',148),('registered',0,'user',27,'user',27,'signup',149),('registered',0,'user',4,'whmedia_project',84,'whmedia_project_publish',150),('registered',0,'user',4,'whmedia_project',85,'whmedia_project_publish',151),('registered',0,'user',28,'user',28,'signup',152);
/*!40000 ALTER TABLE `engine4_activity_stream` ENABLE KEYS */;
UNLOCK TABLES;

--
-- Table structure for table `engine4_announcement_announcements`
--

DROP TABLE IF EXISTS `engine4_announcement_announcements`;
/*!40101 SET @saved_cs_client     = @@character_set_client */;
/*!40101 SET character_set_client = utf8 */;
CREATE TABLE `engine4_announcement_announcements` (
  `announcement_id` int(11) unsigned NOT NULL AUTO_INCREMENT,
  `user_id` int(11) unsigned NOT NULL,
  `title` varchar(255) COLLATE utf8_unicode_ci NOT NULL,
  `body` text COLLATE utf8_unicode_ci NOT NULL,
  `creation_date` datetime NOT NULL,
  `modified_date` datetime DEFAULT NULL,
  PRIMARY KEY (`announcement_id`),
  KEY `user_id` (`user_id`)
) ENGINE=InnoDB DEFAULT CHARSET=utf8 COLLATE=utf8_unicode_ci;
/*!40101 SET character_set_client = @saved_cs_client */;

--
-- Dumping data for table `engine4_announcement_announcements`
--

LOCK TABLES `engine4_announcement_announcements` WRITE;
/*!40000 ALTER TABLE `engine4_announcement_announcements` DISABLE KEYS */;
/*!40000 ALTER TABLE `engine4_announcement_announcements` ENABLE KEYS */;
UNLOCK TABLES;

--
-- Table structure for table `engine4_authorization_allow`
--

DROP TABLE IF EXISTS `engine4_authorization_allow`;
/*!40101 SET @saved_cs_client     = @@character_set_client */;
/*!40101 SET character_set_client = utf8 */;
CREATE TABLE `engine4_authorization_allow` (
  `resource_type` varchar(24) CHARACTER SET latin1 COLLATE latin1_general_ci NOT NULL,
  `resource_id` int(11) unsigned NOT NULL,
  `action` varchar(16) CHARACTER SET latin1 COLLATE latin1_general_ci NOT NULL,
  `role` varchar(24) CHARACTER SET latin1 COLLATE latin1_general_ci NOT NULL,
  `role_id` int(11) unsigned NOT NULL DEFAULT '0',
  `value` tinyint(1) NOT NULL DEFAULT '0',
  `params` text COLLATE utf8_unicode_ci,
  PRIMARY KEY (`resource_type`,`resource_id`,`action`,`role`,`role_id`)
) ENGINE=InnoDB DEFAULT CHARSET=utf8 COLLATE=utf8_unicode_ci;
/*!40101 SET character_set_client = @saved_cs_client */;

--
-- Dumping data for table `engine4_authorization_allow`
--

LOCK TABLES `engine4_authorization_allow` WRITE;
/*!40000 ALTER TABLE `engine4_authorization_allow` DISABLE KEYS */;
INSERT INTO `engine4_authorization_allow` VALUES ('user',1,'comment','everyone',0,1,NULL),('user',1,'comment','member',0,1,NULL),('user',1,'comment','network',0,1,NULL),('user',1,'comment','registered',0,1,NULL),('user',1,'view','everyone',0,1,NULL),('user',1,'view','member',0,1,NULL),('user',1,'view','network',0,1,NULL),('user',1,'view','registered',0,1,NULL),('user',2,'comment','everyone',0,1,NULL),('user',2,'comment','member',0,1,NULL),('user',2,'comment','network',0,1,NULL),('user',2,'comment','registered',0,1,NULL),('user',2,'view','everyone',0,1,NULL),('user',2,'view','member',0,1,NULL),('user',2,'view','network',0,1,NULL),('user',2,'view','registered',0,1,NULL),('user',3,'comment','everyone',0,1,NULL),('user',3,'comment','member',0,1,NULL),('user',3,'comment','network',0,1,NULL),('user',3,'comment','registered',0,1,NULL),('user',3,'view','everyone',0,1,NULL),('user',3,'view','member',0,1,NULL),('user',3,'view','network',0,1,NULL),('user',3,'view','registered',0,1,NULL),('user',4,'comment','everyone',0,1,NULL),('user',4,'comment','member',0,1,NULL),('user',4,'comment','network',0,1,NULL),('user',4,'comment','registered',0,1,NULL),('user',4,'view','everyone',0,1,NULL),('user',4,'view','member',0,1,NULL),('user',4,'view','network',0,1,NULL),('user',4,'view','registered',0,1,NULL),('user',5,'comment','everyone',0,1,NULL),('user',5,'comment','member',0,1,NULL),('user',5,'comment','network',0,1,NULL),('user',5,'comment','registered',0,1,NULL),('user',5,'view','everyone',0,1,NULL),('user',5,'view','member',0,1,NULL),('user',5,'view','network',0,1,NULL),('user',5,'view','registered',0,1,NULL),('user',6,'comment','everyone',0,1,NULL),('user',6,'comment','member',0,1,NULL),('user',6,'comment','network',0,1,NULL),('user',6,'comment','registered',0,1,NULL),('user',6,'view','everyone',0,1,NULL),('user',6,'view','member',0,1,NULL),('user',6,'view','network',0,1,NULL),('user',6,'view','registered',0,1,NULL),('user',7,'comment','everyone',0,1,NULL),('user',7,'comment','member',0,1,NULL),('user',7,'comment','network',0,1,NULL),('user',7,'comment','registered',0,1,NULL),('user',7,'view','everyone',0,1,NULL),('user',7,'view','member',0,1,NULL),('user',7,'view','network',0,1,NULL),('user',7,'view','registered',0,1,NULL),('user',8,'comment','everyone',0,1,NULL),('user',8,'comment','member',0,1,NULL),('user',8,'comment','network',0,1,NULL),('user',8,'comment','registered',0,1,NULL),('user',8,'view','everyone',0,1,NULL),('user',8,'view','member',0,1,NULL),('user',8,'view','network',0,1,NULL),('user',8,'view','registered',0,1,NULL),('user',9,'comment','everyone',0,1,NULL),('user',9,'comment','member',0,1,NULL),('user',9,'comment','network',0,1,NULL),('user',9,'comment','registered',0,1,NULL),('user',9,'view','everyone',0,1,NULL),('user',9,'view','member',0,1,NULL),('user',9,'view','network',0,1,NULL),('user',9,'view','registered',0,1,NULL),('user',10,'comment','everyone',0,1,NULL),('user',10,'comment','member',0,1,NULL),('user',10,'comment','network',0,1,NULL),('user',10,'comment','registered',0,1,NULL),('user',10,'view','everyone',0,1,NULL),('user',10,'view','member',0,1,NULL),('user',10,'view','network',0,1,NULL),('user',10,'view','registered',0,1,NULL),('user',11,'comment','everyone',0,1,NULL),('user',11,'comment','member',0,1,NULL),('user',11,'comment','network',0,1,NULL),('user',11,'comment','registered',0,1,NULL),('user',11,'view','everyone',0,1,NULL),('user',11,'view','member',0,1,NULL),('user',11,'view','network',0,1,NULL),('user',11,'view','registered',0,1,NULL),('user',12,'comment','everyone',0,1,NULL),('user',12,'comment','member',0,1,NULL),('user',12,'comment','network',0,1,NULL),('user',12,'comment','registered',0,1,NULL),('user',12,'view','everyone',0,1,NULL),('user',12,'view','member',0,1,NULL),('user',12,'view','network',0,1,NULL),('user',12,'view','registered',0,1,NULL),('user',13,'comment','everyone',0,1,NULL),('user',13,'comment','member',0,1,NULL),('user',13,'comment','network',0,1,NULL),('user',13,'comment','registered',0,1,NULL),('user',13,'view','everyone',0,1,NULL),('user',13,'view','member',0,1,NULL),('user',13,'view','network',0,1,NULL),('user',13,'view','registered',0,1,NULL),('user',14,'comment','everyone',0,1,NULL),('user',14,'comment','member',0,1,NULL),('user',14,'comment','network',0,1,NULL),('user',14,'comment','registered',0,1,NULL),('user',14,'view','everyone',0,1,NULL),('user',14,'view','member',0,1,NULL),('user',14,'view','network',0,1,NULL),('user',14,'view','registered',0,1,NULL),('user',15,'comment','everyone',0,1,NULL),('user',15,'comment','member',0,1,NULL),('user',15,'comment','network',0,1,NULL),('user',15,'comment','registered',0,1,NULL),('user',15,'view','everyone',0,1,NULL),('user',15,'view','member',0,1,NULL),('user',15,'view','network',0,1,NULL),('user',15,'view','registered',0,1,NULL),('user',16,'comment','everyone',0,1,NULL),('user',16,'comment','member',0,1,NULL),('user',16,'comment','network',0,1,NULL),('user',16,'comment','registered',0,1,NULL),('user',16,'view','everyone',0,1,NULL),('user',16,'view','member',0,1,NULL),('user',16,'view','network',0,1,NULL),('user',16,'view','registered',0,1,NULL),('user',17,'comment','everyone',0,1,NULL),('user',17,'comment','member',0,1,NULL),('user',17,'comment','network',0,1,NULL),('user',17,'comment','registered',0,1,NULL),('user',17,'view','everyone',0,1,NULL),('user',17,'view','member',0,1,NULL),('user',17,'view','network',0,1,NULL),('user',17,'view','registered',0,1,NULL),('user',18,'comment','everyone',0,1,NULL),('user',18,'comment','member',0,1,NULL),('user',18,'comment','network',0,1,NULL),('user',18,'comment','registered',0,1,NULL),('user',18,'view','everyone',0,1,NULL),('user',18,'view','member',0,1,NULL),('user',18,'view','network',0,1,NULL),('user',18,'view','registered',0,1,NULL),('user',19,'comment','everyone',0,1,NULL),('user',19,'comment','member',0,1,NULL),('user',19,'comment','network',0,1,NULL),('user',19,'comment','registered',0,1,NULL),('user',19,'view','everyone',0,1,NULL),('user',19,'view','member',0,1,NULL),('user',19,'view','network',0,1,NULL),('user',19,'view','registered',0,1,NULL),('user',20,'comment','everyone',0,1,NULL),('user',20,'comment','member',0,1,NULL),('user',20,'comment','network',0,1,NULL),('user',20,'comment','registered',0,1,NULL),('user',20,'view','everyone',0,1,NULL),('user',20,'view','member',0,1,NULL),('user',20,'view','network',0,1,NULL),('user',20,'view','registered',0,1,NULL),('user',21,'comment','everyone',0,1,NULL),('user',21,'comment','member',0,1,NULL),('user',21,'comment','network',0,1,NULL),('user',21,'comment','registered',0,1,NULL),('user',21,'view','everyone',0,1,NULL),('user',21,'view','member',0,1,NULL),('user',21,'view','network',0,1,NULL),('user',21,'view','registered',0,1,NULL),('user',22,'comment','everyone',0,1,NULL),('user',22,'comment','member',0,1,NULL),('user',22,'comment','network',0,1,NULL),('user',22,'comment','registered',0,1,NULL),('user',22,'view','everyone',0,1,NULL),('user',22,'view','member',0,1,NULL),('user',22,'view','network',0,1,NULL),('user',22,'view','registered',0,1,NULL),('user',23,'comment','everyone',0,1,NULL),('user',23,'comment','member',0,1,NULL),('user',23,'comment','network',0,1,NULL),('user',23,'comment','registered',0,1,NULL),('user',23,'view','everyone',0,1,NULL),('user',23,'view','member',0,1,NULL),('user',23,'view','network',0,1,NULL),('user',23,'view','registered',0,1,NULL),('user',24,'comment','everyone',0,1,NULL),('user',24,'comment','member',0,1,NULL),('user',24,'comment','network',0,1,NULL),('user',24,'comment','registered',0,1,NULL),('user',24,'view','everyone',0,1,NULL),('user',24,'view','member',0,1,NULL),('user',24,'view','network',0,1,NULL),('user',24,'view','registered',0,1,NULL),('user',25,'comment','everyone',0,1,NULL),('user',25,'comment','member',0,1,NULL),('user',25,'comment','network',0,1,NULL),('user',25,'comment','registered',0,1,NULL),('user',25,'view','everyone',0,1,NULL),('user',25,'view','member',0,1,NULL),('user',25,'view','network',0,1,NULL),('user',25,'view','registered',0,1,NULL),('user',26,'comment','everyone',0,1,NULL),('user',26,'comment','member',0,1,NULL),('user',26,'comment','network',0,1,NULL),('user',26,'comment','registered',0,1,NULL),('user',26,'view','everyone',0,1,NULL),('user',26,'view','member',0,1,NULL),('user',26,'view','network',0,1,NULL),('user',26,'view','registered',0,1,NULL),('user',27,'comment','everyone',0,1,NULL),('user',27,'comment','member',0,1,NULL),('user',27,'comment','network',0,1,NULL),('user',27,'comment','registered',0,1,NULL),('user',27,'view','everyone',0,1,NULL),('user',27,'view','member',0,1,NULL),('user',27,'view','network',0,1,NULL),('user',27,'view','registered',0,1,NULL),('user',28,'comment','everyone',0,1,NULL),('user',28,'comment','member',0,1,NULL),('user',28,'comment','network',0,1,NULL),('user',28,'comment','registered',0,1,NULL),('user',28,'view','everyone',0,1,NULL),('user',28,'view','member',0,1,NULL),('user',28,'view','network',0,1,NULL),('user',28,'view','registered',0,1,NULL),('whmedia_project',1,'allow_d_orig','everyone',0,1,NULL),('whmedia_project',1,'comment','everyone',0,1,NULL),('whmedia_project',1,'comment','owner_member',0,1,NULL),('whmedia_project',1,'comment','owner_member_member',0,1,NULL),('whmedia_project',1,'comment','owner_network',0,1,NULL),('whmedia_project',1,'comment','registered',0,1,NULL),('whmedia_project',1,'view','everyone',0,1,NULL),('whmedia_project',1,'view','owner_member',0,1,NULL),('whmedia_project',1,'view','owner_member_member',0,1,NULL),('whmedia_project',1,'view','owner_network',0,1,NULL),('whmedia_project',1,'view','registered',0,1,NULL),('whmedia_project',2,'allow_d_orig','everyone',0,1,NULL),('whmedia_project',2,'comment','everyone',0,1,NULL),('whmedia_project',2,'comment','owner_member',0,1,NULL),('whmedia_project',2,'comment','owner_member_member',0,1,NULL),('whmedia_project',2,'comment','owner_network',0,1,NULL),('whmedia_project',2,'comment','registered',0,1,NULL),('whmedia_project',2,'view','everyone',0,1,NULL),('whmedia_project',2,'view','owner_member',0,1,NULL),('whmedia_project',2,'view','owner_member_member',0,1,NULL),('whmedia_project',2,'view','owner_network',0,1,NULL),('whmedia_project',2,'view','registered',0,1,NULL),('whmedia_project',3,'allow_d_orig','everyone',0,1,NULL),('whmedia_project',3,'comment','everyone',0,1,NULL),('whmedia_project',3,'comment','owner_member',0,1,NULL),('whmedia_project',3,'comment','owner_member_member',0,1,NULL),('whmedia_project',3,'comment','owner_network',0,1,NULL),('whmedia_project',3,'comment','registered',0,1,NULL),('whmedia_project',3,'view','everyone',0,1,NULL),('whmedia_project',3,'view','owner_member',0,1,NULL),('whmedia_project',3,'view','owner_member_member',0,1,NULL),('whmedia_project',3,'view','owner_network',0,1,NULL),('whmedia_project',3,'view','registered',0,1,NULL),('whmedia_project',4,'allow_d_orig','everyone',0,1,NULL),('whmedia_project',4,'comment','everyone',0,1,NULL),('whmedia_project',4,'comment','owner_member',0,1,NULL),('whmedia_project',4,'comment','owner_member_member',0,1,NULL),('whmedia_project',4,'comment','owner_network',0,1,NULL),('whmedia_project',4,'comment','registered',0,1,NULL),('whmedia_project',4,'view','everyone',0,1,NULL),('whmedia_project',4,'view','owner_member',0,1,NULL),('whmedia_project',4,'view','owner_member_member',0,1,NULL),('whmedia_project',4,'view','owner_network',0,1,NULL),('whmedia_project',4,'view','registered',0,1,NULL),('whmedia_project',5,'allow_d_orig','everyone',0,1,NULL),('whmedia_project',5,'comment','everyone',0,1,NULL),('whmedia_project',5,'comment','owner_member',0,1,NULL),('whmedia_project',5,'comment','owner_member_member',0,1,NULL),('whmedia_project',5,'comment','owner_network',0,1,NULL),('whmedia_project',5,'comment','registered',0,1,NULL),('whmedia_project',5,'view','everyone',0,1,NULL),('whmedia_project',5,'view','owner_member',0,1,NULL),('whmedia_project',5,'view','owner_member_member',0,1,NULL),('whmedia_project',5,'view','owner_network',0,1,NULL),('whmedia_project',5,'view','registered',0,1,NULL),('whmedia_project',6,'allow_d_orig','everyone',0,1,NULL),('whmedia_project',6,'comment','everyone',0,1,NULL),('whmedia_project',6,'comment','owner_member',0,1,NULL),('whmedia_project',6,'comment','owner_member_member',0,1,NULL),('whmedia_project',6,'comment','owner_network',0,1,NULL),('whmedia_project',6,'comment','registered',0,1,NULL),('whmedia_project',6,'view','everyone',0,1,NULL),('whmedia_project',6,'view','owner_member',0,1,NULL),('whmedia_project',6,'view','owner_member_member',0,1,NULL),('whmedia_project',6,'view','owner_network',0,1,NULL),('whmedia_project',6,'view','registered',0,1,NULL),('whmedia_project',7,'allow_d_orig','everyone',0,1,NULL),('whmedia_project',7,'comment','everyone',0,1,NULL),('whmedia_project',7,'comment','owner_member',0,1,NULL),('whmedia_project',7,'comment','owner_member_member',0,1,NULL),('whmedia_project',7,'comment','owner_network',0,1,NULL),('whmedia_project',7,'comment','registered',0,1,NULL),('whmedia_project',7,'view','everyone',0,1,NULL),('whmedia_project',7,'view','owner_member',0,1,NULL),('whmedia_project',7,'view','owner_member_member',0,1,NULL),('whmedia_project',7,'view','owner_network',0,1,NULL),('whmedia_project',7,'view','registered',0,1,NULL),('whmedia_project',8,'allow_d_orig','everyone',0,1,NULL),('whmedia_project',8,'comment','everyone',0,1,NULL),('whmedia_project',8,'comment','owner_member',0,1,NULL),('whmedia_project',8,'comment','owner_member_member',0,1,NULL),('whmedia_project',8,'comment','owner_network',0,1,NULL),('whmedia_project',8,'comment','registered',0,1,NULL),('whmedia_project',8,'view','everyone',0,1,NULL),('whmedia_project',8,'view','owner_member',0,1,NULL),('whmedia_project',8,'view','owner_member_member',0,1,NULL),('whmedia_project',8,'view','owner_network',0,1,NULL),('whmedia_project',8,'view','registered',0,1,NULL),('whmedia_project',9,'allow_d_orig','everyone',0,1,NULL),('whmedia_project',9,'comment','everyone',0,1,NULL),('whmedia_project',9,'comment','owner_member',0,1,NULL),('whmedia_project',9,'comment','owner_member_member',0,1,NULL),('whmedia_project',9,'comment','owner_network',0,1,NULL),('whmedia_project',9,'comment','registered',0,1,NULL),('whmedia_project',9,'view','everyone',0,1,NULL),('whmedia_project',9,'view','owner_member',0,1,NULL),('whmedia_project',9,'view','owner_member_member',0,1,NULL),('whmedia_project',9,'view','owner_network',0,1,NULL),('whmedia_project',9,'view','registered',0,1,NULL),('whmedia_project',10,'allow_d_orig','everyone',0,1,NULL),('whmedia_project',10,'comment','everyone',0,1,NULL),('whmedia_project',10,'comment','owner_member',0,1,NULL),('whmedia_project',10,'comment','owner_member_member',0,1,NULL),('whmedia_project',10,'comment','owner_network',0,1,NULL),('whmedia_project',10,'comment','registered',0,1,NULL),('whmedia_project',10,'view','everyone',0,1,NULL),('whmedia_project',10,'view','owner_member',0,1,NULL),('whmedia_project',10,'view','owner_member_member',0,1,NULL),('whmedia_project',10,'view','owner_network',0,1,NULL),('whmedia_project',10,'view','registered',0,1,NULL),('whmedia_project',11,'allow_d_orig','everyone',0,1,NULL),('whmedia_project',11,'comment','everyone',0,1,NULL),('whmedia_project',11,'comment','owner_member',0,1,NULL),('whmedia_project',11,'comment','owner_member_member',0,1,NULL),('whmedia_project',11,'comment','owner_network',0,1,NULL),('whmedia_project',11,'comment','registered',0,1,NULL),('whmedia_project',11,'view','everyone',0,1,NULL),('whmedia_project',11,'view','owner_member',0,1,NULL),('whmedia_project',11,'view','owner_member_member',0,1,NULL),('whmedia_project',11,'view','owner_network',0,1,NULL),('whmedia_project',11,'view','registered',0,1,NULL),('whmedia_project',12,'allow_d_orig','everyone',0,1,NULL),('whmedia_project',12,'comment','everyone',0,1,NULL),('whmedia_project',12,'comment','owner_member',0,1,NULL),('whmedia_project',12,'comment','owner_member_member',0,1,NULL),('whmedia_project',12,'comment','owner_network',0,1,NULL),('whmedia_project',12,'comment','registered',0,1,NULL),('whmedia_project',12,'view','everyone',0,1,NULL),('whmedia_project',12,'view','owner_member',0,1,NULL),('whmedia_project',12,'view','owner_member_member',0,1,NULL),('whmedia_project',12,'view','owner_network',0,1,NULL),('whmedia_project',12,'view','registered',0,1,NULL),('whmedia_project',13,'allow_d_orig','everyone',0,1,NULL),('whmedia_project',13,'comment','everyone',0,1,NULL),('whmedia_project',13,'comment','owner_member',0,1,NULL),('whmedia_project',13,'comment','owner_member_member',0,1,NULL),('whmedia_project',13,'comment','owner_network',0,1,NULL),('whmedia_project',13,'comment','registered',0,1,NULL),('whmedia_project',13,'view','everyone',0,1,NULL),('whmedia_project',13,'view','owner_member',0,1,NULL),('whmedia_project',13,'view','owner_member_member',0,1,NULL),('whmedia_project',13,'view','owner_network',0,1,NULL),('whmedia_project',13,'view','registered',0,1,NULL),('whmedia_project',14,'allow_d_orig','everyone',0,1,NULL),('whmedia_project',14,'comment','everyone',0,1,NULL),('whmedia_project',14,'comment','owner_member',0,1,NULL),('whmedia_project',14,'comment','owner_member_member',0,1,NULL),('whmedia_project',14,'comment','owner_network',0,1,NULL),('whmedia_project',14,'comment','registered',0,1,NULL),('whmedia_project',14,'view','everyone',0,1,NULL),('whmedia_project',14,'view','owner_member',0,1,NULL),('whmedia_project',14,'view','owner_member_member',0,1,NULL),('whmedia_project',14,'view','owner_network',0,1,NULL),('whmedia_project',14,'view','registered',0,1,NULL),('whmedia_project',15,'allow_d_orig','everyone',0,1,NULL),('whmedia_project',15,'comment','everyone',0,1,NULL),('whmedia_project',15,'comment','owner_member',0,1,NULL),('whmedia_project',15,'comment','owner_member_member',0,1,NULL),('whmedia_project',15,'comment','owner_network',0,1,NULL),('whmedia_project',15,'comment','registered',0,1,NULL),('whmedia_project',15,'view','everyone',0,1,NULL),('whmedia_project',15,'view','owner_member',0,1,NULL),('whmedia_project',15,'view','owner_member_member',0,1,NULL),('whmedia_project',15,'view','owner_network',0,1,NULL),('whmedia_project',15,'view','registered',0,1,NULL),('whmedia_project',16,'allow_d_orig','everyone',0,1,NULL),('whmedia_project',16,'comment','everyone',0,1,NULL),('whmedia_project',16,'comment','owner_member',0,1,NULL),('whmedia_project',16,'comment','owner_member_member',0,1,NULL),('whmedia_project',16,'comment','owner_network',0,1,NULL),('whmedia_project',16,'comment','registered',0,1,NULL),('whmedia_project',16,'view','everyone',0,1,NULL),('whmedia_project',16,'view','owner_member',0,1,NULL),('whmedia_project',16,'view','owner_member_member',0,1,NULL),('whmedia_project',16,'view','owner_network',0,1,NULL),('whmedia_project',16,'view','registered',0,1,NULL),('whmedia_project',17,'allow_d_orig','everyone',0,1,NULL),('whmedia_project',17,'comment','everyone',0,1,NULL),('whmedia_project',17,'comment','owner_member',0,1,NULL),('whmedia_project',17,'comment','owner_member_member',0,1,NULL),('whmedia_project',17,'comment','owner_network',0,1,NULL),('whmedia_project',17,'comment','registered',0,1,NULL),('whmedia_project',17,'view','everyone',0,1,NULL),('whmedia_project',17,'view','owner_member',0,1,NULL),('whmedia_project',17,'view','owner_member_member',0,1,NULL),('whmedia_project',17,'view','owner_network',0,1,NULL),('whmedia_project',17,'view','registered',0,1,NULL),('whmedia_project',18,'allow_d_orig','everyone',0,1,NULL),('whmedia_project',18,'comment','everyone',0,1,NULL),('whmedia_project',18,'comment','owner_member',0,1,NULL),('whmedia_project',18,'comment','owner_member_member',0,1,NULL),('whmedia_project',18,'comment','owner_network',0,1,NULL),('whmedia_project',18,'comment','registered',0,1,NULL),('whmedia_project',18,'view','everyone',0,1,NULL),('whmedia_project',18,'view','owner_member',0,1,NULL),('whmedia_project',18,'view','owner_member_member',0,1,NULL),('whmedia_project',18,'view','owner_network',0,1,NULL),('whmedia_project',18,'view','registered',0,1,NULL),('whmedia_project',19,'allow_d_orig','everyone',0,1,NULL),('whmedia_project',19,'comment','everyone',0,1,NULL),('whmedia_project',19,'comment','owner_member',0,1,NULL),('whmedia_project',19,'comment','owner_member_member',0,1,NULL),('whmedia_project',19,'comment','owner_network',0,1,NULL),('whmedia_project',19,'comment','registered',0,1,NULL),('whmedia_project',19,'view','everyone',0,1,NULL),('whmedia_project',19,'view','owner_member',0,1,NULL),('whmedia_project',19,'view','owner_member_member',0,1,NULL),('whmedia_project',19,'view','owner_network',0,1,NULL),('whmedia_project',19,'view','registered',0,1,NULL),('whmedia_project',20,'allow_d_orig','everyone',0,1,NULL),('whmedia_project',20,'comment','everyone',0,1,NULL),('whmedia_project',20,'comment','owner_member',0,1,NULL),('whmedia_project',20,'comment','owner_member_member',0,1,NULL),('whmedia_project',20,'comment','owner_network',0,1,NULL),('whmedia_project',20,'comment','registered',0,1,NULL),('whmedia_project',20,'view','everyone',0,1,NULL),('whmedia_project',20,'view','owner_member',0,1,NULL),('whmedia_project',20,'view','owner_member_member',0,1,NULL),('whmedia_project',20,'view','owner_network',0,1,NULL),('whmedia_project',20,'view','registered',0,1,NULL),('whmedia_project',21,'allow_d_orig','everyone',0,1,NULL),('whmedia_project',21,'comment','everyone',0,1,NULL),('whmedia_project',21,'comment','owner_member',0,1,NULL),('whmedia_project',21,'comment','owner_member_member',0,1,NULL),('whmedia_project',21,'comment','owner_network',0,1,NULL),('whmedia_project',21,'comment','registered',0,1,NULL),('whmedia_project',21,'view','everyone',0,1,NULL),('whmedia_project',21,'view','owner_member',0,1,NULL),('whmedia_project',21,'view','owner_member_member',0,1,NULL),('whmedia_project',21,'view','owner_network',0,1,NULL),('whmedia_project',21,'view','registered',0,1,NULL),('whmedia_project',22,'allow_d_orig','everyone',0,1,NULL),('whmedia_project',22,'comment','everyone',0,1,NULL),('whmedia_project',22,'comment','owner_member',0,1,NULL),('whmedia_project',22,'comment','owner_member_member',0,1,NULL),('whmedia_project',22,'comment','owner_network',0,1,NULL),('whmedia_project',22,'comment','registered',0,1,NULL),('whmedia_project',22,'view','everyone',0,1,NULL),('whmedia_project',22,'view','owner_member',0,1,NULL),('whmedia_project',22,'view','owner_member_member',0,1,NULL),('whmedia_project',22,'view','owner_network',0,1,NULL),('whmedia_project',22,'view','registered',0,1,NULL),('whmedia_project',23,'allow_d_orig','everyone',0,1,NULL),('whmedia_project',23,'comment','everyone',0,1,NULL),('whmedia_project',23,'comment','owner_member',0,1,NULL),('whmedia_project',23,'comment','owner_member_member',0,1,NULL),('whmedia_project',23,'comment','owner_network',0,1,NULL),('whmedia_project',23,'comment','registered',0,1,NULL),('whmedia_project',23,'view','everyone',0,1,NULL),('whmedia_project',23,'view','owner_member',0,1,NULL),('whmedia_project',23,'view','owner_member_member',0,1,NULL),('whmedia_project',23,'view','owner_network',0,1,NULL),('whmedia_project',23,'view','registered',0,1,NULL),('whmedia_project',24,'allow_d_orig','everyone',0,1,NULL),('whmedia_project',24,'comment','everyone',0,1,NULL),('whmedia_project',24,'comment','owner_member',0,1,NULL),('whmedia_project',24,'comment','owner_member_member',0,1,NULL),('whmedia_project',24,'comment','owner_network',0,1,NULL),('whmedia_project',24,'comment','registered',0,1,NULL),('whmedia_project',24,'view','everyone',0,1,NULL),('whmedia_project',24,'view','owner_member',0,1,NULL),('whmedia_project',24,'view','owner_member_member',0,1,NULL),('whmedia_project',24,'view','owner_network',0,1,NULL),('whmedia_project',24,'view','registered',0,1,NULL),('whmedia_project',25,'allow_d_orig','everyone',0,1,NULL),('whmedia_project',25,'comment','everyone',0,1,NULL),('whmedia_project',25,'comment','owner_member',0,1,NULL),('whmedia_project',25,'comment','owner_member_member',0,1,NULL),('whmedia_project',25,'comment','owner_network',0,1,NULL),('whmedia_project',25,'comment','registered',0,1,NULL),('whmedia_project',25,'view','everyone',0,1,NULL),('whmedia_project',25,'view','owner_member',0,1,NULL),('whmedia_project',25,'view','owner_member_member',0,1,NULL),('whmedia_project',25,'view','owner_network',0,1,NULL),('whmedia_project',25,'view','registered',0,1,NULL),('whmedia_project',26,'allow_d_orig','everyone',0,1,NULL),('whmedia_project',26,'comment','everyone',0,1,NULL),('whmedia_project',26,'comment','owner_member',0,1,NULL),('whmedia_project',26,'comment','owner_member_member',0,1,NULL),('whmedia_project',26,'comment','owner_network',0,1,NULL),('whmedia_project',26,'comment','registered',0,1,NULL),('whmedia_project',26,'view','everyone',0,1,NULL),('whmedia_project',26,'view','owner_member',0,1,NULL),('whmedia_project',26,'view','owner_member_member',0,1,NULL),('whmedia_project',26,'view','owner_network',0,1,NULL),('whmedia_project',26,'view','registered',0,1,NULL),('whmedia_project',27,'allow_d_orig','everyone',0,1,NULL),('whmedia_project',27,'comment','everyone',0,1,NULL),('whmedia_project',27,'comment','owner_member',0,1,NULL),('whmedia_project',27,'comment','owner_member_member',0,1,NULL),('whmedia_project',27,'comment','owner_network',0,1,NULL),('whmedia_project',27,'comment','registered',0,1,NULL),('whmedia_project',27,'view','everyone',0,1,NULL),('whmedia_project',27,'view','owner_member',0,1,NULL),('whmedia_project',27,'view','owner_member_member',0,1,NULL),('whmedia_project',27,'view','owner_network',0,1,NULL),('whmedia_project',27,'view','registered',0,1,NULL),('whmedia_project',28,'allow_d_orig','everyone',0,1,NULL),('whmedia_project',28,'comment','everyone',0,1,NULL),('whmedia_project',28,'comment','owner_member',0,1,NULL),('whmedia_project',28,'comment','owner_member_member',0,1,NULL),('whmedia_project',28,'comment','owner_network',0,1,NULL),('whmedia_project',28,'comment','registered',0,1,NULL),('whmedia_project',28,'view','everyone',0,1,NULL),('whmedia_project',28,'view','owner_member',0,1,NULL),('whmedia_project',28,'view','owner_member_member',0,1,NULL),('whmedia_project',28,'view','owner_network',0,1,NULL),('whmedia_project',28,'view','registered',0,1,NULL),('whmedia_project',29,'allow_d_orig','everyone',0,1,NULL),('whmedia_project',29,'comment','everyone',0,1,NULL),('whmedia_project',29,'comment','owner_member',0,1,NULL),('whmedia_project',29,'comment','owner_member_member',0,1,NULL),('whmedia_project',29,'comment','owner_network',0,1,NULL),('whmedia_project',29,'comment','registered',0,1,NULL),('whmedia_project',29,'view','everyone',0,1,NULL),('whmedia_project',29,'view','owner_member',0,1,NULL),('whmedia_project',29,'view','owner_member_member',0,1,NULL),('whmedia_project',29,'view','owner_network',0,1,NULL),('whmedia_project',29,'view','registered',0,1,NULL),('whmedia_project',30,'allow_d_orig','everyone',0,1,NULL),('whmedia_project',30,'comment','everyone',0,1,NULL),('whmedia_project',30,'comment','owner_member',0,1,NULL),('whmedia_project',30,'comment','owner_member_member',0,1,NULL),('whmedia_project',30,'comment','owner_network',0,1,NULL),('whmedia_project',30,'comment','registered',0,1,NULL),('whmedia_project',30,'view','everyone',0,1,NULL),('whmedia_project',30,'view','owner_member',0,1,NULL),('whmedia_project',30,'view','owner_member_member',0,1,NULL),('whmedia_project',30,'view','owner_network',0,1,NULL),('whmedia_project',30,'view','registered',0,1,NULL),('whmedia_project',31,'allow_d_orig','everyone',0,1,NULL),('whmedia_project',31,'comment','everyone',0,1,NULL),('whmedia_project',31,'comment','owner_member',0,1,NULL),('whmedia_project',31,'comment','owner_member_member',0,1,NULL),('whmedia_project',31,'comment','owner_network',0,1,NULL),('whmedia_project',31,'comment','registered',0,1,NULL),('whmedia_project',31,'view','everyone',0,1,NULL),('whmedia_project',31,'view','owner_member',0,1,NULL),('whmedia_project',31,'view','owner_member_member',0,1,NULL),('whmedia_project',31,'view','owner_network',0,1,NULL),('whmedia_project',31,'view','registered',0,1,NULL),('whmedia_project',32,'allow_d_orig','everyone',0,1,NULL),('whmedia_project',32,'comment','everyone',0,1,NULL),('whmedia_project',32,'comment','owner_member',0,1,NULL),('whmedia_project',32,'comment','owner_member_member',0,1,NULL),('whmedia_project',32,'comment','owner_network',0,1,NULL),('whmedia_project',32,'comment','registered',0,1,NULL),('whmedia_project',32,'view','everyone',0,1,NULL),('whmedia_project',32,'view','owner_member',0,1,NULL),('whmedia_project',32,'view','owner_member_member',0,1,NULL),('whmedia_project',32,'view','owner_network',0,1,NULL),('whmedia_project',32,'view','registered',0,1,NULL),('whmedia_project',33,'allow_d_orig','everyone',0,1,NULL),('whmedia_project',33,'comment','everyone',0,1,NULL),('whmedia_project',33,'comment','owner_member',0,1,NULL),('whmedia_project',33,'comment','owner_member_member',0,1,NULL),('whmedia_project',33,'comment','owner_network',0,1,NULL),('whmedia_project',33,'comment','registered',0,1,NULL),('whmedia_project',33,'view','everyone',0,1,NULL),('whmedia_project',33,'view','owner_member',0,1,NULL),('whmedia_project',33,'view','owner_member_member',0,1,NULL),('whmedia_project',33,'view','owner_network',0,1,NULL),('whmedia_project',33,'view','registered',0,1,NULL),('whmedia_project',34,'allow_d_orig','everyone',0,1,NULL),('whmedia_project',34,'comment','everyone',0,1,NULL),('whmedia_project',34,'comment','owner_member',0,1,NULL),('whmedia_project',34,'comment','owner_member_member',0,1,NULL),('whmedia_project',34,'comment','owner_network',0,1,NULL),('whmedia_project',34,'comment','registered',0,1,NULL),('whmedia_project',34,'view','everyone',0,1,NULL),('whmedia_project',34,'view','owner_member',0,1,NULL),('whmedia_project',34,'view','owner_member_member',0,1,NULL),('whmedia_project',34,'view','owner_network',0,1,NULL),('whmedia_project',34,'view','registered',0,1,NULL),('whmedia_project',35,'allow_d_orig','everyone',0,1,NULL),('whmedia_project',35,'comment','everyone',0,1,NULL),('whmedia_project',35,'comment','owner_member',0,1,NULL),('whmedia_project',35,'comment','owner_member_member',0,1,NULL),('whmedia_project',35,'comment','owner_network',0,1,NULL),('whmedia_project',35,'comment','registered',0,1,NULL),('whmedia_project',35,'view','everyone',0,1,NULL),('whmedia_project',35,'view','owner_member',0,1,NULL),('whmedia_project',35,'view','owner_member_member',0,1,NULL),('whmedia_project',35,'view','owner_network',0,1,NULL),('whmedia_project',35,'view','registered',0,1,NULL),('whmedia_project',36,'allow_d_orig','everyone',0,1,NULL),('whmedia_project',36,'comment','everyone',0,1,NULL),('whmedia_project',36,'comment','owner_member',0,1,NULL),('whmedia_project',36,'comment','owner_member_member',0,1,NULL),('whmedia_project',36,'comment','owner_network',0,1,NULL),('whmedia_project',36,'comment','registered',0,1,NULL),('whmedia_project',36,'view','everyone',0,1,NULL),('whmedia_project',36,'view','owner_member',0,1,NULL),('whmedia_project',36,'view','owner_member_member',0,1,NULL),('whmedia_project',36,'view','owner_network',0,1,NULL),('whmedia_project',36,'view','registered',0,1,NULL),('whmedia_project',37,'allow_d_orig','everyone',0,1,NULL),('whmedia_project',37,'comment','everyone',0,1,NULL),('whmedia_project',37,'comment','owner_member',0,1,NULL),('whmedia_project',37,'comment','owner_member_member',0,1,NULL),('whmedia_project',37,'comment','owner_network',0,1,NULL),('whmedia_project',37,'comment','registered',0,1,NULL),('whmedia_project',37,'view','everyone',0,1,NULL),('whmedia_project',37,'view','owner_member',0,1,NULL),('whmedia_project',37,'view','owner_member_member',0,1,NULL),('whmedia_project',37,'view','owner_network',0,1,NULL),('whmedia_project',37,'view','registered',0,1,NULL),('whmedia_project',38,'allow_d_orig','everyone',0,1,NULL),('whmedia_project',38,'comment','everyone',0,1,NULL),('whmedia_project',38,'comment','owner_member',0,1,NULL),('whmedia_project',38,'comment','owner_member_member',0,1,NULL),('whmedia_project',38,'comment','owner_network',0,1,NULL),('whmedia_project',38,'comment','registered',0,1,NULL),('whmedia_project',38,'view','everyone',0,1,NULL),('whmedia_project',38,'view','owner_member',0,1,NULL),('whmedia_project',38,'view','owner_member_member',0,1,NULL),('whmedia_project',38,'view','owner_network',0,1,NULL),('whmedia_project',38,'view','registered',0,1,NULL),('whmedia_project',39,'allow_d_orig','everyone',0,1,NULL),('whmedia_project',39,'comment','everyone',0,1,NULL),('whmedia_project',39,'comment','owner_member',0,1,NULL),('whmedia_project',39,'comment','owner_member_member',0,1,NULL),('whmedia_project',39,'comment','owner_network',0,1,NULL),('whmedia_project',39,'comment','registered',0,1,NULL),('whmedia_project',39,'view','everyone',0,1,NULL),('whmedia_project',39,'view','owner_member',0,1,NULL),('whmedia_project',39,'view','owner_member_member',0,1,NULL),('whmedia_project',39,'view','owner_network',0,1,NULL),('whmedia_project',39,'view','registered',0,1,NULL),('whmedia_project',40,'allow_d_orig','everyone',0,1,NULL),('whmedia_project',40,'comment','everyone',0,1,NULL),('whmedia_project',40,'comment','owner_member',0,1,NULL),('whmedia_project',40,'comment','owner_member_member',0,1,NULL),('whmedia_project',40,'comment','owner_network',0,1,NULL),('whmedia_project',40,'comment','registered',0,1,NULL),('whmedia_project',40,'view','everyone',0,1,NULL),('whmedia_project',40,'view','owner_member',0,1,NULL),('whmedia_project',40,'view','owner_member_member',0,1,NULL),('whmedia_project',40,'view','owner_network',0,1,NULL),('whmedia_project',40,'view','registered',0,1,NULL),('whmedia_project',41,'allow_d_orig','everyone',0,1,NULL),('whmedia_project',41,'comment','everyone',0,1,NULL),('whmedia_project',41,'comment','owner_member',0,1,NULL),('whmedia_project',41,'comment','owner_member_member',0,1,NULL),('whmedia_project',41,'comment','owner_network',0,1,NULL),('whmedia_project',41,'comment','registered',0,1,NULL),('whmedia_project',41,'view','everyone',0,1,NULL),('whmedia_project',41,'view','owner_member',0,1,NULL),('whmedia_project',41,'view','owner_member_member',0,1,NULL),('whmedia_project',41,'view','owner_network',0,1,NULL),('whmedia_project',41,'view','registered',0,1,NULL),('whmedia_project',42,'allow_d_orig','everyone',0,1,NULL),('whmedia_project',42,'comment','everyone',0,1,NULL),('whmedia_project',42,'comment','owner_member',0,1,NULL),('whmedia_project',42,'comment','owner_member_member',0,1,NULL),('whmedia_project',42,'comment','owner_network',0,1,NULL),('whmedia_project',42,'comment','registered',0,1,NULL),('whmedia_project',42,'view','everyone',0,1,NULL),('whmedia_project',42,'view','owner_member',0,1,NULL),('whmedia_project',42,'view','owner_member_member',0,1,NULL),('whmedia_project',42,'view','owner_network',0,1,NULL),('whmedia_project',42,'view','registered',0,1,NULL),('whmedia_project',43,'allow_d_orig','everyone',0,1,NULL),('whmedia_project',43,'comment','everyone',0,1,NULL),('whmedia_project',43,'comment','owner_member',0,1,NULL),('whmedia_project',43,'comment','owner_member_member',0,1,NULL),('whmedia_project',43,'comment','owner_network',0,1,NULL),('whmedia_project',43,'comment','registered',0,1,NULL),('whmedia_project',43,'view','everyone',0,1,NULL),('whmedia_project',43,'view','owner_member',0,1,NULL),('whmedia_project',43,'view','owner_member_member',0,1,NULL),('whmedia_project',43,'view','owner_network',0,1,NULL),('whmedia_project',43,'view','registered',0,1,NULL),('whmedia_project',44,'allow_d_orig','everyone',0,1,NULL),('whmedia_project',44,'comment','everyone',0,1,NULL),('whmedia_project',44,'comment','owner_member',0,1,NULL),('whmedia_project',44,'comment','owner_member_member',0,1,NULL),('whmedia_project',44,'comment','owner_network',0,1,NULL),('whmedia_project',44,'comment','registered',0,1,NULL),('whmedia_project',44,'view','everyone',0,1,NULL),('whmedia_project',44,'view','owner_member',0,1,NULL),('whmedia_project',44,'view','owner_member_member',0,1,NULL),('whmedia_project',44,'view','owner_network',0,1,NULL),('whmedia_project',44,'view','registered',0,1,NULL),('whmedia_project',45,'allow_d_orig','everyone',0,1,NULL),('whmedia_project',45,'comment','everyone',0,1,NULL),('whmedia_project',45,'comment','owner_member',0,1,NULL),('whmedia_project',45,'comment','owner_member_member',0,1,NULL),('whmedia_project',45,'comment','owner_network',0,1,NULL),('whmedia_project',45,'comment','registered',0,1,NULL),('whmedia_project',45,'view','everyone',0,1,NULL),('whmedia_project',45,'view','owner_member',0,1,NULL),('whmedia_project',45,'view','owner_member_member',0,1,NULL),('whmedia_project',45,'view','owner_network',0,1,NULL),('whmedia_project',45,'view','registered',0,1,NULL),('whmedia_project',46,'allow_d_orig','everyone',0,1,NULL),('whmedia_project',46,'comment','everyone',0,1,NULL),('whmedia_project',46,'comment','owner_member',0,1,NULL),('whmedia_project',46,'comment','owner_member_member',0,1,NULL),('whmedia_project',46,'comment','owner_network',0,1,NULL),('whmedia_project',46,'comment','registered',0,1,NULL),('whmedia_project',46,'view','everyone',0,1,NULL),('whmedia_project',46,'view','owner_member',0,1,NULL),('whmedia_project',46,'view','owner_member_member',0,1,NULL),('whmedia_project',46,'view','owner_network',0,1,NULL),('whmedia_project',46,'view','registered',0,1,NULL),('whmedia_project',47,'allow_d_orig','everyone',0,1,NULL),('whmedia_project',47,'comment','everyone',0,1,NULL),('whmedia_project',47,'comment','owner_member',0,1,NULL),('whmedia_project',47,'comment','owner_member_member',0,1,NULL),('whmedia_project',47,'comment','owner_network',0,1,NULL),('whmedia_project',47,'comment','registered',0,1,NULL),('whmedia_project',47,'view','everyone',0,1,NULL),('whmedia_project',47,'view','owner_member',0,1,NULL),('whmedia_project',47,'view','owner_member_member',0,1,NULL),('whmedia_project',47,'view','owner_network',0,1,NULL),('whmedia_project',47,'view','registered',0,1,NULL),('whmedia_project',48,'allow_d_orig','everyone',0,1,NULL),('whmedia_project',48,'comment','everyone',0,1,NULL),('whmedia_project',48,'comment','owner_member',0,1,NULL),('whmedia_project',48,'comment','owner_member_member',0,1,NULL),('whmedia_project',48,'comment','owner_network',0,1,NULL),('whmedia_project',48,'comment','registered',0,1,NULL),('whmedia_project',48,'view','everyone',0,1,NULL),('whmedia_project',48,'view','owner_member',0,1,NULL),('whmedia_project',48,'view','owner_member_member',0,1,NULL),('whmedia_project',48,'view','owner_network',0,1,NULL),('whmedia_project',48,'view','registered',0,1,NULL),('whmedia_project',49,'allow_d_orig','everyone',0,1,NULL),('whmedia_project',49,'comment','everyone',0,1,NULL),('whmedia_project',49,'comment','owner_member',0,1,NULL),('whmedia_project',49,'comment','owner_member_member',0,1,NULL),('whmedia_project',49,'comment','owner_network',0,1,NULL),('whmedia_project',49,'comment','registered',0,1,NULL),('whmedia_project',49,'view','everyone',0,1,NULL),('whmedia_project',49,'view','owner_member',0,1,NULL),('whmedia_project',49,'view','owner_member_member',0,1,NULL),('whmedia_project',49,'view','owner_network',0,1,NULL),('whmedia_project',49,'view','registered',0,1,NULL),('whmedia_project',50,'allow_d_orig','everyone',0,1,NULL),('whmedia_project',50,'comment','everyone',0,1,NULL),('whmedia_project',50,'comment','owner_member',0,1,NULL),('whmedia_project',50,'comment','owner_member_member',0,1,NULL),('whmedia_project',50,'comment','owner_network',0,1,NULL),('whmedia_project',50,'comment','registered',0,1,NULL),('whmedia_project',50,'view','everyone',0,1,NULL),('whmedia_project',50,'view','owner_member',0,1,NULL),('whmedia_project',50,'view','owner_member_member',0,1,NULL),('whmedia_project',50,'view','owner_network',0,1,NULL),('whmedia_project',50,'view','registered',0,1,NULL),('whmedia_project',51,'allow_d_orig','everyone',0,1,NULL),('whmedia_project',51,'comment','everyone',0,1,NULL),('whmedia_project',51,'comment','owner_member',0,1,NULL),('whmedia_project',51,'comment','owner_member_member',0,1,NULL),('whmedia_project',51,'comment','owner_network',0,1,NULL),('whmedia_project',51,'comment','registered',0,1,NULL),('whmedia_project',51,'view','everyone',0,1,NULL),('whmedia_project',51,'view','owner_member',0,1,NULL),('whmedia_project',51,'view','owner_member_member',0,1,NULL),('whmedia_project',51,'view','owner_network',0,1,NULL),('whmedia_project',51,'view','registered',0,1,NULL),('whmedia_project',52,'allow_d_orig','everyone',0,1,NULL),('whmedia_project',52,'comment','everyone',0,1,NULL),('whmedia_project',52,'comment','owner_member',0,1,NULL),('whmedia_project',52,'comment','owner_member_member',0,1,NULL),('whmedia_project',52,'comment','owner_network',0,1,NULL),('whmedia_project',52,'comment','registered',0,1,NULL),('whmedia_project',52,'view','everyone',0,1,NULL),('whmedia_project',52,'view','owner_member',0,1,NULL),('whmedia_project',52,'view','owner_member_member',0,1,NULL),('whmedia_project',52,'view','owner_network',0,1,NULL),('whmedia_project',52,'view','registered',0,1,NULL),('whmedia_project',53,'allow_d_orig','everyone',0,1,NULL),('whmedia_project',53,'comment','everyone',0,1,NULL),('whmedia_project',53,'comment','owner_member',0,1,NULL),('whmedia_project',53,'comment','owner_member_member',0,1,NULL),('whmedia_project',53,'comment','owner_network',0,1,NULL),('whmedia_project',53,'comment','registered',0,1,NULL),('whmedia_project',53,'view','everyone',0,1,NULL),('whmedia_project',53,'view','owner_member',0,1,NULL),('whmedia_project',53,'view','owner_member_member',0,1,NULL),('whmedia_project',53,'view','owner_network',0,1,NULL),('whmedia_project',53,'view','registered',0,1,NULL),('whmedia_project',54,'allow_d_orig','everyone',0,1,NULL),('whmedia_project',54,'comment','everyone',0,1,NULL),('whmedia_project',54,'comment','owner_member',0,1,NULL),('whmedia_project',54,'comment','owner_member_member',0,1,NULL),('whmedia_project',54,'comment','owner_network',0,1,NULL),('whmedia_project',54,'comment','registered',0,1,NULL),('whmedia_project',54,'view','everyone',0,1,NULL),('whmedia_project',54,'view','owner_member',0,1,NULL),('whmedia_project',54,'view','owner_member_member',0,1,NULL),('whmedia_project',54,'view','owner_network',0,1,NULL),('whmedia_project',54,'view','registered',0,1,NULL),('whmedia_project',55,'allow_d_orig','everyone',0,1,NULL),('whmedia_project',55,'comment','everyone',0,1,NULL),('whmedia_project',55,'comment','owner_member',0,1,NULL),('whmedia_project',55,'comment','owner_member_member',0,1,NULL),('whmedia_project',55,'comment','owner_network',0,1,NULL),('whmedia_project',55,'comment','registered',0,1,NULL),('whmedia_project',55,'view','everyone',0,1,NULL),('whmedia_project',55,'view','owner_member',0,1,NULL),('whmedia_project',55,'view','owner_member_member',0,1,NULL),('whmedia_project',55,'view','owner_network',0,1,NULL),('whmedia_project',55,'view','registered',0,1,NULL),('whmedia_project',56,'allow_d_orig','everyone',0,1,NULL),('whmedia_project',56,'comment','everyone',0,1,NULL),('whmedia_project',56,'comment','owner_member',0,1,NULL),('whmedia_project',56,'comment','owner_member_member',0,1,NULL),('whmedia_project',56,'comment','owner_network',0,1,NULL),('whmedia_project',56,'comment','registered',0,1,NULL),('whmedia_project',56,'view','everyone',0,1,NULL),('whmedia_project',56,'view','owner_member',0,1,NULL),('whmedia_project',56,'view','owner_member_member',0,1,NULL),('whmedia_project',56,'view','owner_network',0,1,NULL),('whmedia_project',56,'view','registered',0,1,NULL),('whmedia_project',57,'allow_d_orig','everyone',0,1,NULL),('whmedia_project',57,'comment','everyone',0,1,NULL),('whmedia_project',57,'comment','owner_member',0,1,NULL),('whmedia_project',57,'comment','owner_member_member',0,1,NULL),('whmedia_project',57,'comment','owner_network',0,1,NULL),('whmedia_project',57,'comment','registered',0,1,NULL),('whmedia_project',57,'view','everyone',0,1,NULL),('whmedia_project',57,'view','owner_member',0,1,NULL),('whmedia_project',57,'view','owner_member_member',0,1,NULL),('whmedia_project',57,'view','owner_network',0,1,NULL),('whmedia_project',57,'view','registered',0,1,NULL),('whmedia_project',58,'allow_d_orig','everyone',0,1,NULL),('whmedia_project',58,'comment','everyone',0,1,NULL),('whmedia_project',58,'comment','owner_member',0,1,NULL),('whmedia_project',58,'comment','owner_member_member',0,1,NULL),('whmedia_project',58,'comment','owner_network',0,1,NULL),('whmedia_project',58,'comment','registered',0,1,NULL),('whmedia_project',58,'view','everyone',0,1,NULL),('whmedia_project',58,'view','owner_member',0,1,NULL),('whmedia_project',58,'view','owner_member_member',0,1,NULL),('whmedia_project',58,'view','owner_network',0,1,NULL),('whmedia_project',58,'view','registered',0,1,NULL),('whmedia_project',59,'allow_d_orig','everyone',0,1,NULL),('whmedia_project',59,'comment','everyone',0,1,NULL),('whmedia_project',59,'comment','owner_member',0,1,NULL),('whmedia_project',59,'comment','owner_member_member',0,1,NULL),('whmedia_project',59,'comment','owner_network',0,1,NULL),('whmedia_project',59,'comment','registered',0,1,NULL),('whmedia_project',59,'view','everyone',0,1,NULL),('whmedia_project',59,'view','owner_member',0,1,NULL),('whmedia_project',59,'view','owner_member_member',0,1,NULL),('whmedia_project',59,'view','owner_network',0,1,NULL),('whmedia_project',59,'view','registered',0,1,NULL),('whmedia_project',60,'allow_d_orig','everyone',0,1,NULL),('whmedia_project',60,'comment','everyone',0,1,NULL),('whmedia_project',60,'comment','owner_member',0,1,NULL),('whmedia_project',60,'comment','owner_member_member',0,1,NULL),('whmedia_project',60,'comment','owner_network',0,1,NULL),('whmedia_project',60,'comment','registered',0,1,NULL),('whmedia_project',60,'view','everyone',0,1,NULL),('whmedia_project',60,'view','owner_member',0,1,NULL),('whmedia_project',60,'view','owner_member_member',0,1,NULL),('whmedia_project',60,'view','owner_network',0,1,NULL),('whmedia_project',60,'view','registered',0,1,NULL),('whmedia_project',61,'allow_d_orig','everyone',0,1,NULL),('whmedia_project',61,'comment','everyone',0,1,NULL),('whmedia_project',61,'comment','owner_member',0,1,NULL),('whmedia_project',61,'comment','owner_member_member',0,1,NULL),('whmedia_project',61,'comment','owner_network',0,1,NULL),('whmedia_project',61,'comment','registered',0,1,NULL),('whmedia_project',61,'view','everyone',0,1,NULL),('whmedia_project',61,'view','owner_member',0,1,NULL),('whmedia_project',61,'view','owner_member_member',0,1,NULL),('whmedia_project',61,'view','owner_network',0,1,NULL),('whmedia_project',61,'view','registered',0,1,NULL),('whmedia_project',62,'allow_d_orig','everyone',0,1,NULL),('whmedia_project',62,'comment','everyone',0,1,NULL),('whmedia_project',62,'comment','owner_member',0,1,NULL),('whmedia_project',62,'comment','owner_member_member',0,1,NULL),('whmedia_project',62,'comment','owner_network',0,1,NULL),('whmedia_project',62,'comment','registered',0,1,NULL),('whmedia_project',62,'view','everyone',0,1,NULL),('whmedia_project',62,'view','owner_member',0,1,NULL),('whmedia_project',62,'view','owner_member_member',0,1,NULL),('whmedia_project',62,'view','owner_network',0,1,NULL),('whmedia_project',62,'view','registered',0,1,NULL),('whmedia_project',63,'allow_d_orig','everyone',0,1,NULL),('whmedia_project',63,'comment','everyone',0,1,NULL),('whmedia_project',63,'comment','owner_member',0,1,NULL),('whmedia_project',63,'comment','owner_member_member',0,1,NULL),('whmedia_project',63,'comment','owner_network',0,1,NULL),('whmedia_project',63,'comment','registered',0,1,NULL),('whmedia_project',63,'view','everyone',0,1,NULL),('whmedia_project',63,'view','owner_member',0,1,NULL),('whmedia_project',63,'view','owner_member_member',0,1,NULL),('whmedia_project',63,'view','owner_network',0,1,NULL),('whmedia_project',63,'view','registered',0,1,NULL),('whmedia_project',64,'allow_d_orig','everyone',0,1,NULL),('whmedia_project',64,'comment','everyone',0,1,NULL),('whmedia_project',64,'comment','owner_member',0,1,NULL),('whmedia_project',64,'comment','owner_member_member',0,1,NULL),('whmedia_project',64,'comment','owner_network',0,1,NULL),('whmedia_project',64,'comment','registered',0,1,NULL),('whmedia_project',64,'view','everyone',0,1,NULL),('whmedia_project',64,'view','owner_member',0,1,NULL),('whmedia_project',64,'view','owner_member_member',0,1,NULL),('whmedia_project',64,'view','owner_network',0,1,NULL),('whmedia_project',64,'view','registered',0,1,NULL),('whmedia_project',65,'allow_d_orig','everyone',0,1,NULL),('whmedia_project',65,'comment','everyone',0,1,NULL),('whmedia_project',65,'comment','owner_member',0,1,NULL),('whmedia_project',65,'comment','owner_member_member',0,1,NULL),('whmedia_project',65,'comment','owner_network',0,1,NULL),('whmedia_project',65,'comment','registered',0,1,NULL),('whmedia_project',65,'view','everyone',0,1,NULL),('whmedia_project',65,'view','owner_member',0,1,NULL),('whmedia_project',65,'view','owner_member_member',0,1,NULL),('whmedia_project',65,'view','owner_network',0,1,NULL),('whmedia_project',65,'view','registered',0,1,NULL),('whmedia_project',66,'allow_d_orig','everyone',0,1,NULL),('whmedia_project',66,'comment','everyone',0,1,NULL),('whmedia_project',66,'comment','owner_member',0,1,NULL),('whmedia_project',66,'comment','owner_member_member',0,1,NULL),('whmedia_project',66,'comment','owner_network',0,1,NULL),('whmedia_project',66,'comment','registered',0,1,NULL),('whmedia_project',66,'view','everyone',0,1,NULL),('whmedia_project',66,'view','owner_member',0,1,NULL),('whmedia_project',66,'view','owner_member_member',0,1,NULL),('whmedia_project',66,'view','owner_network',0,1,NULL),('whmedia_project',66,'view','registered',0,1,NULL),('whmedia_project',67,'allow_d_orig','everyone',0,1,NULL),('whmedia_project',67,'comment','everyone',0,1,NULL),('whmedia_project',67,'comment','owner_member',0,1,NULL),('whmedia_project',67,'comment','owner_member_member',0,1,NULL),('whmedia_project',67,'comment','owner_network',0,1,NULL),('whmedia_project',67,'comment','registered',0,1,NULL),('whmedia_project',67,'view','everyone',0,1,NULL),('whmedia_project',67,'view','owner_member',0,1,NULL),('whmedia_project',67,'view','owner_member_member',0,1,NULL),('whmedia_project',67,'view','owner_network',0,1,NULL),('whmedia_project',67,'view','registered',0,1,NULL),('whmedia_project',68,'allow_d_orig','everyone',0,1,NULL),('whmedia_project',68,'comment','everyone',0,1,NULL),('whmedia_project',68,'comment','owner_member',0,1,NULL),('whmedia_project',68,'comment','owner_member_member',0,1,NULL),('whmedia_project',68,'comment','owner_network',0,1,NULL),('whmedia_project',68,'comment','registered',0,1,NULL),('whmedia_project',68,'view','everyone',0,1,NULL),('whmedia_project',68,'view','owner_member',0,1,NULL),('whmedia_project',68,'view','owner_member_member',0,1,NULL),('whmedia_project',68,'view','owner_network',0,1,NULL),('whmedia_project',68,'view','registered',0,1,NULL),('whmedia_project',69,'allow_d_orig','everyone',0,1,NULL),('whmedia_project',69,'comment','everyone',0,1,NULL),('whmedia_project',69,'comment','owner_member',0,1,NULL),('whmedia_project',69,'comment','owner_member_member',0,1,NULL),('whmedia_project',69,'comment','owner_network',0,1,NULL),('whmedia_project',69,'comment','registered',0,1,NULL),('whmedia_project',69,'view','everyone',0,1,NULL),('whmedia_project',69,'view','owner_member',0,1,NULL),('whmedia_project',69,'view','owner_member_member',0,1,NULL),('whmedia_project',69,'view','owner_network',0,1,NULL),('whmedia_project',69,'view','registered',0,1,NULL),('whmedia_project',70,'allow_d_orig','everyone',0,1,NULL),('whmedia_project',70,'comment','everyone',0,1,NULL),('whmedia_project',70,'comment','owner_member',0,1,NULL),('whmedia_project',70,'comment','owner_member_member',0,1,NULL),('whmedia_project',70,'comment','owner_network',0,1,NULL),('whmedia_project',70,'comment','registered',0,1,NULL),('whmedia_project',70,'view','everyone',0,1,NULL),('whmedia_project',70,'view','owner_member',0,1,NULL),('whmedia_project',70,'view','owner_member_member',0,1,NULL),('whmedia_project',70,'view','owner_network',0,1,NULL),('whmedia_project',70,'view','registered',0,1,NULL),('whmedia_project',71,'allow_d_orig','everyone',0,1,NULL),('whmedia_project',71,'comment','everyone',0,1,NULL),('whmedia_project',71,'comment','owner_member',0,1,NULL),('whmedia_project',71,'comment','owner_member_member',0,1,NULL),('whmedia_project',71,'comment','owner_network',0,1,NULL),('whmedia_project',71,'comment','registered',0,1,NULL),('whmedia_project',71,'view','everyone',0,1,NULL),('whmedia_project',71,'view','owner_member',0,1,NULL),('whmedia_project',71,'view','owner_member_member',0,1,NULL),('whmedia_project',71,'view','owner_network',0,1,NULL),('whmedia_project',71,'view','registered',0,1,NULL),('whmedia_project',72,'allow_d_orig','everyone',0,1,NULL),('whmedia_project',72,'comment','everyone',0,1,NULL),('whmedia_project',72,'comment','owner_member',0,1,NULL),('whmedia_project',72,'comment','owner_member_member',0,1,NULL),('whmedia_project',72,'comment','owner_network',0,1,NULL),('whmedia_project',72,'comment','registered',0,1,NULL),('whmedia_project',72,'view','everyone',0,1,NULL),('whmedia_project',72,'view','owner_member',0,1,NULL),('whmedia_project',72,'view','owner_member_member',0,1,NULL),('whmedia_project',72,'view','owner_network',0,1,NULL),('whmedia_project',72,'view','registered',0,1,NULL),('whmedia_project',73,'allow_d_orig','everyone',0,1,NULL),('whmedia_project',73,'comment','everyone',0,1,NULL),('whmedia_project',73,'comment','owner_member',0,1,NULL),('whmedia_project',73,'comment','owner_member_member',0,1,NULL),('whmedia_project',73,'comment','owner_network',0,1,NULL),('whmedia_project',73,'comment','registered',0,1,NULL),('whmedia_project',73,'view','everyone',0,1,NULL),('whmedia_project',73,'view','owner_member',0,1,NULL),('whmedia_project',73,'view','owner_member_member',0,1,NULL),('whmedia_project',73,'view','owner_network',0,1,NULL),('whmedia_project',73,'view','registered',0,1,NULL),('whmedia_project',74,'allow_d_orig','everyone',0,1,NULL),('whmedia_project',74,'comment','everyone',0,1,NULL),('whmedia_project',74,'comment','owner_member',0,1,NULL),('whmedia_project',74,'comment','owner_member_member',0,1,NULL),('whmedia_project',74,'comment','owner_network',0,1,NULL),('whmedia_project',74,'comment','registered',0,1,NULL),('whmedia_project',74,'view','everyone',0,1,NULL),('whmedia_project',74,'view','owner_member',0,1,NULL),('whmedia_project',74,'view','owner_member_member',0,1,NULL),('whmedia_project',74,'view','owner_network',0,1,NULL),('whmedia_project',74,'view','registered',0,1,NULL),('whmedia_project',75,'allow_d_orig','everyone',0,1,NULL),('whmedia_project',75,'comment','everyone',0,1,NULL),('whmedia_project',75,'comment','owner_member',0,1,NULL),('whmedia_project',75,'comment','owner_member_member',0,1,NULL),('whmedia_project',75,'comment','owner_network',0,1,NULL),('whmedia_project',75,'comment','registered',0,1,NULL),('whmedia_project',75,'view','everyone',0,1,NULL),('whmedia_project',75,'view','owner_member',0,1,NULL),('whmedia_project',75,'view','owner_member_member',0,1,NULL),('whmedia_project',75,'view','owner_network',0,1,NULL),('whmedia_project',75,'view','registered',0,1,NULL),('whmedia_project',76,'allow_d_orig','everyone',0,1,NULL),('whmedia_project',76,'comment','everyone',0,1,NULL),('whmedia_project',76,'comment','owner_member',0,1,NULL),('whmedia_project',76,'comment','owner_member_member',0,1,NULL),('whmedia_project',76,'comment','owner_network',0,1,NULL),('whmedia_project',76,'comment','registered',0,1,NULL),('whmedia_project',76,'view','everyone',0,1,NULL),('whmedia_project',76,'view','owner_member',0,1,NULL),('whmedia_project',76,'view','owner_member_member',0,1,NULL),('whmedia_project',76,'view','owner_network',0,1,NULL),('whmedia_project',76,'view','registered',0,1,NULL),('whmedia_project',77,'allow_d_orig','everyone',0,1,NULL),('whmedia_project',77,'comment','everyone',0,1,NULL),('whmedia_project',77,'comment','owner_member',0,1,NULL),('whmedia_project',77,'comment','owner_member_member',0,1,NULL),('whmedia_project',77,'comment','owner_network',0,1,NULL),('whmedia_project',77,'comment','registered',0,1,NULL),('whmedia_project',77,'view','everyone',0,1,NULL),('whmedia_project',77,'view','owner_member',0,1,NULL),('whmedia_project',77,'view','owner_member_member',0,1,NULL),('whmedia_project',77,'view','owner_network',0,1,NULL),('whmedia_project',77,'view','registered',0,1,NULL),('whmedia_project',78,'allow_d_orig','everyone',0,1,NULL),('whmedia_project',78,'comment','everyone',0,1,NULL),('whmedia_project',78,'comment','owner_member',0,1,NULL),('whmedia_project',78,'comment','owner_member_member',0,1,NULL),('whmedia_project',78,'comment','owner_network',0,1,NULL),('whmedia_project',78,'comment','registered',0,1,NULL),('whmedia_project',78,'view','everyone',0,1,NULL),('whmedia_project',78,'view','owner_member',0,1,NULL),('whmedia_project',78,'view','owner_member_member',0,1,NULL),('whmedia_project',78,'view','owner_network',0,1,NULL),('whmedia_project',78,'view','registered',0,1,NULL),('whmedia_project',79,'allow_d_orig','everyone',0,1,NULL),('whmedia_project',79,'comment','everyone',0,1,NULL),('whmedia_project',79,'comment','owner_member',0,1,NULL),('whmedia_project',79,'comment','owner_member_member',0,1,NULL),('whmedia_project',79,'comment','owner_network',0,1,NULL),('whmedia_project',79,'comment','registered',0,1,NULL),('whmedia_project',79,'view','everyone',0,1,NULL),('whmedia_project',79,'view','owner_member',0,1,NULL),('whmedia_project',79,'view','owner_member_member',0,1,NULL),('whmedia_project',79,'view','owner_network',0,1,NULL),('whmedia_project',79,'view','registered',0,1,NULL),('whmedia_project',80,'allow_d_orig','everyone',0,1,NULL),('whmedia_project',80,'comment','everyone',0,1,NULL),('whmedia_project',80,'comment','owner_member',0,1,NULL),('whmedia_project',80,'comment','owner_member_member',0,1,NULL),('whmedia_project',80,'comment','owner_network',0,1,NULL),('whmedia_project',80,'comment','registered',0,1,NULL),('whmedia_project',80,'view','everyone',0,1,NULL),('whmedia_project',80,'view','owner_member',0,1,NULL),('whmedia_project',80,'view','owner_member_member',0,1,NULL),('whmedia_project',80,'view','owner_network',0,1,NULL),('whmedia_project',80,'view','registered',0,1,NULL),('whmedia_project',81,'allow_d_orig','everyone',0,1,NULL),('whmedia_project',81,'comment','everyone',0,1,NULL),('whmedia_project',81,'comment','owner_member',0,1,NULL),('whmedia_project',81,'comment','owner_member_member',0,1,NULL),('whmedia_project',81,'comment','owner_network',0,1,NULL),('whmedia_project',81,'comment','registered',0,1,NULL),('whmedia_project',81,'view','everyone',0,1,NULL),('whmedia_project',81,'view','owner_member',0,1,NULL),('whmedia_project',81,'view','owner_member_member',0,1,NULL),('whmedia_project',81,'view','owner_network',0,1,NULL),('whmedia_project',81,'view','registered',0,1,NULL),('whmedia_project',82,'allow_d_orig','everyone',0,1,NULL),('whmedia_project',82,'comment','everyone',0,1,NULL),('whmedia_project',82,'comment','owner_member',0,1,NULL),('whmedia_project',82,'comment','owner_member_member',0,1,NULL),('whmedia_project',82,'comment','owner_network',0,1,NULL),('whmedia_project',82,'comment','registered',0,1,NULL),('whmedia_project',82,'view','everyone',0,1,NULL),('whmedia_project',82,'view','owner_member',0,1,NULL),('whmedia_project',82,'view','owner_member_member',0,1,NULL),('whmedia_project',82,'view','owner_network',0,1,NULL),('whmedia_project',82,'view','registered',0,1,NULL),('whmedia_project',83,'allow_d_orig','everyone',0,1,NULL),('whmedia_project',83,'comment','everyone',0,1,NULL),('whmedia_project',83,'comment','owner_member',0,1,NULL),('whmedia_project',83,'comment','owner_member_member',0,1,NULL),('whmedia_project',83,'comment','owner_network',0,1,NULL),('whmedia_project',83,'comment','registered',0,1,NULL),('whmedia_project',83,'view','everyone',0,1,NULL),('whmedia_project',83,'view','owner_member',0,1,NULL),('whmedia_project',83,'view','owner_member_member',0,1,NULL),('whmedia_project',83,'view','owner_network',0,1,NULL),('whmedia_project',83,'view','registered',0,1,NULL),('whmedia_project',84,'allow_d_orig','everyone',0,1,NULL),('whmedia_project',84,'comment','everyone',0,1,NULL),('whmedia_project',84,'comment','owner_member',0,1,NULL),('whmedia_project',84,'comment','owner_member_member',0,1,NULL),('whmedia_project',84,'comment','owner_network',0,1,NULL),('whmedia_project',84,'comment','registered',0,1,NULL),('whmedia_project',84,'view','everyone',0,1,NULL),('whmedia_project',84,'view','owner_member',0,1,NULL),('whmedia_project',84,'view','owner_member_member',0,1,NULL),('whmedia_project',84,'view','owner_network',0,1,NULL),('whmedia_project',84,'view','registered',0,1,NULL),('whmedia_project',85,'allow_d_orig','everyone',0,1,NULL),('whmedia_project',85,'comment','everyone',0,1,NULL),('whmedia_project',85,'comment','owner_member',0,1,NULL),('whmedia_project',85,'comment','owner_member_member',0,1,NULL),('whmedia_project',85,'comment','owner_network',0,1,NULL),('whmedia_project',85,'comment','registered',0,1,NULL),('whmedia_project',85,'view','everyone',0,1,NULL),('whmedia_project',85,'view','owner_member',0,1,NULL),('whmedia_project',85,'view','owner_member_member',0,1,NULL),('whmedia_project',85,'view','owner_network',0,1,NULL),('whmedia_project',85,'view','registered',0,1,NULL);
/*!40000 ALTER TABLE `engine4_authorization_allow` ENABLE KEYS */;
UNLOCK TABLES;

--
-- Table structure for table `engine4_authorization_levels`
--

DROP TABLE IF EXISTS `engine4_authorization_levels`;
/*!40101 SET @saved_cs_client     = @@character_set_client */;
/*!40101 SET character_set_client = utf8 */;
CREATE TABLE `engine4_authorization_levels` (
  `level_id` int(11) NOT NULL AUTO_INCREMENT,
  `title` varchar(255) COLLATE utf8_unicode_ci NOT NULL,
  `description` text COLLATE utf8_unicode_ci NOT NULL,
  `type` enum('public','user','moderator','admin') COLLATE utf8_unicode_ci NOT NULL DEFAULT 'user',
  `flag` enum('default','superadmin','public') COLLATE utf8_unicode_ci DEFAULT NULL,
  PRIMARY KEY (`level_id`)
) ENGINE=InnoDB AUTO_INCREMENT=6 DEFAULT CHARSET=utf8 COLLATE=utf8_unicode_ci;
/*!40101 SET character_set_client = @saved_cs_client */;

--
-- Dumping data for table `engine4_authorization_levels`
--

LOCK TABLES `engine4_authorization_levels` WRITE;
/*!40000 ALTER TABLE `engine4_authorization_levels` DISABLE KEYS */;
INSERT INTO `engine4_authorization_levels` VALUES (1,'Superadmins','Users of this level can modify all of your settings and data.  This level cannot be modified or deleted.','admin','superadmin'),(2,'Admins','Users of this level have full access to all of your network settings and data.','admin',''),(3,'Moderators','Users of this level may edit user-side content.','moderator',''),(4,'Default Level','This is the default user level.  New users are assigned to it automatically.','user','default'),(5,'Public','Settings for this level apply to users who have not logged in.','public','public');
/*!40000 ALTER TABLE `engine4_authorization_levels` ENABLE KEYS */;
UNLOCK TABLES;

--
-- Table structure for table `engine4_authorization_permissions`
--

DROP TABLE IF EXISTS `engine4_authorization_permissions`;
/*!40101 SET @saved_cs_client     = @@character_set_client */;
/*!40101 SET character_set_client = utf8 */;
CREATE TABLE `engine4_authorization_permissions` (
  `level_id` int(11) unsigned NOT NULL,
  `type` varchar(16) CHARACTER SET latin1 COLLATE latin1_general_ci NOT NULL,
  `name` varchar(16) CHARACTER SET latin1 COLLATE latin1_general_ci NOT NULL,
  `value` tinyint(3) NOT NULL DEFAULT '0',
  `params` varchar(255) COLLATE utf8_unicode_ci DEFAULT NULL,
  PRIMARY KEY (`level_id`,`type`,`name`)
) ENGINE=InnoDB DEFAULT CHARSET=utf8 COLLATE=utf8_unicode_ci;
/*!40101 SET character_set_client = @saved_cs_client */;

--
-- Dumping data for table `engine4_authorization_permissions`
--

LOCK TABLES `engine4_authorization_permissions` WRITE;
/*!40000 ALTER TABLE `engine4_authorization_permissions` DISABLE KEYS */;
INSERT INTO `engine4_authorization_permissions` VALUES (1,'admin','view',1,NULL),(1,'announcement','create',1,NULL),(1,'announcement','delete',2,NULL),(1,'announcement','edit',2,NULL),(1,'announcement','view',2,NULL),(1,'core_link','create',1,NULL),(1,'core_link','delete',2,NULL),(1,'core_link','view',2,NULL),(1,'general','activity',2,NULL),(1,'general','style',2,NULL),(1,'messages','auth',3,'friends'),(1,'messages','create',1,NULL),(1,'user','activity',1,NULL),(1,'user','auth_comment',5,'[\"everyone\",\"registered\",\"network\",\"member\",\"owner\"]'),(1,'user','auth_view',5,'[\"everyone\",\"registered\",\"network\",\"member\",\"owner\"]'),(1,'user','block',1,NULL),(1,'user','comment',2,NULL),(1,'user','create',1,NULL),(1,'user','delete',2,NULL),(1,'user','edit',2,NULL),(1,'user','search',1,NULL),(1,'user','status',1,NULL),(1,'user','style',2,NULL),(1,'user','username',2,NULL),(1,'user','view',2,NULL),(1,'whmedia_project','auth_comment',5,'[\"everyone\",\"registered\",\"owner_network\",\"owner_member_member\",\"owner_member\",\"owner\"]'),(1,'whmedia_project','auth_view',5,'[\"everyone\",\"registered\",\"owner_network\",\"owner_member_member\",\"owner_member\",\"owner\"]'),(1,'whmedia_project','comment',1,NULL),(1,'whmedia_project','create',1,NULL),(1,'whmedia_project','file_type',5,'[\"image\",\"video\",\"audio\"]'),(1,'whmedia_project','medias_count',3,'100'),(1,'whmedia_project','save_original',1,NULL),(1,'whmedia_project','view',1,NULL),(2,'admin','view',1,NULL),(2,'announcement','create',1,NULL),(2,'announcement','delete',2,NULL),(2,'announcement','edit',2,NULL),(2,'announcement','view',2,NULL),(2,'core_link','create',1,NULL),(2,'core_link','delete',2,NULL),(2,'core_link','view',2,NULL),(2,'general','activity',2,NULL),(2,'general','style',2,NULL),(2,'messages','auth',3,'friends'),(2,'messages','create',1,NULL),(2,'user','activity',1,NULL),(2,'user','auth_comment',5,'[\"everyone\",\"registered\",\"network\",\"member\",\"owner\"]'),(2,'user','auth_view',5,'[\"everyone\",\"registered\",\"network\",\"member\",\"owner\"]'),(2,'user','block',1,NULL),(2,'user','comment',2,NULL),(2,'user','create',1,NULL),(2,'user','delete',2,NULL),(2,'user','edit',2,NULL),(2,'user','search',1,NULL),(2,'user','status',1,NULL),(2,'user','style',2,NULL),(2,'user','username',2,NULL),(2,'user','view',2,NULL),(2,'whmedia_project','auth_comment',5,'[\"everyone\",\"registered\",\"owner_network\",\"owner_member_member\",\"owner_member\",\"owner\"]'),(2,'whmedia_project','auth_view',5,'[\"everyone\",\"registered\",\"owner_network\",\"owner_member_member\",\"owner_member\",\"owner\"]'),(2,'whmedia_project','comment',1,NULL),(2,'whmedia_project','create',1,NULL),(2,'whmedia_project','file_type',5,'[\"image\",\"video\",\"audio\"]'),(2,'whmedia_project','medias_count',3,'100'),(2,'whmedia_project','save_original',1,NULL),(2,'whmedia_project','view',1,NULL),(3,'announcement','view',1,NULL),(3,'core_link','create',1,NULL),(3,'core_link','delete',2,NULL),(3,'core_link','view',2,NULL),(3,'general','activity',2,NULL),(3,'general','style',2,NULL),(3,'messages','auth',3,'friends'),(3,'messages','create',1,NULL),(3,'user','activity',1,NULL),(3,'user','auth_comment',5,'[\"everyone\",\"registered\",\"network\",\"member\",\"owner\"]'),(3,'user','auth_view',5,'[\"everyone\",\"registered\",\"network\",\"member\",\"owner\"]'),(3,'user','block',1,NULL),(3,'user','comment',2,NULL),(3,'user','create',1,NULL),(3,'user','delete',2,NULL),(3,'user','edit',2,NULL),(3,'user','search',1,NULL),(3,'user','status',1,NULL),(3,'user','style',2,NULL),(3,'user','username',2,NULL),(3,'user','view',2,NULL),(3,'whmedia_project','auth_comment',5,'[\"everyone\",\"registered\",\"owner_network\",\"owner_member_member\",\"owner_member\",\"owner\"]'),(3,'whmedia_project','auth_view',5,'[\"everyone\",\"registered\",\"owner_network\",\"owner_member_member\",\"owner_member\",\"owner\"]'),(3,'whmedia_project','comment',1,NULL),(3,'whmedia_project','create',1,NULL),(3,'whmedia_project','file_type',5,'[\"image\",\"video\",\"audio\"]'),(3,'whmedia_project','medias_count',3,'100'),(3,'whmedia_project','save_original',1,NULL),(3,'whmedia_project','view',1,NULL),(4,'announcement','view',1,NULL),(4,'core_link','create',1,NULL),(4,'core_link','delete',1,NULL),(4,'core_link','view',1,NULL),(4,'general','style',1,NULL),(4,'messages','auth',3,'friends'),(4,'messages','create',1,NULL),(4,'user','auth_comment',5,'[\"everyone\",\"registered\",\"network\",\"member\",\"owner\"]'),(4,'user','auth_view',5,'[\"everyone\",\"registered\",\"network\",\"member\",\"owner\"]'),(4,'user','block',1,NULL),(4,'user','comment',1,NULL),(4,'user','create',1,NULL),(4,'user','delete',1,NULL),(4,'user','edit',1,NULL),(4,'user','search',1,NULL),(4,'user','status',1,NULL),(4,'user','style',1,NULL),(4,'user','username',1,NULL),(4,'user','view',1,NULL),(4,'whmedia_project','auth_comment',5,'[\"everyone\",\"registered\",\"owner_network\",\"owner_member_member\",\"owner_member\",\"owner\"]'),(4,'whmedia_project','auth_view',5,'[\"everyone\",\"registered\",\"owner_network\",\"owner_member_member\",\"owner_member\",\"owner\"]'),(4,'whmedia_project','comment',1,NULL),(4,'whmedia_project','create',1,NULL),(4,'whmedia_project','file_type',5,'[\"image\",\"video\",\"audio\"]'),(4,'whmedia_project','medias_count',3,'100'),(4,'whmedia_project','save_original',1,NULL),(4,'whmedia_project','view',1,NULL),(5,'announcement','view',1,NULL),(5,'core_link','view',1,NULL),(5,'user','view',1,NULL),(5,'whmedia_project','view',1,NULL);
/*!40000 ALTER TABLE `engine4_authorization_permissions` ENABLE KEYS */;
UNLOCK TABLES;

--
-- Table structure for table `engine4_core_adcampaigns`
--

DROP TABLE IF EXISTS `engine4_core_adcampaigns`;
/*!40101 SET @saved_cs_client     = @@character_set_client */;
/*!40101 SET character_set_client = utf8 */;
CREATE TABLE `engine4_core_adcampaigns` (
  `adcampaign_id` int(11) unsigned NOT NULL AUTO_INCREMENT,
  `end_settings` tinyint(4) NOT NULL,
  `name` varchar(255) COLLATE utf8_unicode_ci NOT NULL,
  `start_time` datetime NOT NULL,
  `end_time` datetime NOT NULL,
  `limit_view` int(11) unsigned NOT NULL DEFAULT '0',
  `limit_click` int(11) unsigned NOT NULL DEFAULT '0',
  `limit_ctr` varchar(11) COLLATE utf8_unicode_ci NOT NULL DEFAULT '0',
  `network` varchar(255) COLLATE utf8_unicode_ci NOT NULL,
  `level` varchar(255) COLLATE utf8_unicode_ci NOT NULL,
  `views` int(11) unsigned NOT NULL DEFAULT '0',
  `clicks` int(11) unsigned NOT NULL DEFAULT '0',
  `status` tinyint(4) NOT NULL DEFAULT '0',
  PRIMARY KEY (`adcampaign_id`)
) ENGINE=InnoDB DEFAULT CHARSET=utf8 COLLATE=utf8_unicode_ci;
/*!40101 SET character_set_client = @saved_cs_client */;

--
-- Dumping data for table `engine4_core_adcampaigns`
--

LOCK TABLES `engine4_core_adcampaigns` WRITE;
/*!40000 ALTER TABLE `engine4_core_adcampaigns` DISABLE KEYS */;
/*!40000 ALTER TABLE `engine4_core_adcampaigns` ENABLE KEYS */;
UNLOCK TABLES;

--
-- Table structure for table `engine4_core_adphotos`
--

DROP TABLE IF EXISTS `engine4_core_adphotos`;
/*!40101 SET @saved_cs_client     = @@character_set_client */;
/*!40101 SET character_set_client = utf8 */;
CREATE TABLE `engine4_core_adphotos` (
  `adphoto_id` int(11) unsigned NOT NULL AUTO_INCREMENT,
  `ad_id` int(11) unsigned NOT NULL,
  `title` varchar(128) COLLATE utf8_unicode_ci NOT NULL,
  `description` varchar(255) COLLATE utf8_unicode_ci NOT NULL,
  `file_id` int(11) unsigned NOT NULL,
  `creation_date` datetime NOT NULL,
  `modified_date` datetime NOT NULL,
  PRIMARY KEY (`adphoto_id`),
  KEY `ad_id` (`ad_id`)
) ENGINE=InnoDB DEFAULT CHARSET=utf8 COLLATE=utf8_unicode_ci;
/*!40101 SET character_set_client = @saved_cs_client */;

--
-- Dumping data for table `engine4_core_adphotos`
--

LOCK TABLES `engine4_core_adphotos` WRITE;
/*!40000 ALTER TABLE `engine4_core_adphotos` DISABLE KEYS */;
/*!40000 ALTER TABLE `engine4_core_adphotos` ENABLE KEYS */;
UNLOCK TABLES;

--
-- Table structure for table `engine4_core_ads`
--

DROP TABLE IF EXISTS `engine4_core_ads`;
/*!40101 SET @saved_cs_client     = @@character_set_client */;
/*!40101 SET character_set_client = utf8 */;
CREATE TABLE `engine4_core_ads` (
  `ad_id` int(11) unsigned NOT NULL AUTO_INCREMENT,
  `name` varchar(16) COLLATE utf8_unicode_ci NOT NULL,
  `ad_campaign` int(11) unsigned NOT NULL,
  `views` int(11) unsigned NOT NULL DEFAULT '0',
  `clicks` int(11) unsigned NOT NULL DEFAULT '0',
  `media_type` varchar(255) COLLATE utf8_unicode_ci NOT NULL,
  `html_code` text COLLATE utf8_unicode_ci NOT NULL,
  `photo_id` int(11) unsigned NOT NULL DEFAULT '0',
  PRIMARY KEY (`ad_id`),
  KEY `ad_campaign` (`ad_campaign`)
) ENGINE=InnoDB DEFAULT CHARSET=utf8 COLLATE=utf8_unicode_ci;
/*!40101 SET character_set_client = @saved_cs_client */;

--
-- Dumping data for table `engine4_core_ads`
--

LOCK TABLES `engine4_core_ads` WRITE;
/*!40000 ALTER TABLE `engine4_core_ads` DISABLE KEYS */;
/*!40000 ALTER TABLE `engine4_core_ads` ENABLE KEYS */;
UNLOCK TABLES;

--
-- Table structure for table `engine4_core_auth`
--

DROP TABLE IF EXISTS `engine4_core_auth`;
/*!40101 SET @saved_cs_client     = @@character_set_client */;
/*!40101 SET character_set_client = utf8 */;
CREATE TABLE `engine4_core_auth` (
  `id` varchar(40) CHARACTER SET latin1 COLLATE latin1_general_ci NOT NULL,
  `user_id` int(11) unsigned NOT NULL,
  `type` varchar(32) CHARACTER SET latin1 COLLATE latin1_general_ci DEFAULT NULL,
  `expires` int(11) NOT NULL DEFAULT '0',
  PRIMARY KEY (`id`,`user_id`),
  KEY `expires` (`expires`)
) ENGINE=InnoDB DEFAULT CHARSET=utf8 COLLATE=utf8_unicode_ci;
/*!40101 SET character_set_client = @saved_cs_client */;

--
-- Dumping data for table `engine4_core_auth`
--

LOCK TABLES `engine4_core_auth` WRITE;
/*!40000 ALTER TABLE `engine4_core_auth` DISABLE KEYS */;
/*!40000 ALTER TABLE `engine4_core_auth` ENABLE KEYS */;
UNLOCK TABLES;

--
-- Table structure for table `engine4_core_bannedemails`
--

DROP TABLE IF EXISTS `engine4_core_bannedemails`;
/*!40101 SET @saved_cs_client     = @@character_set_client */;
/*!40101 SET character_set_client = utf8 */;
CREATE TABLE `engine4_core_bannedemails` (
  `bannedemail_id` int(10) unsigned NOT NULL AUTO_INCREMENT,
  `email` varchar(255) COLLATE utf8_unicode_ci NOT NULL,
  PRIMARY KEY (`bannedemail_id`),
  UNIQUE KEY `email` (`email`)
) ENGINE=InnoDB DEFAULT CHARSET=utf8 COLLATE=utf8_unicode_ci;
/*!40101 SET character_set_client = @saved_cs_client */;

--
-- Dumping data for table `engine4_core_bannedemails`
--

LOCK TABLES `engine4_core_bannedemails` WRITE;
/*!40000 ALTER TABLE `engine4_core_bannedemails` DISABLE KEYS */;
/*!40000 ALTER TABLE `engine4_core_bannedemails` ENABLE KEYS */;
UNLOCK TABLES;

--
-- Table structure for table `engine4_core_bannedips`
--

DROP TABLE IF EXISTS `engine4_core_bannedips`;
/*!40101 SET @saved_cs_client     = @@character_set_client */;
/*!40101 SET character_set_client = utf8 */;
CREATE TABLE `engine4_core_bannedips` (
  `bannedip_id` int(10) unsigned NOT NULL AUTO_INCREMENT,
  `start` varbinary(16) NOT NULL,
  `stop` varbinary(16) NOT NULL,
  PRIMARY KEY (`bannedip_id`),
  UNIQUE KEY `start` (`start`,`stop`)
) ENGINE=InnoDB DEFAULT CHARSET=utf8 COLLATE=utf8_unicode_ci;
/*!40101 SET character_set_client = @saved_cs_client */;

--
-- Dumping data for table `engine4_core_bannedips`
--

LOCK TABLES `engine4_core_bannedips` WRITE;
/*!40000 ALTER TABLE `engine4_core_bannedips` DISABLE KEYS */;
/*!40000 ALTER TABLE `engine4_core_bannedips` ENABLE KEYS */;
UNLOCK TABLES;

--
-- Table structure for table `engine4_core_bannedusernames`
--

DROP TABLE IF EXISTS `engine4_core_bannedusernames`;
/*!40101 SET @saved_cs_client     = @@character_set_client */;
/*!40101 SET character_set_client = utf8 */;
CREATE TABLE `engine4_core_bannedusernames` (
  `bannedusername_id` int(10) unsigned NOT NULL AUTO_INCREMENT,
  `username` varchar(255) COLLATE utf8_unicode_ci NOT NULL,
  PRIMARY KEY (`bannedusername_id`),
  KEY `username` (`username`)
) ENGINE=InnoDB DEFAULT CHARSET=utf8 COLLATE=utf8_unicode_ci;
/*!40101 SET character_set_client = @saved_cs_client */;

--
-- Dumping data for table `engine4_core_bannedusernames`
--

LOCK TABLES `engine4_core_bannedusernames` WRITE;
/*!40000 ALTER TABLE `engine4_core_bannedusernames` DISABLE KEYS */;
/*!40000 ALTER TABLE `engine4_core_bannedusernames` ENABLE KEYS */;
UNLOCK TABLES;

--
-- Table structure for table `engine4_core_bannedwords`
--

DROP TABLE IF EXISTS `engine4_core_bannedwords`;
/*!40101 SET @saved_cs_client     = @@character_set_client */;
/*!40101 SET character_set_client = utf8 */;
CREATE TABLE `engine4_core_bannedwords` (
  `bannedword_id` int(10) unsigned NOT NULL AUTO_INCREMENT,
  `word` text COLLATE utf8_unicode_ci NOT NULL,
  PRIMARY KEY (`bannedword_id`)
) ENGINE=InnoDB DEFAULT CHARSET=utf8 COLLATE=utf8_unicode_ci;
/*!40101 SET character_set_client = @saved_cs_client */;

--
-- Dumping data for table `engine4_core_bannedwords`
--

LOCK TABLES `engine4_core_bannedwords` WRITE;
/*!40000 ALTER TABLE `engine4_core_bannedwords` DISABLE KEYS */;
/*!40000 ALTER TABLE `engine4_core_bannedwords` ENABLE KEYS */;
UNLOCK TABLES;

--
-- Table structure for table `engine4_core_comments`
--

DROP TABLE IF EXISTS `engine4_core_comments`;
/*!40101 SET @saved_cs_client     = @@character_set_client */;
/*!40101 SET character_set_client = utf8 */;
CREATE TABLE `engine4_core_comments` (
  `comment_id` int(11) unsigned NOT NULL AUTO_INCREMENT,
  `resource_type` varchar(32) CHARACTER SET latin1 COLLATE latin1_general_ci NOT NULL,
  `resource_id` int(11) unsigned NOT NULL,
  `poster_type` varchar(32) CHARACTER SET latin1 COLLATE latin1_general_ci NOT NULL,
  `poster_id` int(11) unsigned NOT NULL,
  `body` text COLLATE utf8_unicode_ci NOT NULL,
  `creation_date` datetime NOT NULL,
  `like_count` int(11) unsigned NOT NULL DEFAULT '0',
  PRIMARY KEY (`comment_id`),
  KEY `resource_type` (`resource_type`,`resource_id`),
  KEY `poster_type` (`poster_type`,`poster_id`)
) ENGINE=InnoDB AUTO_INCREMENT=34 DEFAULT CHARSET=utf8 COLLATE=utf8_unicode_ci;
/*!40101 SET character_set_client = @saved_cs_client */;

--
-- Dumping data for table `engine4_core_comments`
--

LOCK TABLES `engine4_core_comments` WRITE;
/*!40000 ALTER TABLE `engine4_core_comments` DISABLE KEYS */;
INSERT INTO `engine4_core_comments` VALUES (1,'whmedia_project',5,'user',3,'aecenas vitae metus ut metus sollicitudin dictum. Mauris sit amet ipsum ut sapien convallis ultricies id vitae mauris','2012-10-30 15:28:58',0),(2,'whmedia_project',5,'user',2,'Curabitur at metus ac lacus dictum porttitor. Duis fringilla, nisi a tincidunt aliquet, lorem diam pulvinar justo, et eleifend turpis lectus ut tellus. In vitae auctor lectus. Sed pulvinar facilisis nunc et pulvinar. Sed nibh quam, luctus eget eleifend ut, mattis et ante','2012-10-30 15:29:57',0),(3,'whmedia_project',5,'user',1,'Aliquam tincidunt mauris non diam pharetra!!!','2012-10-30 15:30:48',0),(4,'whmedia_project',48,'user',3,'So nice!','2012-10-30 16:44:41',1),(5,'whmedia_project',48,'user',2,'yep, i love it!','2012-10-30 16:45:15',0),(6,'whmedia_project',53,'user',4,'testing','2012-11-02 23:48:12',0),(7,'whmedia_project',53,'user',4,'test','2012-11-02 23:48:26',0),(8,'whmedia_project',53,'user',4,'test','2012-11-02 23:48:46',0),(9,'whmedia_project',53,'user',4,'test','2012-11-02 23:49:07',0),(10,'whmedia_project',53,'user',4,'test','2012-11-02 23:49:20',0),(11,'whmedia_project',53,'user',4,'testing','2012-11-04 15:21:42',0),(12,'whmedia_project',64,'user',4,'testing','2012-11-05 14:22:33',0),(13,'whmedia_project',1,'user',4,'testing','2012-11-05 21:59:40',0),(14,'whmedia_project',64,'user',4,'test','2012-11-06 02:04:18',1),(15,'whmedia_project',3,'user',3,'aecenas ut dui eu mauris luctus vehicula. Praesent iaculis, mauris quis venenatis elementum, erat velit iaculis est','2012-11-07 07:55:52',0),(16,'whmedia_project',3,'user',2,'Fusce iaculis pellentesque risus, vitae viverra nunc facilisis ut','2012-11-07 07:57:52',0),(17,'whmedia_project',5,'user',4,'testing testing testing tstin','2012-11-08 02:53:06',0),(18,'whmedia_project',64,'user',4,'testing','2012-11-28 19:55:38',0),(19,'whmedia_project',64,'user',4,'testing','2012-11-28 21:23:50',0),(20,'whmedia_project',64,'user',4,'testing','2012-11-28 21:23:57',0),(21,'whmedia_project',64,'user',4,'testing','2012-11-28 21:24:04',0),(22,'whmedia_project',64,'user',4,'testing','2012-11-28 21:24:14',0),(23,'whmedia_project',64,'user',4,'testing','2012-11-28 21:24:22',0),(24,'whmedia_project',64,'user',4,'testing','2012-11-28 21:24:33',0),(25,'whmedia_project',64,'user',4,'testing','2012-11-28 21:24:42',0),(26,'whmedia_project',64,'user',4,'testing','2012-11-28 21:24:50',0),(27,'whmedia_project',64,'user',4,'testing','2012-11-28 21:25:05',0),(28,'whmedia_project',64,'user',4,'hjlkhkdhskhdakhdksdhaks testing testing kshkdashkdhakhdkshdkashkdahkdhaksdhkashdkashdaskdhkasdha','2013-01-07 01:38:42',0),(29,'whmedia_project',64,'user',4,'www.wazzup2day.com','2013-01-07 01:40:17',0),(30,'whmedia_project',64,'user',4,'testing','2013-01-17 17:30:48',0),(31,'whmedia_project',77,'user',4,'testing','2013-01-23 20:02:34',0),(32,'whmedia_project',77,'user',4,'this is a test this is a test this is a test this is a test this is a test','2013-01-29 23:06:10',0),(33,'whmedia_project',77,'user',4,'thihsihihlaishdlshdklhakl his daildh hlaihlo adhishdlahldhalkdh h lhilhlash d lh lhad al','2013-01-29 23:06:32',0);
/*!40000 ALTER TABLE `engine4_core_comments` ENABLE KEYS */;
UNLOCK TABLES;

--
-- Table structure for table `engine4_core_content`
--

DROP TABLE IF EXISTS `engine4_core_content`;
/*!40101 SET @saved_cs_client     = @@character_set_client */;
/*!40101 SET character_set_client = utf8 */;
CREATE TABLE `engine4_core_content` (
  `content_id` int(11) unsigned NOT NULL AUTO_INCREMENT,
  `page_id` int(11) unsigned NOT NULL,
  `type` varchar(32) CHARACTER SET latin1 COLLATE latin1_general_ci NOT NULL DEFAULT 'widget',
  `name` varchar(64) CHARACTER SET latin1 COLLATE latin1_general_ci NOT NULL,
  `parent_content_id` int(11) unsigned DEFAULT NULL,
  `order` int(11) NOT NULL DEFAULT '1',
  `params` text COLLATE utf8_unicode_ci,
  `attribs` text COLLATE utf8_unicode_ci,
  PRIMARY KEY (`content_id`),
  KEY `page_id` (`page_id`,`order`)
) ENGINE=InnoDB AUTO_INCREMENT=665 DEFAULT CHARSET=utf8 COLLATE=utf8_unicode_ci;
/*!40101 SET character_set_client = @saved_cs_client */;

--
-- Dumping data for table `engine4_core_content`
--

LOCK TABLES `engine4_core_content` WRITE;
/*!40000 ALTER TABLE `engine4_core_content` DISABLE KEYS */;
INSERT INTO `engine4_core_content` VALUES (100,1,'container','main',NULL,2,'[\"\"]',NULL),(110,1,'widget','core.menu-mini',100,3,'[\"\"]',NULL),(111,1,'widget','core.menu-logo',100,4,'{\"title\":\"\",\"name\":\"core.menu-logo\",\"logo\":\"public\\/admin\\/pink180.jpg\",\"nomobile\":\"0\"}',NULL),(112,1,'widget','core.menu-main',100,5,'[\"\"]',NULL),(200,2,'container','main',NULL,1,'',NULL),(210,2,'widget','core.menu-footer',200,2,'',NULL),(300,3,'container','main',NULL,2,'[\"\"]',NULL),(312,3,'container','middle',300,6,'[\"\"]',NULL),(400,4,'container','main',NULL,2,'[\"\"]',NULL),(412,4,'container','middle',400,6,'[\"\"]',NULL),(500,5,'container','main',NULL,2,'[\"\"]',NULL),(511,5,'container','middle',500,6,'[\"\"]',NULL),(520,5,'widget','user.profile-photo',648,4,'[\"\"]',NULL),(521,5,'widget','user.profile-options',648,6,'[\"\"]',NULL),(531,5,'widget','core.container-tabs',511,10,'{\"max\":\"6\"}',NULL),(547,6,'container','main',NULL,1,NULL,NULL),(548,6,'container','middle',547,2,NULL,NULL),(549,6,'widget','core.content',548,1,NULL,NULL),(550,7,'container','main',NULL,1,NULL,NULL),(551,7,'container','middle',550,2,NULL,NULL),(552,7,'widget','core.content',551,1,NULL,NULL),(553,8,'container','main',NULL,1,NULL,NULL),(554,8,'container','middle',553,2,NULL,NULL),(555,8,'widget','core.content',554,1,NULL,NULL),(556,9,'container','main',NULL,1,NULL,NULL),(557,9,'container','middle',556,1,NULL,NULL),(558,9,'widget','core.content',557,1,NULL,NULL),(559,10,'container','main',NULL,1,NULL,NULL),(560,10,'container','middle',559,1,NULL,NULL),(561,10,'widget','core.content',560,1,NULL,NULL),(562,11,'container','main',NULL,1,NULL,NULL),(563,11,'container','middle',562,1,NULL,NULL),(564,11,'widget','core.content',563,1,NULL,NULL),(565,12,'container','main',NULL,1,NULL,NULL),(566,12,'container','middle',565,1,NULL,NULL),(567,12,'widget','core.content',566,1,NULL,NULL),(568,13,'container','main',NULL,1,NULL,NULL),(569,13,'container','middle',568,1,NULL,NULL),(570,13,'widget','core.content',569,2,NULL,NULL),(571,13,'widget','messages.menu',569,1,NULL,NULL),(572,14,'container','main',NULL,1,NULL,NULL),(573,14,'container','middle',572,1,NULL,NULL),(574,14,'widget','core.content',573,2,NULL,NULL),(575,14,'widget','messages.menu',573,1,NULL,NULL),(576,15,'container','top',NULL,1,NULL,NULL),(577,15,'container','main',NULL,2,NULL,NULL),(578,15,'container','middle',576,1,NULL,NULL),(579,15,'container','middle',577,2,NULL,NULL),(580,15,'container','right',577,1,NULL,NULL),(581,15,'widget','whmedia.browse-menu',578,1,NULL,NULL),(582,15,'widget','core.content',579,1,NULL,NULL),(583,15,'widget','whmedia.browse-search',580,1,NULL,NULL),(584,15,'widget','whmedia.create-project',580,2,NULL,NULL),(585,16,'container','top',NULL,1,NULL,NULL),(586,16,'container','main',NULL,2,NULL,NULL),(587,16,'container','middle',585,1,NULL,NULL),(588,16,'container','middle',586,2,NULL,NULL),(589,16,'container','right',586,1,NULL,NULL),(590,16,'widget','whmedia.browse-menu',587,1,NULL,NULL),(591,16,'widget','core.content',588,1,NULL,NULL),(592,16,'widget','whmedia.browse-search',589,1,NULL,NULL),(593,16,'widget','whmedia.create-project',589,2,NULL,NULL),(595,17,'container','main',NULL,2,'[\"[]\"]',NULL),(597,17,'container','middle',595,6,'[\"[]\"]',NULL),(600,17,'widget','core.content',597,4,'[\"[]\"]',NULL),(603,17,'widget','core.comments',640,9,'{\"title\":\"\",\"name\":\"core.comments\"}',NULL),(611,4,'widget','mediamasonry.featured-project-lazy',412,5,'{\"title\":\"\",\"titleCount\":false,\"count_media\":\"10\",\"thumb_width\":\"272\",\"nomobile\":\"0\",\"name\":\"mediamasonry.featured-project-lazy\"}',NULL),(612,3,'widget','mediamasonry.featured-project-lazy',312,9,'{\"title\":\"\",\"titleCount\":false,\"count_media\":\"16\",\"thumb_width\":\"259\",\"nomobile\":\"0\",\"name\":\"mediamasonry.featured-project-lazy\"}',NULL),(620,19,'container','main',NULL,1,NULL,NULL),(621,19,'container','middle',620,1,NULL,NULL),(622,19,'widget','core.content',621,1,NULL,NULL),(624,20,'container','main',NULL,1,NULL,NULL),(625,20,'container','middle',624,1,NULL,NULL),(626,20,'widget','core.content',625,1,NULL,NULL),(627,5,'widget','whmedia.profile-follow',648,7,'{\"title\":\"\"}',NULL),(630,5,'widget','mediamasonry.profile-fproject-lazy',531,12,'{\"title\":\"My Likes\",\"titleCount\":true,\"thumb_width\":\"259\",\"itemCountPerPage\":\"12\",\"nomobile\":\"0\",\"name\":\"mediamasonry.profile-fproject-lazy\"}',NULL),(632,5,'widget','mediamasonry.profile-project-lazy',531,11,'{\"title\":\"My Post\",\"titleCount\":true,\"thumb_width\":\"259\",\"itemCountPerPage\":\"12\",\"nomobile\":\"0\",\"name\":\"mediamasonry.profile-project-lazy\"}',NULL),(634,5,'widget','mediamasonry.profile-livefeed',531,13,'{\"title\":\"My LiveFeed\",\"titleCount\":true,\"thumb_width\":\"259\",\"itemCountPerPage\":\"12\",\"nomobile\":\"0\",\"name\":\"mediamasonry.profile-livefeed\"}',NULL),(635,17,'widget','whmedia.popular-project',597,3,'{\"title\":\"\",\"titleCount\":false,\"count_media\":\"20\",\"period_time\":\"month\",\"thumb_width\":\"120\",\"thumb_height\":\"120\",\"show_type\":\"slider\",\"slider_show_items\":\"8\",\"nomobile\":\"0\",\"name\":\"whmedia.popular-project\"}',NULL),(637,17,'widget','whmedia.related-projects-slider',638,6,'{\"title\":\"Related Projects\",\"titleCount\":false,\"count_item\":\"5\",\"nomobile\":\"0\",\"name\":\"whmedia.related-projects-slider\"}',NULL),(638,17,'container','right',595,5,'[\"[]\"]',NULL),(639,17,'container','bottom',NULL,3,'[\"[]\"]',NULL),(640,17,'container','middle',639,6,'[\"[]\"]',NULL),(641,4,'widget','whmedia.follow-suggestion',642,3,'{\"title\":\"Recommends\",\"name\":\"whmedia.follow-suggestion\"}',NULL),(642,4,'container','left',400,4,'[\"[]\"]',NULL),(643,21,'container','main',NULL,2,'[\"[]\"]',NULL),(644,21,'container','middle',643,6,'[\"[]\"]',NULL),(645,21,'widget','mediamasonry.activity-feed-lazy',644,4,'{\"title\":\"Activity Feed\",\"titleCount\":false,\"thumb_width\":\"350\",\"itemCountPerPage\":\"8\",\"nomobile\":\"0\",\"name\":\"mediamasonry.activity-feed-lazy\"}',NULL),(646,21,'widget','core.content',644,3,'[\"[]\"]',NULL),(647,5,'container','top',NULL,1,'[\"[]\"]',NULL),(648,5,'container','middle',647,6,'[\"[]\"]',NULL),(651,5,'widget','core.html-block',531,14,'{\"title\":\"My Store\",\"data\":\"<div style=\\\"padding:10px 0 25px\\\">My Store Content<\\/div>\",\"nomobile\":\"0\",\"name\":\"core.html-block\"}',NULL),(652,3,'container','top',NULL,1,'[\"[]\"]',NULL),(653,3,'container','middle',652,6,'[\"[]\"]',NULL),(656,3,'widget','core.html-block',312,7,'{\"title\":\"\",\"data\":\"<div id=\\\"cat-menu\\\" class=\\\"layout_core_menu_main\\\">\\r\\n\\t<ul class=\\\"navigation\\\">\\r\\n    \\t<li><a href=\\\"#\\\" class=\\\"menu_core_main\\\">News<\\/a><\\/li>\\r\\n        <li><a href=\\\"#\\\" class=\\\"menu_core_main\\\">Sports<\\/a><\\/li>\\r\\n        <li><a href=\\\"#\\\" class=\\\"menu_core_main\\\">Geeky<\\/a><\\/li>\\r\\n        <li><a href=\\\"#\\\" class=\\\"menu_core_main\\\">Fashion<\\/a><\\/li>\\r\\n        <li><a href=\\\"#\\\" class=\\\"menu_core_main\\\">Artsy<\\/a><\\/li>\\r\\n        <li><a href=\\\"#\\\" class=\\\"menu_core_main\\\">Humor<\\/a><\\/li>\\r\\n        <li><a href=\\\"#\\\" class=\\\"menu_core_main\\\">Biz<\\/a><\\/li>\\r\\n        <li><a href=\\\"#\\\" class=\\\"menu_core_main\\\">More<\\/a><\\/li>\\r\\n    <\\/ul>\\r\\n<\\/div>\",\"nomobile\":\"0\",\"name\":\"core.html-block\"}',NULL),(657,3,'widget','core.html-block',312,8,'{\"title\":\"\",\"data\":\"<div style=\\\"clear:both\\\"><\\/div>\",\"nomobile\":\"0\",\"name\":\"core.html-block\"}',NULL),(658,1,'widget','core.html-block',100,6,'{\"title\":\"\",\"data\":\"<div id=\\\"cat-menu\\\" class=\\\"layout_core_menu_main\\\">\\r\\n\\t<ul class=\\\"navigation\\\">\\r\\n    \\t<li><a href=\\\"#\\\" class=\\\"menu_core_main\\\">News<\\/a><\\/li>\\r\\n        <li><a href=\\\"#\\\" class=\\\"menu_core_main\\\">Sports<\\/a><\\/li>\\r\\n        <li><a href=\\\"#\\\" class=\\\"menu_core_main\\\">Geeky<\\/a><\\/li>\\r\\n        <li><a href=\\\"#\\\" class=\\\"menu_core_main\\\">Fashion<\\/a><\\/li>\\r\\n        <li><a href=\\\"#\\\" class=\\\"menu_core_main\\\">Artsy<\\/a><\\/li>\\r\\n        <li><a href=\\\"#\\\" class=\\\"menu_core_main\\\">Humor<\\/a><\\/li>\\r\\n        <li><a href=\\\"#\\\" class=\\\"menu_core_main\\\">Biz<\\/a><\\/li>\\r\\n        <li><a href=\\\"#\\\" class=\\\"menu_core_main\\\">More<\\/a><\\/li>\\r\\n    <\\/ul>\\r\\n<\\/div>\",\"nomobile\":\"0\",\"name\":\"core.html-block\"}',NULL),(659,1,'widget','core.html-block',100,7,'{\"title\":\"\",\"data\":\"<div style=\\\"clear:both\\\"><\\/div>\",\"nomobile\":\"0\",\"name\":\"core.html-block\"}',NULL),(660,5,'widget','profile-images',648,3,'[\"[]\"]',NULL),(661,1,'widget','grouped-minimenu',100,2,'[]',NULL),(662,5,'widget','profile-status',648,5,'[\"[]\"]',NULL),(663,3,'widget','video-wrapper',653,3,'[\"[]\"]',NULL),(664,3,'widget','core.menu-main',312,6,'[]',NULL);
/*!40000 ALTER TABLE `engine4_core_content` ENABLE KEYS */;
UNLOCK TABLES;

--
-- Table structure for table `engine4_core_geotags`
--

DROP TABLE IF EXISTS `engine4_core_geotags`;
/*!40101 SET @saved_cs_client     = @@character_set_client */;
/*!40101 SET character_set_client = utf8 */;
CREATE TABLE `engine4_core_geotags` (
  `geotag_id` int(11) unsigned NOT NULL,
  `latitude` float NOT NULL,
  `longitude` float NOT NULL,
  PRIMARY KEY (`geotag_id`),
  KEY `latitude` (`latitude`,`longitude`)
) ENGINE=InnoDB DEFAULT CHARSET=utf8 COLLATE=utf8_unicode_ci;
/*!40101 SET character_set_client = @saved_cs_client */;

--
-- Dumping data for table `engine4_core_geotags`
--

LOCK TABLES `engine4_core_geotags` WRITE;
/*!40000 ALTER TABLE `engine4_core_geotags` DISABLE KEYS */;
/*!40000 ALTER TABLE `engine4_core_geotags` ENABLE KEYS */;
UNLOCK TABLES;

--
-- Table structure for table `engine4_core_jobs`
--

DROP TABLE IF EXISTS `engine4_core_jobs`;
/*!40101 SET @saved_cs_client     = @@character_set_client */;
/*!40101 SET character_set_client = utf8 */;
CREATE TABLE `engine4_core_jobs` (
  `job_id` bigint(20) unsigned NOT NULL AUTO_INCREMENT,
  `jobtype_id` int(10) unsigned NOT NULL,
  `state` enum('pending','active','sleeping','failed','cancelled','completed','timeout') COLLATE utf8_unicode_ci NOT NULL DEFAULT 'pending',
  `is_complete` tinyint(1) unsigned NOT NULL DEFAULT '0',
  `progress` decimal(5,4) unsigned NOT NULL DEFAULT '0.0000',
  `creation_date` datetime NOT NULL,
  `modified_date` datetime DEFAULT NULL,
  `started_date` datetime DEFAULT NULL,
  `completion_date` datetime DEFAULT NULL,
  `priority` mediumint(9) NOT NULL DEFAULT '100',
  `data` text COLLATE utf8_unicode_ci,
  `messages` text COLLATE utf8_unicode_ci,
  PRIMARY KEY (`job_id`),
  KEY `jobtype_id` (`jobtype_id`),
  KEY `state` (`state`),
  KEY `is_complete` (`is_complete`,`priority`,`job_id`)
) ENGINE=InnoDB AUTO_INCREMENT=6 DEFAULT CHARSET=utf8 COLLATE=utf8_unicode_ci;
/*!40101 SET character_set_client = @saved_cs_client */;

--
-- Dumping data for table `engine4_core_jobs`
--

LOCK TABLES `engine4_core_jobs` WRITE;
/*!40000 ALTER TABLE `engine4_core_jobs` DISABLE KEYS */;
INSERT INTO `engine4_core_jobs` VALUES (1,8,'failed',1,'1.0000','2012-11-03 14:20:51','2012-11-03 14:21:45','2012-11-03 14:21:45','2012-11-03 14:21:45',100,'{\"media_id\":99}','User: Eugene S\nProject: testing\nMedia ID: 99\nException: Ffmpeg not configured\nThere was a problem with ffmpeg video processing. Check log file for details \"temporary/log/whmedia.log\"\n'),(2,8,'completed',1,'1.0000','2012-11-06 15:48:56','2012-11-06 15:49:27','2012-11-06 15:49:21','2012-11-06 15:49:27',100,'{\"media_id\":104}',''),(3,8,'failed',1,'1.0000','2012-11-06 16:09:27','2012-11-06 16:09:37','2012-11-06 16:09:37','2012-11-06 16:09:37',100,'{\"media_id\":105}','User: dekfan\nProject: Home Decor Details\nMedia ID: 105\nVideo has already been encoded, or has already failed encoding.\nThere was a problem with ffmpeg video processing. Check log file for details \"temporary/log/whmedia.log\"\n'),(4,8,'completed',1,'1.0000','2012-11-06 17:11:44','2012-11-06 17:12:13','2012-11-06 17:12:08','2012-11-06 17:12:13',100,'{\"media_id\":106}',''),(5,8,'completed',1,'1.0000','2012-11-27 09:28:08','2012-11-27 09:28:25','2012-11-27 09:28:23','2012-11-27 09:28:25',100,'{\"media_id\":117}','');
/*!40000 ALTER TABLE `engine4_core_jobs` ENABLE KEYS */;
UNLOCK TABLES;

--
-- Table structure for table `engine4_core_jobtypes`
--

DROP TABLE IF EXISTS `engine4_core_jobtypes`;
/*!40101 SET @saved_cs_client     = @@character_set_client */;
/*!40101 SET character_set_client = utf8 */;
CREATE TABLE `engine4_core_jobtypes` (
  `jobtype_id` int(11) unsigned NOT NULL AUTO_INCREMENT,
  `title` varchar(128) COLLATE utf8_unicode_ci NOT NULL,
  `type` varchar(64) CHARACTER SET latin1 COLLATE latin1_general_ci NOT NULL,
  `module` varchar(64) CHARACTER SET latin1 COLLATE latin1_general_ci NOT NULL,
  `plugin` varchar(128) CHARACTER SET latin1 COLLATE latin1_general_ci NOT NULL,
  `form` varchar(128) CHARACTER SET latin1 COLLATE latin1_general_ci DEFAULT NULL,
  `enabled` tinyint(1) unsigned NOT NULL DEFAULT '1',
  `priority` mediumint(9) NOT NULL DEFAULT '100',
  `multi` tinyint(3) unsigned DEFAULT '1',
  PRIMARY KEY (`jobtype_id`),
  UNIQUE KEY `type` (`type`)
) ENGINE=InnoDB AUTO_INCREMENT=9 DEFAULT CHARSET=utf8 COLLATE=utf8_unicode_ci;
/*!40101 SET character_set_client = @saved_cs_client */;

--
-- Dumping data for table `engine4_core_jobtypes`
--

LOCK TABLES `engine4_core_jobtypes` WRITE;
/*!40000 ALTER TABLE `engine4_core_jobtypes` DISABLE KEYS */;
INSERT INTO `engine4_core_jobtypes` VALUES (1,'Download File','file_download','core','Core_Plugin_Job_FileDownload','Core_Form_Admin_Job_FileDownload',1,100,1),(2,'Upload File','file_upload','core','Core_Plugin_Job_FileUpload','Core_Form_Admin_Job_FileUpload',1,100,1),(3,'Rebuild Activity Privacy','activity_maintenance_rebuild_privacy','activity','Activity_Plugin_Job_Maintenance_RebuildPrivacy',NULL,1,50,1),(4,'Rebuild Member Privacy','user_maintenance_rebuild_privacy','user','User_Plugin_Job_Maintenance_RebuildPrivacy',NULL,1,50,1),(5,'Rebuild Network Membership','network_maintenance_rebuild_membership','network','Network_Plugin_Job_Maintenance_RebuildMembership',NULL,1,50,1),(6,'Storage Transfer','storage_transfer','core','Storage_Plugin_Job_Transfer','Core_Form_Admin_Job_Generic',1,100,1),(7,'Storage Cleanup','storage_cleanup','core','Storage_Plugin_Job_Cleanup','Core_Form_Admin_Job_Generic',1,100,1),(8,'WhMedia Encode','whmedia_encode','whmedia','Whmedia_Plugin_Job_Encode',NULL,1,75,2);
/*!40000 ALTER TABLE `engine4_core_jobtypes` ENABLE KEYS */;
UNLOCK TABLES;

--
-- Table structure for table `engine4_core_languages`
--

DROP TABLE IF EXISTS `engine4_core_languages`;
/*!40101 SET @saved_cs_client     = @@character_set_client */;
/*!40101 SET character_set_client = utf8 */;
CREATE TABLE `engine4_core_languages` (
  `language_id` int(11) unsigned NOT NULL AUTO_INCREMENT,
  `code` varchar(8) CHARACTER SET latin1 COLLATE latin1_general_ci NOT NULL,
  `name` varchar(255) COLLATE utf8_unicode_ci NOT NULL,
  `fallback` varchar(8) CHARACTER SET latin1 COLLATE latin1_general_ci DEFAULT NULL,
  `order` smallint(6) NOT NULL DEFAULT '1',
  PRIMARY KEY (`language_id`)
) ENGINE=InnoDB AUTO_INCREMENT=2 DEFAULT CHARSET=utf8 COLLATE=utf8_unicode_ci;
/*!40101 SET character_set_client = @saved_cs_client */;

--
-- Dumping data for table `engine4_core_languages`
--

LOCK TABLES `engine4_core_languages` WRITE;
/*!40000 ALTER TABLE `engine4_core_languages` DISABLE KEYS */;
INSERT INTO `engine4_core_languages` VALUES (1,'en','English','en',1);
/*!40000 ALTER TABLE `engine4_core_languages` ENABLE KEYS */;
UNLOCK TABLES;

--
-- Table structure for table `engine4_core_likes`
--

DROP TABLE IF EXISTS `engine4_core_likes`;
/*!40101 SET @saved_cs_client     = @@character_set_client */;
/*!40101 SET character_set_client = utf8 */;
CREATE TABLE `engine4_core_likes` (
  `like_id` int(11) unsigned NOT NULL AUTO_INCREMENT,
  `resource_type` varchar(32) CHARACTER SET latin1 COLLATE latin1_general_ci NOT NULL,
  `resource_id` int(11) unsigned NOT NULL,
  `poster_type` varchar(32) CHARACTER SET latin1 COLLATE latin1_general_ci NOT NULL,
  `poster_id` int(11) unsigned NOT NULL,
  PRIMARY KEY (`like_id`),
  KEY `resource_type` (`resource_type`,`resource_id`),
  KEY `poster_type` (`poster_type`,`poster_id`)
) ENGINE=InnoDB AUTO_INCREMENT=235 DEFAULT CHARSET=utf8 COLLATE=utf8_unicode_ci;
/*!40101 SET character_set_client = @saved_cs_client */;

--
-- Dumping data for table `engine4_core_likes`
--

LOCK TABLES `engine4_core_likes` WRITE;
/*!40000 ALTER TABLE `engine4_core_likes` DISABLE KEYS */;
INSERT INTO `engine4_core_likes` VALUES (1,'whmedia_project',5,'user',1),(6,'whmedia_project',11,'user',1),(7,'whmedia_project',10,'user',1),(9,'whmedia_project',8,'user',1),(11,'whmedia_project',7,'user',1),(13,'whmedia_project',14,'user',1),(14,'whmedia_project',13,'user',1),(15,'whmedia_project',12,'user',1),(16,'whmedia_project',19,'user',1),(17,'whmedia_project',18,'user',1),(18,'whmedia_project',17,'user',1),(19,'whmedia_project',16,'user',1),(20,'whmedia_project',32,'user',1),(21,'whmedia_project',31,'user',1),(22,'whmedia_project',30,'user',1),(23,'whmedia_project',29,'user',1),(24,'whmedia_project',27,'user',1),(25,'whmedia_project',26,'user',1),(26,'whmedia_project',25,'user',1),(27,'whmedia_project',28,'user',1),(28,'whmedia_project',23,'user',1),(29,'whmedia_project',22,'user',1),(30,'whmedia_project',21,'user',1),(31,'whmedia_project',24,'user',1),(32,'whmedia_project',39,'user',1),(33,'whmedia_project',38,'user',1),(34,'whmedia_project',37,'user',1),(35,'whmedia_project',36,'user',1),(36,'whmedia_project',35,'user',1),(37,'whmedia_project',33,'user',1),(38,'whmedia_project',34,'user',1),(42,'whmedia_project',41,'user',1),(45,'whmedia_project',1,'user',2),(46,'whmedia_media',6,'user',2),(47,'whmedia_media',7,'user',2),(48,'whmedia_media',8,'user',2),(50,'whmedia_project',2,'user',2),(51,'whmedia_media',78,'user',3),(52,'whmedia_media',77,'user',3),(53,'whmedia_media',76,'user',3),(54,'whmedia_media',75,'user',3),(55,'whmedia_media',74,'user',3),(56,'whmedia_media',73,'user',3),(57,'whmedia_project',5,'user',3),(58,'whmedia_project',4,'user',3),(59,'whmedia_project',1,'user',1),(60,'whmedia_project',1,'user',3),(62,'whmedia_project',50,'user',1),(63,'whmedia_project',49,'user',1),(68,'whmedia_project',4,'user',1),(69,'whmedia_project',8,'user',4),(71,'whmedia_project',42,'user',4),(72,'whmedia_project',43,'user',4),(76,'whmedia_project',44,'user',1),(77,'whmedia_media',79,'user',2),(79,'whmedia_project',53,'user',2),(84,'whmedia_project',48,'user',4),(85,'whmedia_media',86,'user',4),(86,'whmedia_project',54,'user',4),(87,'whmedia_project',55,'user',4),(88,'whmedia_project',56,'user',4),(89,'whmedia_project',57,'user',4),(91,'whmedia_project',4,'user',4),(92,'whmedia_project',58,'user',4),(95,'whmedia_project',60,'user',4),(96,'core_comment',4,'user',2),(99,'whmedia_project',52,'user',4),(100,'whmedia_project',61,'user',4),(101,'whmedia_project',62,'user',4),(102,'whmedia_project',63,'user',4),(104,'whmedia_project',65,'user',4),(108,'whmedia_project',1,'user',4),(109,'whmedia_project',66,'user',4),(110,'whmedia_project',5,'user',4),(111,'whmedia_project',67,'user',4),(112,'whmedia_project',68,'user',4),(113,'whmedia_media',110,'user',4),(114,'whmedia_media',111,'user',4),(115,'whmedia_project',69,'user',4),(118,'whmedia_project',47,'user',4),(120,'whmedia_project',48,'user',3),(122,'whmedia_project',63,'user',3),(123,'whmedia_media',100,'user',3),(124,'whmedia_project',69,'user',3),(125,'whmedia_project',51,'user',4),(132,'whmedia_media',16,'user',2),(133,'whmedia_media',114,'user',2),(134,'core_comment',14,'user',4),(137,'whmedia_project',25,'user',4),(139,'whmedia_project',70,'user',4),(142,'whmedia_project',71,'user',4),(145,'whmedia_project',10,'user',4),(146,'whmedia_project',7,'user',4),(147,'whmedia_media',119,'user',4),(148,'whmedia_media',126,'user',1),(149,'whmedia_project',74,'user',4),(166,'whmedia_project',76,'user',4),(168,'whmedia_project',78,'user',4),(169,'whmedia_project',79,'user',4),(170,'whmedia_project',80,'user',4),(171,'whmedia_project',81,'user',4),(172,'whmedia_project',82,'user',4),(174,'whmedia_project',75,'user',4),(175,'whmedia_project',64,'user',2),(178,'whmedia_project',50,'user',4),(184,'whmedia_project',77,'user',4),(185,'whmedia_project',84,'user',4),(186,'whmedia_project',64,'user',4),(187,'whmedia_project',85,'user',4),(191,'whmedia_project',53,'user',4),(199,'whmedia_project',77,'user',1),(205,'whmedia_project',46,'user',1),(207,'whmedia_project',53,'user',1),(232,'whmedia_project',49,'user',4),(233,'whmedia_project',83,'user',4),(234,'whmedia_project',46,'user',4);
/*!40000 ALTER TABLE `engine4_core_likes` ENABLE KEYS */;
UNLOCK TABLES;

--
-- Table structure for table `engine4_core_links`
--

DROP TABLE IF EXISTS `engine4_core_links`;
/*!40101 SET @saved_cs_client     = @@character_set_client */;
/*!40101 SET character_set_client = utf8 */;
CREATE TABLE `engine4_core_links` (
  `link_id` int(11) unsigned NOT NULL AUTO_INCREMENT,
  `uri` varchar(255) COLLATE utf8_unicode_ci NOT NULL,
  `title` varchar(255) COLLATE utf8_unicode_ci NOT NULL,
  `description` text COLLATE utf8_unicode_ci NOT NULL,
  `photo_id` int(11) unsigned NOT NULL DEFAULT '0',
  `parent_type` varchar(24) CHARACTER SET latin1 COLLATE latin1_general_ci NOT NULL,
  `parent_id` int(11) unsigned NOT NULL,
  `owner_type` varchar(24) CHARACTER SET latin1 COLLATE latin1_general_ci NOT NULL,
  `owner_id` int(11) unsigned NOT NULL,
  `view_count` mediumint(6) unsigned NOT NULL DEFAULT '0',
  `creation_date` datetime NOT NULL,
  `search` tinyint(1) NOT NULL DEFAULT '1',
  PRIMARY KEY (`link_id`),
  KEY `owner` (`owner_type`,`owner_id`),
  KEY `parent` (`parent_type`,`parent_id`)
) ENGINE=InnoDB AUTO_INCREMENT=3 DEFAULT CHARSET=utf8 COLLATE=utf8_unicode_ci;
/*!40101 SET character_set_client = @saved_cs_client */;

--
-- Dumping data for table `engine4_core_links`
--

LOCK TABLES `engine4_core_links` WRITE;
/*!40000 ALTER TABLE `engine4_core_links` DISABLE KEYS */;
INSERT INTO `engine4_core_links` VALUES (1,'http://dek.webhive.org/wazzup2day/whmedia/popular/month','My Community - Media Plugin: Popular projects','Show page popular projects.',174,'user',1,'user',1,0,'2012-10-22 15:32:06',1),(2,'http://dek.webhive.org/wazzup2day/whmedia/popular/month','My Community - Media Plugin: Popular projects','Show page popular projects.',175,'user',1,'user',1,0,'2012-10-22 15:33:15',1);
/*!40000 ALTER TABLE `engine4_core_links` ENABLE KEYS */;
UNLOCK TABLES;

--
-- Table structure for table `engine4_core_listitems`
--

DROP TABLE IF EXISTS `engine4_core_listitems`;
/*!40101 SET @saved_cs_client     = @@character_set_client */;
/*!40101 SET character_set_client = utf8 */;
CREATE TABLE `engine4_core_listitems` (
  `listitem_id` int(11) unsigned NOT NULL AUTO_INCREMENT,
  `list_id` int(11) unsigned NOT NULL,
  `child_id` int(11) unsigned NOT NULL,
  PRIMARY KEY (`listitem_id`),
  KEY `list_id` (`list_id`),
  KEY `child_id` (`child_id`)
) ENGINE=InnoDB DEFAULT CHARSET=utf8 COLLATE=utf8_unicode_ci;
/*!40101 SET character_set_client = @saved_cs_client */;

--
-- Dumping data for table `engine4_core_listitems`
--

LOCK TABLES `engine4_core_listitems` WRITE;
/*!40000 ALTER TABLE `engine4_core_listitems` DISABLE KEYS */;
/*!40000 ALTER TABLE `engine4_core_listitems` ENABLE KEYS */;
UNLOCK TABLES;

--
-- Table structure for table `engine4_core_lists`
--

DROP TABLE IF EXISTS `engine4_core_lists`;
/*!40101 SET @saved_cs_client     = @@character_set_client */;
/*!40101 SET character_set_client = utf8 */;
CREATE TABLE `engine4_core_lists` (
  `list_id` int(11) unsigned NOT NULL AUTO_INCREMENT,
  `title` varchar(64) COLLATE utf8_unicode_ci NOT NULL DEFAULT '',
  `owner_type` varchar(24) CHARACTER SET latin1 COLLATE latin1_general_ci NOT NULL,
  `owner_id` int(11) unsigned NOT NULL,
  `child_type` varchar(24) CHARACTER SET latin1 COLLATE latin1_general_ci NOT NULL,
  `child_count` int(11) unsigned NOT NULL DEFAULT '0',
  PRIMARY KEY (`list_id`),
  KEY `owner_type` (`owner_type`,`owner_id`)
) ENGINE=InnoDB DEFAULT CHARSET=utf8 COLLATE=utf8_unicode_ci;
/*!40101 SET character_set_client = @saved_cs_client */;

--
-- Dumping data for table `engine4_core_lists`
--

LOCK TABLES `engine4_core_lists` WRITE;
/*!40000 ALTER TABLE `engine4_core_lists` DISABLE KEYS */;
/*!40000 ALTER TABLE `engine4_core_lists` ENABLE KEYS */;
UNLOCK TABLES;

--
-- Table structure for table `engine4_core_log`
--

DROP TABLE IF EXISTS `engine4_core_log`;
/*!40101 SET @saved_cs_client     = @@character_set_client */;
/*!40101 SET character_set_client = utf8 */;
CREATE TABLE `engine4_core_log` (
  `message_id` bigint(20) unsigned NOT NULL AUTO_INCREMENT,
  `domain` varchar(32) CHARACTER SET latin1 COLLATE latin1_general_ci NOT NULL,
  `user_id` int(10) unsigned DEFAULT NULL,
  `plugin` varchar(128) COLLATE utf8_unicode_ci DEFAULT NULL,
  `timestamp` datetime NOT NULL,
  `message` longtext COLLATE utf8_unicode_ci NOT NULL,
  `priority` smallint(2) NOT NULL DEFAULT '6',
  `priorityName` varchar(16) COLLATE utf8_unicode_ci NOT NULL DEFAULT 'INFO',
  PRIMARY KEY (`message_id`),
  KEY `domain` (`domain`,`timestamp`),
  KEY `user_id` (`user_id`)
) ENGINE=InnoDB DEFAULT CHARSET=utf8 COLLATE=utf8_unicode_ci;
/*!40101 SET character_set_client = @saved_cs_client */;

--
-- Dumping data for table `engine4_core_log`
--

LOCK TABLES `engine4_core_log` WRITE;
/*!40000 ALTER TABLE `engine4_core_log` DISABLE KEYS */;
/*!40000 ALTER TABLE `engine4_core_log` ENABLE KEYS */;
UNLOCK TABLES;

--
-- Table structure for table `engine4_core_mail`
--

DROP TABLE IF EXISTS `engine4_core_mail`;
/*!40101 SET @saved_cs_client     = @@character_set_client */;
/*!40101 SET character_set_client = utf8 */;
CREATE TABLE `engine4_core_mail` (
  `mail_id` int(11) unsigned NOT NULL AUTO_INCREMENT,
  `type` enum('system','zend') CHARACTER SET latin1 COLLATE latin1_general_ci NOT NULL,
  `body` longtext COLLATE utf8_unicode_ci NOT NULL,
  `priority` smallint(3) DEFAULT '100',
  `recipient_count` int(11) unsigned DEFAULT '0',
  `recipient_total` int(10) NOT NULL DEFAULT '0',
  `creation_time` datetime NOT NULL,
  PRIMARY KEY (`mail_id`),
  KEY `priority` (`priority`)
) ENGINE=InnoDB AUTO_INCREMENT=406 DEFAULT CHARSET=utf8 COLLATE=utf8_unicode_ci;
/*!40101 SET character_set_client = @saved_cs_client */;

--
-- Dumping data for table `engine4_core_mail`
--

LOCK TABLES `engine4_core_mail` WRITE;
/*!40000 ALTER TABLE `engine4_core_mail` DISABLE KEYS */;
/*!40000 ALTER TABLE `engine4_core_mail` ENABLE KEYS */;
UNLOCK TABLES;

--
-- Table structure for table `engine4_core_mailrecipients`
--

DROP TABLE IF EXISTS `engine4_core_mailrecipients`;
/*!40101 SET @saved_cs_client     = @@character_set_client */;
/*!40101 SET character_set_client = utf8 */;
CREATE TABLE `engine4_core_mailrecipients` (
  `recipient_id` int(11) unsigned NOT NULL AUTO_INCREMENT,
  `mail_id` int(11) unsigned NOT NULL,
  `user_id` int(11) unsigned DEFAULT NULL,
  `email` varchar(128) CHARACTER SET latin1 COLLATE latin1_general_ci DEFAULT NULL,
  PRIMARY KEY (`recipient_id`)
) ENGINE=InnoDB AUTO_INCREMENT=406 DEFAULT CHARSET=utf8 COLLATE=utf8_unicode_ci;
/*!40101 SET character_set_client = @saved_cs_client */;

--
-- Dumping data for table `engine4_core_mailrecipients`
--

LOCK TABLES `engine4_core_mailrecipients` WRITE;
/*!40000 ALTER TABLE `engine4_core_mailrecipients` DISABLE KEYS */;
/*!40000 ALTER TABLE `engine4_core_mailrecipients` ENABLE KEYS */;
UNLOCK TABLES;

--
-- Table structure for table `engine4_core_mailtemplates`
--

DROP TABLE IF EXISTS `engine4_core_mailtemplates`;
/*!40101 SET @saved_cs_client     = @@character_set_client */;
/*!40101 SET character_set_client = utf8 */;
CREATE TABLE `engine4_core_mailtemplates` (
  `mailtemplate_id` int(11) unsigned NOT NULL AUTO_INCREMENT,
  `type` varchar(255) CHARACTER SET latin1 COLLATE latin1_general_ci NOT NULL,
  `module` varchar(64) COLLATE utf8_unicode_ci NOT NULL DEFAULT '',
  `vars` varchar(255) COLLATE utf8_unicode_ci NOT NULL,
  PRIMARY KEY (`mailtemplate_id`),
  UNIQUE KEY `type` (`type`)
) ENGINE=InnoDB AUTO_INCREMENT=37 DEFAULT CHARSET=utf8 COLLATE=utf8_unicode_ci;
/*!40101 SET character_set_client = @saved_cs_client */;

--
-- Dumping data for table `engine4_core_mailtemplates`
--

LOCK TABLES `engine4_core_mailtemplates` WRITE;
/*!40000 ALTER TABLE `engine4_core_mailtemplates` DISABLE KEYS */;
INSERT INTO `engine4_core_mailtemplates` VALUES (1,'header','core',''),(2,'footer','core',''),(3,'header_member','core',''),(4,'footer_member','core',''),(5,'core_contact','core','[host],[email],[recipient_title],[recipient_link],[recipient_photo],[sender_name],[sender_email],[sender_link],[sender_photo],[message]'),(6,'core_verification','core','[host],[email],[recipient_title],[recipient_link],[recipient_photo],[object_link]'),(7,'core_verification_password','core','[host],[email],[recipient_title],[recipient_link],[recipient_photo],[object_link],[password]'),(8,'core_welcome','core','[host],[email],[recipient_title],[recipient_link],[recipient_photo],[object_link]'),(9,'core_welcome_password','core','[host],[email],[recipient_title],[recipient_link],[recipient_photo],[object_link],[password]'),(10,'notify_admin_user_signup','core','[host],[email],[date],[recipient_title],[object_title],[object_link]'),(11,'core_lostpassword','core','[host],[email],[recipient_title],[recipient_link],[recipient_photo],[object_link]'),(12,'notify_commented','activity','[host],[email],[recipient_title],[recipient_link],[recipient_photo],[sender_title],[sender_link],[sender_photo],[object_title],[object_link],[object_photo],[object_description]'),(13,'notify_commented_commented','activity','[host],[email],[recipient_title],[recipient_link],[recipient_photo],[sender_title],[sender_link],[sender_photo],[object_title],[object_link],[object_photo],[object_description]'),(14,'notify_liked','activity','[host],[email],[recipient_title],[recipient_link],[recipient_photo],[sender_title],[sender_link],[sender_photo],[object_title],[object_link],[object_photo],[object_description]'),(15,'notify_liked_commented','activity','[host],[email],[recipient_title],[recipient_link],[recipient_photo],[sender_title],[sender_link],[sender_photo],[object_title],[object_link],[object_photo],[object_description]'),(16,'user_account_approved','user','[host],[email],[recipient_title],[recipient_link],[recipient_photo]'),(17,'notify_friend_accepted','user','[host],[email],[recipient_title],[recipient_link],[recipient_photo],[sender_title],[sender_link],[sender_photo],[object_title],[object_link],[object_photo],[object_description]'),(18,'notify_friend_request','user','[host],[email],[recipient_title],[recipient_link],[recipient_photo],[sender_title],[sender_link],[sender_photo],[object_title],[object_link],[object_photo],[object_description]'),(19,'notify_friend_follow_request','user','[host],[email],[recipient_title],[recipient_link],[recipient_photo],[sender_title],[sender_link],[sender_photo],[object_title],[object_link],[object_photo],[object_description]'),(20,'notify_friend_follow_accepted','user','[host],[email],[recipient_title],[recipient_link],[recipient_photo],[sender_title],[sender_link],[sender_photo],[object_title],[object_link],[object_photo],[object_description]'),(21,'notify_friend_follow','user','[host],[email],[recipient_title],[recipient_link],[recipient_photo],[sender_title],[sender_link],[sender_photo],[object_title],[object_link],[object_photo],[object_description]'),(22,'notify_post_user','user','[host],[email],[recipient_title],[recipient_link],[recipient_photo],[sender_title],[sender_link],[sender_photo],[object_title],[object_link],[object_photo],[object_description]'),(23,'notify_tagged','user','[host],[email],[recipient_title],[recipient_link],[recipient_photo],[sender_title],[sender_link],[sender_photo],[object_title],[object_link],[object_photo],[object_description]'),(24,'notify_message_new','messages','[host],[email],[recipient_title],[recipient_link],[recipient_photo],[sender_title],[sender_link],[sender_photo],[object_title],[object_link],[object_photo],[object_description]'),(25,'invite','invite','[host],[email],[sender_email],[sender_title],[sender_link],[sender_photo],[message],[object_link],[code]'),(26,'invite_code','invite','[host],[email],[sender_email],[sender_title],[sender_link],[sender_photo],[message],[object_link],[code]'),(27,'payment_subscription_active','payment','[host],[email],[recipient_title],[recipient_link],[recipient_photo],[subscription_title],[subscription_description],[object_link]'),(28,'payment_subscription_cancelled','payment','[host],[email],[recipient_title],[recipient_link],[recipient_photo],[subscription_title],[subscription_description],[object_link]'),(29,'payment_subscription_expired','payment','[host],[email],[recipient_title],[recipient_link],[recipient_photo],[subscription_title],[subscription_description],[object_link]'),(30,'payment_subscription_overdue','payment','[host],[email],[recipient_title],[recipient_link],[recipient_photo],[subscription_title],[subscription_description],[object_link]'),(31,'payment_subscription_pending','payment','[host],[email],[recipient_title],[recipient_link],[recipient_photo],[subscription_title],[subscription_description],[object_link]'),(32,'payment_subscription_recurrence','payment','[host],[email],[recipient_title],[recipient_link],[recipient_photo],[subscription_title],[subscription_description],[object_link]'),(33,'payment_subscription_refunded','payment','[host],[email],[recipient_title],[recipient_link],[recipient_photo],[subscription_title],[subscription_description],[object_link]'),(34,'notify_whmedia_processed_failed','whmedia','[host],[email],[recipient_title],[recipient_link],[recipient_photo],[sender_title],[sender_link],[sender_photo],[object_title],[object_link],[object_photo],[object_description]'),(35,'notify_whmedia_following','whmedia','[host],[email],[recipient_title],[recipient_link],[recipient_photo],[sender_title],[sender_link],[sender_photo]');
/*!40000 ALTER TABLE `engine4_core_mailtemplates` ENABLE KEYS */;
UNLOCK TABLES;

--
-- Table structure for table `engine4_core_menuitems`
--

DROP TABLE IF EXISTS `engine4_core_menuitems`;
/*!40101 SET @saved_cs_client     = @@character_set_client */;
/*!40101 SET character_set_client = utf8 */;
CREATE TABLE `engine4_core_menuitems` (
  `id` int(11) unsigned NOT NULL AUTO_INCREMENT,
  `name` varchar(64) CHARACTER SET latin1 COLLATE latin1_general_ci NOT NULL,
  `module` varchar(32) CHARACTER SET latin1 COLLATE latin1_general_ci NOT NULL,
  `label` varchar(32) COLLATE utf8_unicode_ci NOT NULL,
  `plugin` varchar(128) CHARACTER SET latin1 COLLATE latin1_general_ci DEFAULT NULL,
  `params` text COLLATE utf8_unicode_ci NOT NULL,
  `menu` varchar(32) CHARACTER SET latin1 COLLATE latin1_general_ci DEFAULT NULL,
  `submenu` varchar(32) CHARACTER SET latin1 COLLATE latin1_general_ci DEFAULT NULL,
  `enabled` tinyint(1) NOT NULL DEFAULT '1',
  `custom` tinyint(1) NOT NULL DEFAULT '0',
  `order` smallint(6) NOT NULL DEFAULT '999',
  PRIMARY KEY (`id`),
  UNIQUE KEY `name` (`name`),
  KEY `LOOKUP` (`name`,`order`)
) ENGINE=InnoDB AUTO_INCREMENT=119 DEFAULT CHARSET=utf8 COLLATE=utf8_unicode_ci;
/*!40101 SET character_set_client = @saved_cs_client */;

--
-- Dumping data for table `engine4_core_menuitems`
--

LOCK TABLES `engine4_core_menuitems` WRITE;
/*!40000 ALTER TABLE `engine4_core_menuitems` DISABLE KEYS */;
INSERT INTO `engine4_core_menuitems` VALUES (1,'core_main_home','core','Featured','User_Plugin_Menus','','core_main','',1,0,1),(2,'core_sitemap_home','core','Home','','{\"route\":\"default\"}','core_sitemap','',1,0,1),(3,'core_footer_privacy','core','Privacy','','{\"route\":\"default\",\"module\":\"core\",\"controller\":\"help\",\"action\":\"privacy\"}','core_footer','',1,0,1),(4,'core_footer_terms','core','Terms of Service','','{\"route\":\"default\",\"module\":\"core\",\"controller\":\"help\",\"action\":\"terms\"}','core_footer','',1,0,2),(5,'core_footer_contact','core','Contact','','{\"route\":\"default\",\"module\":\"core\",\"controller\":\"help\",\"action\":\"contact\"}','core_footer','',1,0,3),(6,'core_mini_admin','core','Admin','User_Plugin_Menus','','core_mini','',1,0,6),(7,'core_mini_profile','user','My Profile','User_Plugin_Menus','','core_mini','',1,0,5),(8,'core_mini_settings','user','Settings','User_Plugin_Menus','','core_mini','',1,0,3),(9,'core_mini_auth','user','Auth','Whmedia_Plugin_Menus','','core_mini','',1,0,2),(10,'core_mini_signup','user','Signup','User_Plugin_Menus','','core_mini','',1,0,1),(11,'core_admin_main_home','core','Home','','{\"route\":\"admin_default\"}','core_admin_main','',1,0,1),(12,'core_admin_main_manage','core','Manage','','{\"uri\":\"javascript:void(0);this.blur();\"}','core_admin_main','core_admin_main_manage',1,0,2),(13,'core_admin_main_settings','core','Settings','','{\"uri\":\"javascript:void(0);this.blur();\"}','core_admin_main','core_admin_main_settings',1,0,3),(14,'core_admin_main_plugins','core','Plugins','','{\"uri\":\"javascript:void(0);this.blur();\"}','core_admin_main','core_admin_main_plugins',1,0,4),(15,'core_admin_main_layout','core','Layout','','{\"uri\":\"javascript:void(0);this.blur();\"}','core_admin_main','core_admin_main_layout',1,0,5),(16,'core_admin_main_ads','core','Ads','','{\"uri\":\"javascript:void(0);this.blur();\"}','core_admin_main','core_admin_main_ads',1,0,6),(17,'core_admin_main_stats','core','Stats','','{\"uri\":\"javascript:void(0);this.blur();\"}','core_admin_main','core_admin_main_stats',1,0,8),(18,'core_admin_main_manage_levels','core','Member Levels','','{\"route\":\"admin_default\",\"module\":\"authorization\",\"controller\":\"level\"}','core_admin_main_manage','',1,0,2),(19,'core_admin_main_manage_networks','network','Networks','','{\"route\":\"admin_default\",\"module\":\"network\",\"controller\":\"manage\"}','core_admin_main_manage','',1,0,3),(20,'core_admin_main_manage_announcements','announcement','Announcements','','{\"route\":\"admin_default\",\"module\":\"announcement\",\"controller\":\"manage\"}','core_admin_main_manage','',1,0,4),(21,'core_admin_message_mail','core','Email All Members','','{\"route\":\"admin_default\",\"module\":\"core\",\"controller\":\"message\",\"action\":\"mail\"}','core_admin_main_manage','',1,0,5),(22,'core_admin_main_manage_reports','core','Abuse Reports','','{\"route\":\"admin_default\",\"module\":\"core\",\"controller\":\"report\"}','core_admin_main_manage','',1,0,6),(23,'core_admin_main_manage_packages','core','Packages & Plugins','','{\"route\":\"admin_default\",\"module\":\"core\",\"controller\":\"packages\"}','core_admin_main_manage','',1,0,7),(24,'core_admin_main_settings_general','core','General Settings','','{\"route\":\"core_admin_settings\",\"action\":\"general\"}','core_admin_main_settings','',1,0,1),(25,'core_admin_main_settings_locale','core','Locale Settings','','{\"route\":\"core_admin_settings\",\"action\":\"locale\"}','core_admin_main_settings','',1,0,1),(26,'core_admin_main_settings_fields','fields','Profile Questions','','{\"route\":\"admin_default\",\"module\":\"user\",\"controller\":\"fields\"}','core_admin_main_settings','',1,0,2),(27,'core_admin_main_wibiya','core','Wibiya Integration','','{\"route\":\"admin_default\", \"action\":\"wibiya\", \"controller\":\"settings\", \"module\":\"core\"}','core_admin_main_settings','',1,0,4),(28,'core_admin_main_settings_spam','core','Spam & Banning Tools','','{\"route\":\"core_admin_settings\",\"action\":\"spam\"}','core_admin_main_settings','',1,0,5),(29,'core_admin_main_settings_mailtemplates','core','Mail Templates','','{\"route\":\"admin_default\",\"controller\":\"mail\",\"action\":\"templates\"}','core_admin_main_settings','',1,0,6),(30,'core_admin_main_settings_mailsettings','core','Mail Settings','','{\"route\":\"admin_default\",\"controller\":\"mail\",\"action\":\"settings\"}','core_admin_main_settings','',1,0,7),(31,'core_admin_main_settings_performance','core','Performance & Caching','','{\"route\":\"core_admin_settings\",\"action\":\"performance\"}','core_admin_main_settings','',1,0,8),(32,'core_admin_main_settings_password','core','Admin Password','','{\"route\":\"core_admin_settings\",\"action\":\"password\"}','core_admin_main_settings','',1,0,9),(33,'core_admin_main_settings_tasks','core','Task Scheduler','','{\"route\":\"admin_default\",\"controller\":\"tasks\"}','core_admin_main_settings','',1,0,10),(34,'core_admin_main_layout_content','core','Layout Editor','','{\"route\":\"admin_default\",\"controller\":\"content\"}','core_admin_main_layout','',1,0,1),(35,'core_admin_main_layout_themes','core','Theme Editor','','{\"route\":\"admin_default\",\"controller\":\"themes\"}','core_admin_main_layout','',1,0,2),(36,'core_admin_main_layout_files','core','File & Media Manager','','{\"route\":\"admin_default\",\"controller\":\"files\"}','core_admin_main_layout','',1,0,3),(37,'core_admin_main_layout_language','core','Language Manager','','{\"route\":\"admin_default\",\"controller\":\"language\"}','core_admin_main_layout','',1,0,4),(38,'core_admin_main_layout_menus','core','Menu Editor','','{\"route\":\"admin_default\",\"controller\":\"menus\"}','core_admin_main_layout','',1,0,5),(39,'core_admin_main_ads_manage','core','Manage Ad Campaigns','','{\"route\":\"admin_default\",\"controller\":\"ads\"}','core_admin_main_ads','',1,0,1),(40,'core_admin_main_ads_create','core','Create New Campaign','','{\"route\":\"admin_default\",\"controller\":\"ads\",\"action\":\"create\"}','core_admin_main_ads','',1,0,2),(41,'core_admin_main_ads_affiliate','core','SE Affiliate Program','','{\"route\":\"admin_default\",\"controller\":\"settings\",\"action\":\"affiliate\"}','core_admin_main_ads','',1,0,3),(42,'core_admin_main_ads_viglink','core','VigLink','','{\"route\":\"admin_default\",\"controller\":\"settings\",\"action\":\"viglink\"}','core_admin_main_ads','',1,0,4),(43,'core_admin_main_stats_statistics','core','Site-wide Statistics','','{\"route\":\"admin_default\",\"controller\":\"stats\"}','core_admin_main_stats','',1,0,1),(44,'core_admin_main_stats_url','core','Referring URLs','','{\"route\":\"admin_default\",\"controller\":\"stats\",\"action\":\"referrers\"}','core_admin_main_stats','',1,0,2),(45,'core_admin_main_stats_resources','core','Server Information','','{\"route\":\"admin_default\",\"controller\":\"system\"}','core_admin_main_stats','',1,0,3),(46,'core_admin_main_stats_logs','core','Log Browser','','{\"route\":\"admin_default\",\"controller\":\"log\",\"action\":\"index\"}','core_admin_main_stats','',1,0,3),(47,'core_admin_banning_general','core','Spam & Banning Tools','','{\"route\":\"core_admin_settings\",\"action\":\"spam\"}','core_admin_banning','',1,0,1),(48,'adcampaign_admin_main_edit','core','Edit Settings','','{\"route\":\"admin_default\",\"module\":\"core\",\"controller\":\"ads\",\"action\":\"edit\"}','adcampaign_admin_main','',1,0,1),(49,'adcampaign_admin_main_manageads','core','Manage Advertisements','','{\"route\":\"admin_default\",\"module\":\"core\",\"controller\":\"ads\",\"action\":\"manageads\"}','adcampaign_admin_main','',1,0,2),(50,'core_admin_main_settings_activity','activity','Activity Feed Settings','','{\"route\":\"admin_default\",\"module\":\"activity\",\"controller\":\"settings\",\"action\":\"index\"}','core_admin_main_settings','',1,0,4),(51,'core_admin_main_settings_notifications','activity','Default Email Notifications','','{\"route\":\"admin_default\",\"module\":\"activity\",\"controller\":\"settings\",\"action\":\"notifications\"}','core_admin_main_settings','',1,0,11),(52,'authorization_admin_main_manage','authorization','View Member Levels','','{\"route\":\"admin_default\",\"module\":\"authorization\",\"controller\":\"level\"}','authorization_admin_main','',1,0,1),(53,'authorization_admin_main_level','authorization','Member Level Settings','','{\"route\":\"admin_default\",\"module\":\"authorization\",\"controller\":\"level\",\"action\":\"edit\"}','authorization_admin_main','',1,0,3),(54,'authorization_admin_level_main','authorization','Level Info','','{\"route\":\"admin_default\",\"module\":\"authorization\",\"controller\":\"level\",\"action\":\"edit\"}','authorization_admin_level','',1,0,1),(55,'core_main_user','user','Members','','{\"route\":\"user_general\",\"action\":\"browse\"}','core_main','',0,0,6),(56,'core_sitemap_user','user','Members','','{\"route\":\"user_general\",\"action\":\"browse\"}','core_sitemap','',1,0,2),(57,'user_home_updates','user','View Recent Updates','','{\"route\":\"recent_activity\",\"icon\":\"application/modules/User/externals/images/links/updates.png\"}','user_home','',1,0,1),(58,'user_home_view','user','View My Profile','User_Plugin_Menus','{\"route\":\"user_profile_self\",\"icon\":\"application/modules/User/externals/images/links/profile.png\"}','user_home','',1,0,2),(59,'user_home_edit','user','Edit My Profile','User_Plugin_Menus','{\"route\":\"user_extended\",\"module\":\"user\",\"controller\":\"edit\",\"action\":\"profile\",\"icon\":\"application/modules/User/externals/images/links/edit.png\"}','user_home','',1,0,3),(60,'user_home_friends','user','Browse Members','','{\"route\":\"user_general\",\"controller\":\"index\",\"action\":\"browse\",\"icon\":\"application/modules/User/externals/images/links/search.png\"}','user_home','',1,0,4),(61,'user_profile_edit','user','Edit Profile','User_Plugin_Menus','','user_profile','',1,0,1),(62,'user_profile_friend','user','Friends','User_Plugin_Menus','','user_profile','',1,0,3),(63,'user_profile_block','user','Block','User_Plugin_Menus','','user_profile','',1,0,4),(64,'user_profile_report','user','Report User','User_Plugin_Menus','','user_profile','',1,0,5),(65,'user_profile_admin','user','Admin Settings','User_Plugin_Menus','','user_profile','',1,0,9),(66,'user_edit_profile','user','Personal Info','','{\"route\":\"user_extended\",\"module\":\"user\",\"controller\":\"edit\",\"action\":\"profile\"}','user_edit','',1,0,1),(67,'user_edit_photo','user','Edit My Photo','','{\"route\":\"user_extended\",\"module\":\"user\",\"controller\":\"edit\",\"action\":\"photo\"}','user_edit','',1,0,2),(68,'user_edit_style','user','Profile Style','User_Plugin_Menus','{\"route\":\"user_extended\",\"module\":\"user\",\"controller\":\"edit\",\"action\":\"style\"}','user_edit','',1,0,3),(69,'user_settings_general','user','General','','{\"route\":\"user_extended\",\"module\":\"user\",\"controller\":\"settings\",\"action\":\"general\"}','user_settings','',1,0,1),(70,'user_settings_privacy','user','Privacy','','{\"route\":\"user_extended\",\"module\":\"user\",\"controller\":\"settings\",\"action\":\"privacy\"}','user_settings','',1,0,2),(71,'user_settings_notifications','user','Notifications','','{\"route\":\"user_extended\",\"module\":\"user\",\"controller\":\"settings\",\"action\":\"notifications\"}','user_settings','',1,0,3),(72,'user_settings_password','user','Change Password','','{\"route\":\"user_extended\", \"module\":\"user\", \"controller\":\"settings\", \"action\":\"password\"}','user_settings','',1,0,5),(73,'user_settings_delete','user','Delete Account','User_Plugin_Menus::canDelete','{\"route\":\"user_extended\", \"module\":\"user\", \"controller\":\"settings\", \"action\":\"delete\"}','user_settings','',1,0,6),(74,'core_admin_main_manage_members','user','Members','','{\"route\":\"admin_default\",\"module\":\"user\",\"controller\":\"manage\"}','core_admin_main_manage','',1,0,1),(75,'core_admin_main_signup','user','Signup Process','','{\"route\":\"admin_default\", \"controller\":\"signup\", \"module\":\"user\"}','core_admin_main_settings','',1,0,3),(76,'core_admin_main_facebook','user','Facebook Integration','','{\"route\":\"admin_default\", \"action\":\"facebook\", \"controller\":\"settings\", \"module\":\"user\"}','core_admin_main_settings','',1,0,4),(77,'core_admin_main_twitter','user','Twitter Integration','','{\"route\":\"admin_default\", \"action\":\"twitter\", \"controller\":\"settings\", \"module\":\"user\"}','core_admin_main_settings','',1,0,4),(78,'core_admin_main_janrain','user','Janrain Integration','','{\"route\":\"admin_default\", \"action\":\"janrain\", \"controller\":\"settings\", \"module\":\"user\"}','core_admin_main_settings','',1,0,4),(79,'core_admin_main_settings_friends','user','Friendship Settings','','{\"route\":\"admin_default\",\"module\":\"user\",\"controller\":\"settings\",\"action\":\"friends\"}','core_admin_main_settings','',1,0,6),(80,'user_admin_banning_logins','user','Login History','','{\"route\":\"admin_default\",\"module\":\"user\",\"controller\":\"logins\",\"action\":\"index\"}','core_admin_banning','',1,0,2),(81,'authorization_admin_level_user','user','Members','','{\"route\":\"admin_default\",\"module\":\"user\",\"controller\":\"settings\",\"action\":\"level\"}','authorization_admin_level','',1,0,2),(82,'core_mini_messages','messages','Messages','Messages_Plugin_Menus','','core_mini','',1,0,4),(83,'user_profile_message','messages','Send Message','Messages_Plugin_Menus','','user_profile','',1,0,2),(84,'authorization_admin_level_messages','messages','Messages','','{\"route\":\"admin_default\",\"module\":\"messages\",\"controller\":\"settings\",\"action\":\"level\"}','authorization_admin_level','',1,0,3),(85,'messages_main_inbox','messages','Inbox','','{\"route\":\"messages_general\",\"action\":\"inbox\"}','messages_main','',1,0,1),(86,'messages_main_outbox','messages','Sent Messages','','{\"route\":\"messages_general\",\"action\":\"outbox\"}','messages_main','',1,0,2),(87,'messages_main_compose','messages','Compose Message','','{\"route\":\"messages_general\",\"action\":\"compose\"}','messages_main','',1,0,3),(88,'user_settings_network','network','Networks','','{\"route\":\"user_extended\", \"module\":\"user\", \"controller\":\"settings\", \"action\":\"network\"}','user_settings','',1,0,3),(89,'core_main_invite','invite','Invite','Invite_Plugin_Menus::canInvite','{\"route\":\"default\",\"module\":\"invite\"}','core_main','',0,0,2),(90,'user_home_invite','invite','Invite Your Friends','Invite_Plugin_Menus::canInvite','{\"route\":\"default\",\"module\":\"invite\",\"icon\":\"application/modules/Invite/externals/images/invite.png\"}','user_home','',1,0,5),(91,'core_admin_main_settings_storage','core','Storage System','','{\"route\":\"admin_default\",\"module\":\"storage\",\"controller\":\"services\",\"action\":\"index\"}','core_admin_main_settings','',1,0,11),(92,'user_settings_payment','user','Subscription','Payment_Plugin_Menus','{\"route\":\"default\", \"module\":\"payment\", \"controller\":\"settings\", \"action\":\"index\"}','user_settings','',1,0,4),(93,'core_admin_main_payment','payment','Billing','','{\"uri\":\"javascript:void(0);this.blur();\"}','core_admin_main','core_admin_main_payment',1,0,7),(94,'core_admin_main_payment_transactions','payment','Transactions','','{\"route\":\"admin_default\",\"module\":\"payment\",\"controller\":\"index\",\"action\":\"index\"}','core_admin_main_payment','',1,0,1),(95,'core_admin_main_payment_settings','payment','Settings','','{\"route\":\"admin_default\",\"module\":\"payment\",\"controller\":\"settings\",\"action\":\"index\"}','core_admin_main_payment','',1,0,2),(96,'core_admin_main_payment_gateways','payment','Gateways','','{\"route\":\"admin_default\",\"module\":\"payment\",\"controller\":\"gateway\",\"action\":\"index\"}','core_admin_main_payment','',1,0,3),(97,'core_admin_main_payment_packages','payment','Plans','','{\"route\":\"admin_default\",\"module\":\"payment\",\"controller\":\"package\",\"action\":\"index\"}','core_admin_main_payment','',1,0,4),(98,'core_admin_main_payment_subscriptions','payment','Subscriptions','','{\"route\":\"admin_default\",\"module\":\"payment\",\"controller\":\"subscription\",\"action\":\"index\"}','core_admin_main_payment','',1,0,5),(99,'core_admin_main_plugins_whmedia','whmedia','Media Plugin','','{\"route\":\"admin_default\",\"module\":\"whmedia\",\"controller\":\"settings\"}','core_admin_main_plugins','',1,0,999),(100,'whmedia_admin_main_manage','whmedia','View Media','','{\"route\":\"admin_default\",\"module\":\"whmedia\",\"controller\":\"manage\"}','whmedia_admin_main','',1,0,1),(101,'whmedia_admin_main_settings','whmedia','Global Settings','','{\"route\":\"admin_default\",\"module\":\"whmedia\",\"controller\":\"settings\"}','whmedia_admin_main','',1,0,2),(102,'whmedia_admin_main_level','whmedia','Member Level Settings','','{\"route\":\"admin_default\",\"module\":\"whmedia\",\"controller\":\"level\"}','whmedia_admin_main','',1,0,3),(103,'whmedia_admin_main_categories','whmedia','Categories','','{\"route\":\"admin_default\",\"module\":\"whmedia\",\"controller\":\"settings\", \"action\":\"categories\"}','whmedia_admin_main','',1,0,4),(104,'core_main_whmedia','whmedia','Browse','','{\"route\":\"whmedia_default\"}','core_main','',0,0,5),(105,'mobi_browse_whmedia','whmedia','Media','','{\"route\":\"whmedia_default\"}','mobi_browse','',1,0,999),(106,'whmedia_main_browse','whmedia','Browse All','Whmedia_Plugin_Menus::canViewProjects','{\"route\":\"whmedia_default\"}','whmedia_main','',1,0,1),(107,'whmedia_main_manage','whmedia','My Projects','Whmedia_Plugin_Menus::canCreateProjects','{\"route\":\"whmedia_default\",\"action\":\"manage\"}','whmedia_main','',1,0,2),(108,'whmedia_main_create','whmedia','Create a Project','Whmedia_Plugin_Menus::canCreateProjects','{\"route\":\"whmedia_default\",\"controller\":\"project\",\"action\":\"create\"}','whmedia_main','',1,0,3),(109,'whmedia_main_project','whmedia','Manage Project','Whmedia_Plugin_Menus','{\"route\":\"whmedia_project\"}','whmedia_main','',1,0,4),(110,'whmedia_admin_main_mediamasonry','mediamasonry','Masonry Add-on Settings','','{\"route\":\"admin_default\",\"module\":\"mediamasonry\",\"controller\":\"settings\",\"action\":\"mediamasonry\"}','whmedia_admin_main','',1,0,5),(111,'custom_111','core','Popular','','{\"uri\":\"\\/wazzup2day\\/whmedia\\/popular\",\"icon\":\"\",\"target\":\"\",\"enabled\":\"1\"}','core_main','',1,1,4),(112,'core_main_feed','core','Activity Feed','Whmedia_Plugin_Menus::isLogged','{\"uri\":\"\\/wazzup2day\\/whmedia\\/activity-feed\",\"icon\":\"\"}','core_main','',1,0,3),(113,'core_main_whmembers','whmedia','Follow','','{\"route\":\"whmedia_members\"}','core_main','',0,0,7),(114,'core_mini_boxes','whmedia','The Box','Whmedia_Plugin_Menus::isLogged','{\"route\":\"whmedia_circles\"}','core_mini','',1,0,11),(115,'core_mini_follow','core','Follow','Whmedia_Plugin_Menus::isLogged','{\"uri\":\".\\/follow\",\"icon\":\"\",\"target\":\"\",\"enabled\":\"1\"}','core_mini','',1,0,8),(116,'core_mini_browse','core','Browse','Whmedia_Plugin_Menus::isLogged','{\"uri\":\".\\/whmedia\",\"icon\":\"\",\"target\":\"\",\"enabled\":\"1\"}','core_mini','',1,0,9),(117,'core_mini_store','core','Store','Whmedia_Plugin_Menus::isLogged','{\"uri\":\"#\",\"icon\":\"\",\"target\":\"\",\"enabled\":\"1\"}','core_mini','',1,0,7),(118,'core_mini_post','core','Post','Whmedia_Plugin_Menus::isLogged','{\"uri\":\".\\/whmedia\\/project\\/create\",\"icon\":\"\",\"target\":\"\",\"enabled\":\"1\"}','core_mini','',1,0,10);
/*!40000 ALTER TABLE `engine4_core_menuitems` ENABLE KEYS */;
UNLOCK TABLES;

--
-- Table structure for table `engine4_core_menus`
--

DROP TABLE IF EXISTS `engine4_core_menus`;
/*!40101 SET @saved_cs_client     = @@character_set_client */;
/*!40101 SET character_set_client = utf8 */;
CREATE TABLE `engine4_core_menus` (
  `id` int(11) unsigned NOT NULL AUTO_INCREMENT,
  `name` varchar(32) CHARACTER SET latin1 COLLATE latin1_general_ci NOT NULL,
  `type` enum('standard','hidden','custom') CHARACTER SET latin1 COLLATE latin1_general_ci NOT NULL DEFAULT 'standard',
  `title` varchar(64) COLLATE utf8_unicode_ci NOT NULL,
  `order` smallint(3) NOT NULL DEFAULT '999',
  PRIMARY KEY (`id`),
  UNIQUE KEY `name` (`name`),
  KEY `order` (`order`)
) ENGINE=InnoDB AUTO_INCREMENT=11 DEFAULT CHARSET=utf8 COLLATE=utf8_unicode_ci;
/*!40101 SET character_set_client = @saved_cs_client */;

--
-- Dumping data for table `engine4_core_menus`
--

LOCK TABLES `engine4_core_menus` WRITE;
/*!40000 ALTER TABLE `engine4_core_menus` DISABLE KEYS */;
INSERT INTO `engine4_core_menus` VALUES (1,'core_main','standard','Main Navigation Menu',1),(2,'core_mini','standard','Mini Navigation Menu',2),(3,'core_footer','standard','Footer Menu',3),(4,'core_sitemap','standard','Sitemap',4),(5,'user_home','standard','Member Home Quick Links Menu',999),(6,'user_profile','standard','Member Profile Options Menu',999),(7,'user_edit','standard','Member Edit Profile Navigation Menu',999),(8,'user_settings','standard','Member Settings Navigation Menu',999),(9,'messages_main','standard','Messages Main Navigation Menu',999),(10,'whmedia_main','standard','Media Plugin Main Navigation Menu',999);
/*!40000 ALTER TABLE `engine4_core_menus` ENABLE KEYS */;
UNLOCK TABLES;

--
-- Table structure for table `engine4_core_migrations`
--

DROP TABLE IF EXISTS `engine4_core_migrations`;
/*!40101 SET @saved_cs_client     = @@character_set_client */;
/*!40101 SET character_set_client = utf8 */;
CREATE TABLE `engine4_core_migrations` (
  `package` varchar(128) CHARACTER SET latin1 COLLATE latin1_general_ci NOT NULL,
  `current` int(10) unsigned NOT NULL DEFAULT '0',
  PRIMARY KEY (`package`)
) ENGINE=InnoDB DEFAULT CHARSET=utf8 COLLATE=utf8_unicode_ci;
/*!40101 SET character_set_client = @saved_cs_client */;

--
-- Dumping data for table `engine4_core_migrations`
--

LOCK TABLES `engine4_core_migrations` WRITE;
/*!40000 ALTER TABLE `engine4_core_migrations` DISABLE KEYS */;
/*!40000 ALTER TABLE `engine4_core_migrations` ENABLE KEYS */;
UNLOCK TABLES;

--
-- Table structure for table `engine4_core_modules`
--

DROP TABLE IF EXISTS `engine4_core_modules`;
/*!40101 SET @saved_cs_client     = @@character_set_client */;
/*!40101 SET character_set_client = utf8 */;
CREATE TABLE `engine4_core_modules` (
  `name` varchar(64) CHARACTER SET latin1 COLLATE latin1_general_ci NOT NULL,
  `title` varchar(64) COLLATE utf8_unicode_ci NOT NULL,
  `description` text COLLATE utf8_unicode_ci,
  `version` varchar(32) CHARACTER SET latin1 COLLATE latin1_general_ci NOT NULL,
  `enabled` tinyint(1) NOT NULL DEFAULT '0',
  `type` enum('core','standard','extra') CHARACTER SET latin1 COLLATE latin1_general_ci NOT NULL DEFAULT 'extra',
  PRIMARY KEY (`name`)
) ENGINE=InnoDB DEFAULT CHARSET=utf8 COLLATE=utf8_unicode_ci;
/*!40101 SET character_set_client = @saved_cs_client */;

--
-- Dumping data for table `engine4_core_modules`
--

LOCK TABLES `engine4_core_modules` WRITE;
/*!40000 ALTER TABLE `engine4_core_modules` DISABLE KEYS */;
INSERT INTO `engine4_core_modules` VALUES ('activity','Activity','Activity','4.2.5',1,'core'),('announcement','Announcements','Announcements','4.2.3',1,'standard'),('authorization','Authorization','Authorization','4.2.3',1,'core'),('core','Core','Core','4.2.7',1,'core'),('fields','Fields','Fields','4.2.7',1,'core'),('invite','Invite','Invite','4.2.0',1,'standard'),('mediamasonry','Media Addon: Masonry','This addon allows to use masonry layout to display projects from plugin Media (Portfolio). It includes 8 additional widgets.','4.2.7p1',1,'extra'),('messages','Messages','Messages','4.2.5',1,'standard'),('network','Networks','Networks','4.2.3',1,'standard'),('payment','Payment','Payment','4.2.3',1,'standard'),('storage','Storage','Storage','4.2.3',1,'core'),('user','Members','Members','4.2.7',1,'core'),('whmedia','Media Plugin','Plugin for designers, photographers, artists and creatives that allows to upload images, videos, music and other files (download for other files).','4.2.7p2',1,'extra');
/*!40000 ALTER TABLE `engine4_core_modules` ENABLE KEYS */;
UNLOCK TABLES;

--
-- Table structure for table `engine4_core_nodes`
--

DROP TABLE IF EXISTS `engine4_core_nodes`;
/*!40101 SET @saved_cs_client     = @@character_set_client */;
/*!40101 SET character_set_client = utf8 */;
CREATE TABLE `engine4_core_nodes` (
  `node_id` int(10) unsigned NOT NULL AUTO_INCREMENT,
  `signature` char(40) COLLATE utf8_unicode_ci NOT NULL,
  `host` varchar(255) COLLATE utf8_unicode_ci NOT NULL,
  `ip` varbinary(16) NOT NULL,
  `first_seen` datetime NOT NULL,
  `last_seen` datetime NOT NULL,
  PRIMARY KEY (`node_id`),
  UNIQUE KEY `signature` (`signature`)
) ENGINE=InnoDB DEFAULT CHARSET=utf8 COLLATE=utf8_unicode_ci;
/*!40101 SET character_set_client = @saved_cs_client */;

--
-- Dumping data for table `engine4_core_nodes`
--

LOCK TABLES `engine4_core_nodes` WRITE;
/*!40000 ALTER TABLE `engine4_core_nodes` DISABLE KEYS */;
/*!40000 ALTER TABLE `engine4_core_nodes` ENABLE KEYS */;
UNLOCK TABLES;

--
-- Table structure for table `engine4_core_pages`
--

DROP TABLE IF EXISTS `engine4_core_pages`;
/*!40101 SET @saved_cs_client     = @@character_set_client */;
/*!40101 SET character_set_client = utf8 */;
CREATE TABLE `engine4_core_pages` (
  `page_id` int(11) unsigned NOT NULL AUTO_INCREMENT,
  `name` varchar(128) CHARACTER SET latin1 COLLATE latin1_general_ci DEFAULT NULL,
  `displayname` varchar(128) COLLATE utf8_unicode_ci NOT NULL DEFAULT '',
  `url` varchar(128) COLLATE utf8_unicode_ci DEFAULT NULL,
  `title` varchar(255) COLLATE utf8_unicode_ci NOT NULL,
  `description` text COLLATE utf8_unicode_ci NOT NULL,
  `keywords` text COLLATE utf8_unicode_ci NOT NULL,
  `custom` tinyint(1) NOT NULL DEFAULT '1',
  `fragment` tinyint(1) NOT NULL DEFAULT '0',
  `layout` varchar(32) COLLATE utf8_unicode_ci NOT NULL DEFAULT '',
  `levels` text COLLATE utf8_unicode_ci,
  `provides` text COLLATE utf8_unicode_ci,
  `view_count` int(11) unsigned NOT NULL DEFAULT '0',
  PRIMARY KEY (`page_id`),
  UNIQUE KEY `name` (`name`),
  UNIQUE KEY `url` (`url`)
) ENGINE=InnoDB AUTO_INCREMENT=22 DEFAULT CHARSET=utf8 COLLATE=utf8_unicode_ci;
/*!40101 SET character_set_client = @saved_cs_client */;

--
-- Dumping data for table `engine4_core_pages`
--

LOCK TABLES `engine4_core_pages` WRITE;
/*!40000 ALTER TABLE `engine4_core_pages` DISABLE KEYS */;
INSERT INTO `engine4_core_pages` VALUES (1,'header','Site Header',NULL,'','','',0,1,'',NULL,'header-footer',0),(2,'footer','Site Footer',NULL,'','','',0,1,'',NULL,'header-footer',0),(3,'core_index_index','Home Page',NULL,'Home Page','This is the home page.','',0,0,'',NULL,'no-viewer;no-subject',0),(4,'user_index_home','Member Home Page',NULL,'Member Home Page','This is the home page for members.','',0,0,'',NULL,'viewer;no-subject',0),(5,'user_profile_index','Member Profile',NULL,'Member Profile','This is a member\'s profile.','',0,0,'',NULL,'subject=user',0),(6,'core_help_contact','Contact Page',NULL,'Contact Us','This is the contact page','',0,0,'',NULL,'no-viewer;no-subject',0),(7,'core_help_privacy','Privacy Page',NULL,'Privacy Policy','This is the privacy policy page','',0,0,'',NULL,'no-viewer;no-subject',0),(8,'core_help_terms','Terms of Service Page',NULL,'Terms of Service','This is the terms of service page','',0,0,'',NULL,'no-viewer;no-subject',0),(9,'core_error_requireuser','Sign-in Required Page',NULL,'Sign-in Required','','',0,0,'',NULL,NULL,0),(10,'user_auth_login','Sign-in Page',NULL,'Sign-in','This is the site sign-in page.','',0,0,'',NULL,NULL,0),(11,'user_signup_index','Sign-up Page',NULL,'Sign-up','This is the site sign-up page.','',0,0,'',NULL,NULL,0),(12,'invite_index_index','Invite Page',NULL,'Invite','','',0,0,'',NULL,NULL,0),(13,'messages_messages_inbox','Messages Inbox Page',NULL,'Inbox','','',0,0,'',NULL,NULL,0),(14,'messages_messages_outbox','Messages Outbox Page',NULL,'Inbox','','',0,0,'',NULL,NULL,0),(15,'whmedia_index_index','Media Plugin: Browse Page',NULL,'Media Plugin: Browse Page','Show all media projects on your site.','',0,0,'',NULL,NULL,0),(16,'whmedia_index_manage','Media Plugin: Manage Projects',NULL,'Media Plugin: Manage Projects','Show members of theirs media projects.','',0,0,'',NULL,NULL,0),(17,'whmedia_index_view','Media Plugin: View a project',NULL,'Media Plugin: View a project','Show page view a media projects.','',0,0,'',NULL,NULL,0),(19,'whmedia_index_popular','Media Plugin: Popular projects',NULL,'Media Plugin: Popular projects','Show page popular projects.','',0,0,'',NULL,NULL,0),(20,'whmedia_index_livefeed','Media Plugin: Livefeed',NULL,'Media Plugin: Livefeed','Show page livefeed.','',0,0,'',NULL,NULL,0),(21,'whmedia_index_activityfeed','Media Plugin: Activity Feed',NULL,'Media Plugin: Activity Feed','Show page activity feed.','',0,0,'',NULL,NULL,0);
/*!40000 ALTER TABLE `engine4_core_pages` ENABLE KEYS */;
UNLOCK TABLES;

--
-- Table structure for table `engine4_core_processes`
--

DROP TABLE IF EXISTS `engine4_core_processes`;
/*!40101 SET @saved_cs_client     = @@character_set_client */;
/*!40101 SET character_set_client = utf8 */;
CREATE TABLE `engine4_core_processes` (
  `pid` int(10) unsigned NOT NULL,
  `parent_pid` int(10) unsigned NOT NULL DEFAULT '0',
  `system_pid` int(10) unsigned NOT NULL DEFAULT '0',
  `started` int(10) unsigned NOT NULL,
  `timeout` mediumint(10) unsigned NOT NULL DEFAULT '0',
  `name` varchar(128) CHARACTER SET latin1 COLLATE latin1_general_ci NOT NULL,
  PRIMARY KEY (`pid`),
  KEY `name` (`name`)
) ENGINE=InnoDB DEFAULT CHARSET=utf8 COLLATE=utf8_unicode_ci;
/*!40101 SET character_set_client = @saved_cs_client */;

--
-- Dumping data for table `engine4_core_processes`
--

LOCK TABLES `engine4_core_processes` WRITE;
/*!40000 ALTER TABLE `engine4_core_processes` DISABLE KEYS */;
/*!40000 ALTER TABLE `engine4_core_processes` ENABLE KEYS */;
UNLOCK TABLES;

--
-- Table structure for table `engine4_core_referrers`
--

DROP TABLE IF EXISTS `engine4_core_referrers`;
/*!40101 SET @saved_cs_client     = @@character_set_client */;
/*!40101 SET character_set_client = utf8 */;
CREATE TABLE `engine4_core_referrers` (
  `host` varchar(64) COLLATE utf8_unicode_ci NOT NULL,
  `path` varchar(64) COLLATE utf8_unicode_ci NOT NULL,
  `query` varchar(128) COLLATE utf8_unicode_ci NOT NULL,
  `value` int(11) unsigned NOT NULL,
  PRIMARY KEY (`host`,`path`,`query`),
  KEY `value` (`value`)
) ENGINE=InnoDB DEFAULT CHARSET=utf8 COLLATE=utf8_unicode_ci;
/*!40101 SET character_set_client = @saved_cs_client */;

--
-- Dumping data for table `engine4_core_referrers`
--

LOCK TABLES `engine4_core_referrers` WRITE;
/*!40000 ALTER TABLE `engine4_core_referrers` DISABLE KEYS */;
INSERT INTO `engine4_core_referrers` VALUES ('dev.webhive.org','/activecollab/public/index.php','path_info=projects%2f71%2ftickets%2f22',1),('dev.webhive.org','/activecollab/public/index.php','path_info=projects%2f71%2ftickets%2f3',1),('dev.webhive.org','/activecollab/public/index.php','path_info=projects%2f71%2ftickets%2f3&page=1',1),('facebook.com','/','',1),('facebook.com','/l.php','u=http%3a%2f%2falena.webhive.org%2fwazzup2day%2f&h=naqf4_3ep',1),('dev.webhive.org','/activecollab/public/index.php','path_info=projects%2f71%2ftickets%2f11',2),('facebook.com','/l.php','u=http%3a%2f%2falena.webhive.org%2fwazzup2day%2fprofile%2falena&h=uaqelnxht',2),('dev.webhive.org','/activecollab/public/index.php','path_info=projects%2f71%2ftickets%2f16',3),('dev.webhive.org','/activecollab/public/index.php','path_info=projects%2f71%2ftickets%2f2',3),('dev.webhive.org','/activecollab/public/index.php','path_info=projects%2f71%2ftickets%2f27',3),('dev.webhive.org','/activecollab/public/index.php','path_info=projects%2f71%2ftickets%2f19',4),('dev.webhive.org','/activecollab/public/index.php','path_info=projects%2f71%2ftickets%2f7',4),('dev.webhive.org','/activecollab/public/index.php','path_info=projects%2f71%2ftickets%2f10',10),('dev.webhive.org','/activecollab/public/index.php','path_info=projects%2f71%2ftickets%2f20',12);
/*!40000 ALTER TABLE `engine4_core_referrers` ENABLE KEYS */;
UNLOCK TABLES;

--
-- Table structure for table `engine4_core_reports`
--

DROP TABLE IF EXISTS `engine4_core_reports`;
/*!40101 SET @saved_cs_client     = @@character_set_client */;
/*!40101 SET character_set_client = utf8 */;
CREATE TABLE `engine4_core_reports` (
  `report_id` int(11) NOT NULL AUTO_INCREMENT,
  `user_id` int(11) NOT NULL,
  `category` varchar(16) COLLATE utf8_unicode_ci NOT NULL,
  `description` text COLLATE utf8_unicode_ci NOT NULL,
  `subject_type` varchar(32) CHARACTER SET latin1 COLLATE latin1_general_ci NOT NULL,
  `subject_id` int(11) NOT NULL,
  `creation_date` datetime NOT NULL,
  `read` tinyint(1) NOT NULL DEFAULT '0',
  PRIMARY KEY (`report_id`),
  KEY `category` (`category`),
  KEY `user_id` (`user_id`),
  KEY `read` (`read`)
) ENGINE=InnoDB AUTO_INCREMENT=2 DEFAULT CHARSET=utf8 COLLATE=utf8_unicode_ci;
/*!40101 SET character_set_client = @saved_cs_client */;

--
-- Dumping data for table `engine4_core_reports`
--

LOCK TABLES `engine4_core_reports` WRITE;
/*!40000 ALTER TABLE `engine4_core_reports` DISABLE KEYS */;
INSERT INTO `engine4_core_reports` VALUES (1,2,'spam','Report test','whmedia_project',64,'2013-01-22 10:02:12',0);
/*!40000 ALTER TABLE `engine4_core_reports` ENABLE KEYS */;
UNLOCK TABLES;

--
-- Table structure for table `engine4_core_routes`
--

DROP TABLE IF EXISTS `engine4_core_routes`;
/*!40101 SET @saved_cs_client     = @@character_set_client */;
/*!40101 SET character_set_client = utf8 */;
CREATE TABLE `engine4_core_routes` (
  `name` varchar(32) CHARACTER SET latin1 COLLATE latin1_general_ci NOT NULL,
  `config` text COLLATE utf8_unicode_ci NOT NULL,
  `order` smallint(6) NOT NULL DEFAULT '1',
  PRIMARY KEY (`name`),
  KEY `order` (`order`)
) ENGINE=InnoDB DEFAULT CHARSET=utf8 COLLATE=utf8_unicode_ci;
/*!40101 SET character_set_client = @saved_cs_client */;

--
-- Dumping data for table `engine4_core_routes`
--

LOCK TABLES `engine4_core_routes` WRITE;
/*!40000 ALTER TABLE `engine4_core_routes` DISABLE KEYS */;
/*!40000 ALTER TABLE `engine4_core_routes` ENABLE KEYS */;
UNLOCK TABLES;

--
-- Table structure for table `engine4_core_search`
--

DROP TABLE IF EXISTS `engine4_core_search`;
/*!40101 SET @saved_cs_client     = @@character_set_client */;
/*!40101 SET character_set_client = utf8 */;
CREATE TABLE `engine4_core_search` (
  `type` varchar(32) CHARACTER SET latin1 COLLATE latin1_general_ci NOT NULL,
  `id` int(11) unsigned NOT NULL,
  `title` varchar(255) COLLATE utf8_unicode_ci NOT NULL,
  `description` varchar(255) COLLATE utf8_unicode_ci NOT NULL,
  `keywords` varchar(255) COLLATE utf8_unicode_ci NOT NULL,
  `hidden` varchar(255) COLLATE utf8_unicode_ci NOT NULL,
  PRIMARY KEY (`type`,`id`),
  FULLTEXT KEY `LOOKUP` (`title`,`description`,`keywords`,`hidden`)
) ENGINE=MyISAM DEFAULT CHARSET=utf8 COLLATE=utf8_unicode_ci;
/*!40101 SET character_set_client = @saved_cs_client */;

--
-- Dumping data for table `engine4_core_search`
--

LOCK TABLES `engine4_core_search` WRITE;
/*!40000 ALTER TABLE `engine4_core_search` DISABLE KEYS */;
INSERT INTO `engine4_core_search` VALUES ('whmedia_project',1,'Japanese Garden','','',''),('whmedia_project',2,'Home Decor Details','','',''),('user',2,'Helen White','','',''),('whmedia_project',3,'Sweet Things - Lorem ipsum dolor sit amet, consectetur adipiscing elit. Nulla et libero neque','','',''),('whmedia_project',4,'Wedding Decor','','',''),('user',3,'Amanda Green','','',''),('whmedia_project',5,'Rocks','','',''),('whmedia_project',6,'Test','','',''),('whmedia_project',7,'Proekt','','',''),('whmedia_project',8,'Featured Project','','',''),('whmedia_project',9,'More','','',''),('whmedia_project',10,'More 2','','',''),('whmedia_project',11,'Dogs','','',''),('whmedia_project',12,'Ohhh','','',''),('whmedia_project',13,'Classic','','',''),('whmedia_project',14,'Publish','','',''),('whmedia_project',15,'YouTube','','',''),('whmedia_project',16,'test1','','',''),('whmedia_project',17,'test2','','',''),('whmedia_project',18,'Vah','','',''),('whmedia_project',19,'Vah2','','',''),('whmedia_project',20,'1','','',''),('whmedia_project',21,'2','','',''),('whmedia_project',22,'4','','',''),('whmedia_project',23,'5','','',''),('whmedia_project',24,'6','','',''),('whmedia_project',25,'7','','',''),('whmedia_project',26,'8','','',''),('whmedia_project',27,'9','','',''),('whmedia_project',28,'11','','',''),('whmedia_project',29,'22','','',''),('whmedia_project',30,'33','','',''),('whmedia_project',31,'44','','',''),('whmedia_project',32,'66','','',''),('whmedia_project',33,'777','','',''),('whmedia_project',34,'888','','',''),('whmedia_project',35,'99','','',''),('whmedia_project',36,'999','','',''),('whmedia_project',37,'111','','',''),('whmedia_project',38,'222','','',''),('whmedia_project',39,'333','','',''),('whmedia_project',40,'qqq','','',''),('whmedia_project',41,'aaa','','',''),('whmedia_project',42,'rrrr','','',''),('whmedia_project',43,'asdasd','','',''),('whmedia_project',44,'end','','',''),('whmedia_project',45,'Marilyn Monroe','','',''),('whmedia_project',46,'Paris Cafe','','',''),('whmedia_project',47,'Coffee','','',''),('whmedia_project',48,'Feng Shui','','',''),('whmedia_project',49,'Candles','','',''),('whmedia_project',50,'Vase','','',''),('whmedia_project',51,'Handmade Toys','','',''),('whmedia_project',52,'Cups Lorem ipsum dolor sit amet Lorem ipsum dolor sit amet','','',''),('user',4,'Eugene S','','',''),('whmedia_project',53,'A cinnamon roll is a sweet roll served commonly in Northern Europe and North America','','',''),('core_link',1,'My Community - Media Plugin: Popular projects','Show page popular projects.','',''),('core_link',2,'My Community - Media Plugin: Popular projects','Show page popular projects.','',''),('whmedia_project',54,'testing','','',''),('whmedia_project',55,'testing 2','','',''),('whmedia_project',56,'Cnn news','','',''),('whmedia_project',57,'Microsoft Tablet Hands on','','',''),('whmedia_project',58,'Testin testing testing testing testing testing testing','','',''),('whmedia_project',59,'IBM Think Exhibit - Data Wall','','',''),('whmedia_project',60,'sample','','',''),('user',5,'John Stone','','',''),('whmedia_project',61,'testing','','',''),('whmedia_project',62,'testing','','',''),('whmedia_project',63,'8 Hacks To make Google Calendar More Useful','','',''),('whmedia_project',64,'Kon tiki Making of','','',''),('whmedia_project',65,'Space Shuttle Endeavor in the Streets of Los Angeles','','',''),('whmedia_project',66,'DNA Hacking','','',''),('whmedia_project',67,'Beginnings of Bionic','','',''),('whmedia_project',68,'Comic Books Stuff','','',''),('whmedia_project',69,'Sunshine','','',''),('user',6,' ','','',''),('user',7,'Test1 Test1','','',''),('user',8,'Test2 Test2','','',''),('user',9,'Test3 Test3','','',''),('user',10,'Test4 Test4','','',''),('user',11,'Test5 Test5','','',''),('user',12,'Test6 Test6','','',''),('whmedia_project',70,'Shocking Picture of a Man Shove in the Station and no one help him','','',''),('user',13,'User1 User1','','',''),('user',14,'User2 User2','','',''),('user',15,'User3 User3','','',''),('user',16,'User4 User4','','',''),('user',17,'User5 User 5','','',''),('user',18,'User6 User6','','',''),('user',19,'User7 User7','','',''),('user',20,'User8 User8','','',''),('whmedia_project',71,'Test stream','','',''),('user',21,'User9 User9','','',''),('user',22,'User10 User10','','',''),('user',23,'User11 User11','','',''),('user',24,'User12 User12','','',''),('user',25,'User13 User13','','',''),('user',26,'User14 User14','','',''),('whmedia_project',72,'testubf','','',''),('whmedia_project',73,'Embed Media test','','',''),('whmedia_project',74,'testing','','',''),('whmedia_project',75,'light show','','',''),('whmedia_project',76,'levitation','','',''),('whmedia_project',77,'lightning','','',''),('whmedia_project',78,'noir','','',''),('whmedia_project',79,'Biker Dog','','',''),('whmedia_project',80,'Oz the great and powerful','','',''),('whmedia_project',81,'design','','',''),('whmedia_project',82,'runaways','','',''),('whmedia_project',83,'testing','','',''),('user',27,'Test User15','','',''),('whmedia_project',84,'news','','',''),('whmedia_project',85,'Voice Over Testing','','',''),('user',28,'John Zerihoun','','','');
/*!40000 ALTER TABLE `engine4_core_search` ENABLE KEYS */;
UNLOCK TABLES;

--
-- Table structure for table `engine4_core_serviceproviders`
--

DROP TABLE IF EXISTS `engine4_core_serviceproviders`;
/*!40101 SET @saved_cs_client     = @@character_set_client */;
/*!40101 SET character_set_client = utf8 */;
CREATE TABLE `engine4_core_serviceproviders` (
  `serviceprovider_id` int(10) unsigned NOT NULL AUTO_INCREMENT,
  `title` varchar(128) COLLATE utf8_unicode_ci NOT NULL,
  `type` varchar(128) CHARACTER SET latin1 COLLATE latin1_general_ci NOT NULL,
  `name` varchar(128) CHARACTER SET latin1 COLLATE latin1_general_ci NOT NULL,
  `class` varchar(128) CHARACTER SET latin1 COLLATE latin1_general_ci NOT NULL,
  `enabled` tinyint(1) NOT NULL DEFAULT '0',
  PRIMARY KEY (`serviceprovider_id`),
  UNIQUE KEY `type` (`type`,`name`)
) ENGINE=InnoDB AUTO_INCREMENT=14 DEFAULT CHARSET=utf8 COLLATE=utf8_unicode_ci;
/*!40101 SET character_set_client = @saved_cs_client */;

--
-- Dumping data for table `engine4_core_serviceproviders`
--

LOCK TABLES `engine4_core_serviceproviders` WRITE;
/*!40000 ALTER TABLE `engine4_core_serviceproviders` DISABLE KEYS */;
INSERT INTO `engine4_core_serviceproviders` VALUES (1,'MySQL','database','mysql','Engine_ServiceLocator_Plugin_Database_Mysql',1),(2,'PDO MySQL','database','mysql_pdo','Engine_ServiceLocator_Plugin_Database_MysqlPdo',1),(3,'MySQLi','database','mysqli','Engine_ServiceLocator_Plugin_Database_Mysqli',1),(4,'File','cache','file','Engine_ServiceLocator_Plugin_Cache_File',1),(5,'APC','cache','apc','Engine_ServiceLocator_Plugin_Cache_Apc',1),(6,'Memcache','cache','memcached','Engine_ServiceLocator_Plugin_Cache_Memcached',1),(7,'Simple','captcha','image','Engine_ServiceLocator_Plugin_Captcha_Image',1),(8,'ReCaptcha','captcha','recaptcha','Engine_ServiceLocator_Plugin_Captcha_Recaptcha',1),(9,'SMTP','mail','smtp','Engine_ServiceLocator_Plugin_Mail_Smtp',1),(10,'Sendmail','mail','sendmail','Engine_ServiceLocator_Plugin_Mail_Sendmail',1),(11,'GD','image','gd','Engine_ServiceLocator_Plugin_Image_Gd',1),(12,'Imagick','image','imagick','Engine_ServiceLocator_Plugin_Image_Imagick',1),(13,'Akismet','akismet','standard','Engine_ServiceLocator_Plugin_Akismet',1);
/*!40000 ALTER TABLE `engine4_core_serviceproviders` ENABLE KEYS */;
UNLOCK TABLES;

--
-- Table structure for table `engine4_core_services`
--

DROP TABLE IF EXISTS `engine4_core_services`;
/*!40101 SET @saved_cs_client     = @@character_set_client */;
/*!40101 SET character_set_client = utf8 */;
CREATE TABLE `engine4_core_services` (
  `service_id` int(10) unsigned NOT NULL AUTO_INCREMENT,
  `type` varchar(128) CHARACTER SET latin1 COLLATE latin1_general_ci NOT NULL,
  `name` varchar(128) CHARACTER SET latin1 COLLATE latin1_general_ci NOT NULL,
  `profile` varchar(128) CHARACTER SET latin1 COLLATE latin1_general_ci NOT NULL DEFAULT 'default',
  `config` text COLLATE utf8_unicode_ci NOT NULL,
  `enabled` tinyint(1) NOT NULL DEFAULT '0',
  PRIMARY KEY (`service_id`),
  UNIQUE KEY `type` (`type`,`profile`)
) ENGINE=InnoDB DEFAULT CHARSET=utf8 COLLATE=utf8_unicode_ci;
/*!40101 SET character_set_client = @saved_cs_client */;

--
-- Dumping data for table `engine4_core_services`
--

LOCK TABLES `engine4_core_services` WRITE;
/*!40000 ALTER TABLE `engine4_core_services` DISABLE KEYS */;
/*!40000 ALTER TABLE `engine4_core_services` ENABLE KEYS */;
UNLOCK TABLES;

--
-- Table structure for table `engine4_core_servicetypes`
--

DROP TABLE IF EXISTS `engine4_core_servicetypes`;
/*!40101 SET @saved_cs_client     = @@character_set_client */;
/*!40101 SET character_set_client = utf8 */;
CREATE TABLE `engine4_core_servicetypes` (
  `servicetype_id` int(10) unsigned NOT NULL AUTO_INCREMENT,
  `title` varchar(128) COLLATE utf8_unicode_ci NOT NULL,
  `type` varchar(128) CHARACTER SET latin1 COLLATE latin1_general_ci NOT NULL,
  `interface` varchar(128) CHARACTER SET latin1 COLLATE latin1_general_ci DEFAULT NULL,
  `enabled` tinyint(1) NOT NULL DEFAULT '0',
  PRIMARY KEY (`servicetype_id`),
  UNIQUE KEY `type` (`type`)
) ENGINE=InnoDB AUTO_INCREMENT=7 DEFAULT CHARSET=utf8 COLLATE=utf8_unicode_ci;
/*!40101 SET character_set_client = @saved_cs_client */;

--
-- Dumping data for table `engine4_core_servicetypes`
--

LOCK TABLES `engine4_core_servicetypes` WRITE;
/*!40000 ALTER TABLE `engine4_core_servicetypes` DISABLE KEYS */;
INSERT INTO `engine4_core_servicetypes` VALUES (1,'Database','database','Zend_Db_Adapter_Abstract',1),(2,'Cache','cache','Zend_Cache_Backend',1),(3,'Captcha','captcha','Zend_Captcha_Adapter',1),(4,'Mail Transport','mail','Zend_Mail_Transport_Abstract',1),(5,'Image','image','Engine_Image_Adapter_Abstract',1),(6,'Akismet','akismet','Zend_Service_Akismet',1);
/*!40000 ALTER TABLE `engine4_core_servicetypes` ENABLE KEYS */;
UNLOCK TABLES;

--
-- Table structure for table `engine4_core_session`
--

DROP TABLE IF EXISTS `engine4_core_session`;
/*!40101 SET @saved_cs_client     = @@character_set_client */;
/*!40101 SET character_set_client = utf8 */;
CREATE TABLE `engine4_core_session` (
  `id` char(32) COLLATE utf8_unicode_ci NOT NULL DEFAULT '',
  `modified` int(11) DEFAULT NULL,
  `lifetime` int(11) DEFAULT NULL,
  `data` text COLLATE utf8_unicode_ci,
  `user_id` int(10) unsigned DEFAULT NULL,
  PRIMARY KEY (`id`),
  KEY `user_id` (`user_id`)
) ENGINE=InnoDB DEFAULT CHARSET=utf8 COLLATE=utf8_unicode_ci;
/*!40101 SET character_set_client = @saved_cs_client */;

--
-- Dumping data for table `engine4_core_session`
--

LOCK TABLES `engine4_core_session` WRITE;
/*!40000 ALTER TABLE `engine4_core_session` DISABLE KEYS */;
INSERT INTO `engine4_core_session` VALUES ('013dum2i5qvbikrv8cse69ra64',1359643150,86400,'',NULL),('02hofi8rgfvul4tmgpdls6g5f7',1359481998,86400,'',NULL),('09huhfbgviv88rmktpsebgl0f3',1359391393,86400,'',NULL),('0a5f2caig2rbsd28u3n9ngs2c5',1359464744,86400,'',NULL),('0bdgn8d2dg0b2cl6vp06p6t8q5',1359458099,86400,'',NULL),('0fref1asjjslk7bsdemhournk0',1359464105,86400,'',NULL),('0rrg0t7tdcpphfssfen1h4bsi4',1359461998,86400,'',NULL),('11lb9irrjis66bm1o0don0ob21',1359636722,86400,'',NULL),('14hiu483jb13gnpr57l6ji4si6',1359463865,86400,'',NULL),('1fc2s3qijn6tm9gcohram3kdm2',1359387810,86400,'',NULL),('1heqdka599vr1b7trvcibodn42',1359637160,86400,'',NULL),('1hho8c95t5ije6qhnh6grn4603',1359588064,86400,'',NULL),('1j0oa8i6jrc76m7b3or9jgvtg3',1359480920,86400,'',NULL),('1pshfe6cknuic5uaqjon5o1ee4',1359677338,86400,'',NULL),('29pose35vn6uhhcnteh5kgf3k0',1359500616,86400,'',NULL),('2bgsee92tr8ht24nikjk8004p6',1359787780,86400,'',NULL),('2gfqil2qlf2cuc986d07gj5jr3',1359389233,86400,'',NULL),('2k4ka034n2rgkg3slstgn3jk95',1359682851,86400,'',NULL),('2qc9pa2jbot2ii6vp2tg43oim0',1359676954,86400,'',NULL),('33rg6uct34hu9onmktp5g2sgh5',1359642075,86400,'',NULL),('3d1g341tvff38frqiei16tf597',1359678478,86400,'',NULL),('3hp4hv1c2ca63nhcgc2bq8urn5',1359709525,86400,'',NULL),('3i8cm2djkv6ubvgfl7f1589962',1359461019,86400,'',NULL),('3m9esc5fr3f54gc30892bq82t6',1359709645,86400,'',NULL),('3no1s1qrc1d6q54thg52q9qqj3',1359679695,86400,'',NULL),('3pdal9fa5i87o1v05g5a1bor24',1359461816,86400,'',NULL),('3pg59las8m2flaoral75a9cvt2',1359711352,86400,'',NULL),('3vf9ilm3rt1s6vvm72id9t4vp0',1359462621,86400,'',NULL),('44fcakaaenmam7bif4gkg96o76',1359614705,86400,'',NULL),('45h2u3num4nq8escpju0paus31',1359481040,86400,'',NULL),('489t8sjmri47k8usjk1e09p5q3',1359612681,86400,'',NULL),('4d5hot855pnbh1dcgq6fm78751',1359642555,86400,'',NULL),('4evuhgh7f4ecr2j9jk92d9h294',1359482340,86400,'',NULL),('4j98a10n2utsmr61d5hme30rs5',1359465893,86400,'',NULL),('4k24n1nf9ugf2ir1h9u2ebjb07',1359550676,86400,'',NULL),('4l7sl8rsm471mnt8m01g4mr8h2',1359410038,86400,'',NULL),('4o1vfod8o6g3vgr8ms1jqpr9f4',1359465653,86400,'',NULL),('4omurkan5mj6ddq9g9s4j257s5',1359465532,86400,'',NULL),('4s16fuues8els0obcmo1v90dl7',1359636796,86400,'',NULL),('4shiciiql256ml410e8t14mq13',1359403151,86400,'',NULL),('4vfmjd7jemr9mrbr3lm4m1mrl1',1359787693,86400,'',NULL),('4vfp2q3c6ss8h7ckhofni09o80',1359387525,86400,'',NULL),('51jdiemv0ldm2ss6clkntjjlt5',1359388716,86400,'',NULL),('52rto4325b1a52jsiaogu26dr4',1359461908,86400,'',NULL),('55iib890qjjbiapjlstm9l6ho5',1359680091,86400,'',NULL),('56r0a37k4mdqdt1iupb8nfk1t7',1359588067,86400,'mobile|a:1:{s:6:\"mobile\";N;}facebook_lock|i:0;',NULL),('5dssdjn2rnut0ki953fjj1k3q1',1359465773,86400,'',NULL),('5gina7nqcq1p7b2347ovikiav2',1359542428,86400,'',NULL),('5jubgaqd022untrth8tcap0am6',1359406494,86400,'',NULL),('5nc38t38bjdv02grgvpglsen76',1359386486,86400,'',NULL),('5stt65o2tc8jbbgk0a83950id4',1359976784,86400,'',NULL),('65nkuillcfodl29gb0ecn4he96',1359388886,86400,'',NULL),('6kjlb0uir6c3fjpc9n26jfrv27',1359465175,86400,'',NULL),('6m6bsqkpugs4iak9flkrrmodm1',1359128119,1209600,'facebook_lock|i:0;Zend_Auth|a:1:{s:7:\"storage\";i:2;}login_id|s:3:\"254\";mobile|a:1:{s:6:\"mobile\";N;}',2),('6o9qg6u4gjtnc4q8s2uce04k05',1359481393,86400,'',NULL),('6pgeaij1p2f3kt032l3pkki7c2',1359389329,86400,'',NULL),('71ilk1qkhqh52kbqfmr9qii7c3',1359683211,86400,'',NULL),('71v2v4e06pc0lcue8r20n6odq5',1359482417,86400,'',NULL),('77i9u9kloig4mlt9kl19nl9c12',1359414114,86400,'',NULL),('79fgvu3lgtstm2bil5si8i7d40',1359678991,86400,'',NULL),('7biq2jnm7ebn4hb0jmlqk5qtu6',1359388457,86400,'',NULL),('7euqg31dlait4tchg2363ql714',1359500926,86400,'',NULL),('7hmutsluekimlp8gchkr6sroa7',1359677961,86400,'',NULL),('7ldbfanqt0vfbfa0pv45tbki15',1359457424,86400,'',NULL),('7qrlgc982rf3912ivc4gufvi13',1359391153,86400,'',NULL),('7sd442tcg51ov1kuisri5tupm5',1359819651,86400,'',NULL),('7so784jfc6m6pc18apqto35qk0',1359481758,86400,'',NULL),('7spm3lq4ukjm0h4ic6okpqh9u1',1359683331,86400,'',NULL),('82uc06ji4o29hosb8cku3al9j2',1359814639,86400,'',NULL),('8e4mfihav8415fdfq9j4n94c54',1359406217,86400,'',NULL),('8puesc0fgbmjdb3rtsknp49r33',1359728480,86400,'',NULL),('8t3da9g6i4mk9v6bqram07f530',1359585505,86400,'',NULL),('8tmadbun1pb9ufulsqa6kce992',1359407816,86400,'',NULL),('8u7uggv2qvmb5u5ascisgqg3e4',1359827917,86400,'facebook_lock|i:0;mobile|a:1:{s:6:\"mobile\";N;}',NULL),('937jdgq6kg4qb2so313ebfakl6',1359528853,86400,'',NULL),('94lfl04n56oir7ucg5hgdpa3m5',1359678838,86400,'',NULL),('9ec7pv1li713rm8udvt27g7cd3',1359464840,86400,'',NULL),('9ip7osqho4723fo0hr3ufd49n6',1359640090,86400,'',NULL),('9kug79obkmi0ije1j6t9nnmoi0',1359409662,86400,'',NULL),('9mvef25ra230ktki1vhkn594u5',1359388716,86400,'',NULL),('9n1dfrsqoc1jdm8vki5d84nr66',1359391064,86400,'',NULL),('9nr0ttpne3otrlunue4bok30q6',1359642910,86400,'',NULL),('9ns9c9v76sgn4ga3lkf4drkgf0',1359482468,86400,'mobile|a:1:{s:6:\"mobile\";N;}facebook_lock|i:0;',4),('9uv7dmssd00a9s77c7evalsn03',1359389698,86400,'',NULL),('a670at3r6mg7ps8tt8l4ppvnr6',1358934440,1209600,'mobile|a:1:{s:6:\"mobile\";N;}User_Plugin_Signup_Account|a:2:{s:6:\"active\";b:1;s:4:\"data\";N;}User_Plugin_Signup_Fields|a:1:{s:6:\"active\";b:1;}User_Plugin_Signup_Photo|a:1:{s:6:\"active\";b:1;}facebook_lock|i:0;',2),('aek4mcada4vblbj51f0eu3ra66',1359385886,86400,'',NULL),('apr3btdl4ce3ju38611djiur14',1359479800,86400,'',NULL),('avetec25s86k0hdv799e0b7ni5',1359481177,86400,'',NULL),('b2h0mpq6kahli23tn1lgvtdmm2',1359643029,86400,'',NULL),('b44ebn7ooigjpjj7tomaoctmn3',1359525198,86400,'',NULL),('bbb3srj3nrkp5m3e32puinlgb4',1359477280,86400,'',NULL),('bitgbqg5vqt431b1dvl5soe0p7',1359387328,86400,'',NULL),('bivl7r4vlgm4bunc9ktpvp7b76',1359678344,86400,'',NULL),('bk6fit4cj78vnb1v7muhue1ba7',1359709765,86400,'',NULL),('brrgjqsthepnhd0t01bb3nk8n4',1359538318,86400,'facebook_lock|i:0;',NULL),('bseu9ir7nce6hgp1kabac7ene5',1359528852,86400,'mobile|a:1:{s:6:\"mobile\";N;}facebook_lock|i:0;',4),('btt30i7ddudal4f55vap51ovp6',1359609234,86400,'',NULL),('buj30lhllce2jrkg11nn80kqb0',1359480393,86400,'',NULL),('c18voncgs6s3rhldvc8qilh0a5',1359586234,86400,'',NULL),('c4gl11fgu4jr46bnha4giqm3p3',1359458979,86400,'',NULL),('c6tebde4f0m55qv770pj318bp5',1359710005,86400,'',NULL),('c850v3rk2qkvrl5ga752cn3681',1359466156,1209600,'facebook_lock|i:0;Zend_Auth|a:1:{s:7:\"storage\";i:2;}login_id|s:3:\"347\";',2),('cae5sjbtqfbok1dske5gq75rt5',1359500775,86400,'',NULL),('cbhfhhb07lebpu6l09adeipa92',1359515533,86400,'',NULL),('cbtbirup21v3p34sfib1bsqmd0',1359461695,86400,'',NULL),('cepis1o0h4eifkilrj5mlcrem0',1359527705,86400,'',NULL),('cf6v0ltfpbl2poepf3mk6p22f2',1359465292,86400,'',NULL),('ck8oal32um5anu4n8r0ndpv070',1359463745,86400,'',NULL),('ckfu0744jh6llvonb2pmla96p2',1359814732,86400,'',NULL),('cl9gcli8jupf8obueli2movcr5',1359642315,86400,'',NULL),('cm8m8sf566m7slqcieln6ahcv7',1359481116,86400,'',NULL),('cp46rnp22noaklr2s1fusmec02',1359403421,86400,'',NULL),('cqfnltpbce1a4s1nkk1mqfvus1',1359461576,86400,'',NULL),('ctud48e6mrpdqn2lel96fp4hg7',1359480715,86400,'',NULL),('d2d89r916qg72bi3n4ju88uht1',1359512404,86400,'',NULL),('d3d7ksm6veag34qm0huga6njh5',1359639610,86400,'',NULL),('d41had0qkrou6ntl7esd22rn32',1359637400,86400,'',NULL),('d7nadc8fnoam76qg3oiedtgnl5',1359787981,86400,'',NULL),('d82n29eo9qeii9k7rhgmgt3k00',1359463221,86400,'',NULL),('dcp76e3jnn9nlcgd8uuqtlh122',1359455878,86400,'',NULL),('dgg9erdf6h4alqf6q49tb3r542',1359637040,86400,'',NULL),('djjisfmv99uk6ai5vss8v1o5e7',1359480180,86400,'',NULL),('dn3tkhl9rp695d0agj0lhi4t27',1359461216,86400,'',NULL),('dphiv6u1kvl6lcckme85pm73p1',1359679971,86400,'',NULL),('e9mkiki7a1rib64ephhq5qbof1',1359391273,86400,'',NULL),('ea753fc7ichhqkefv8alsvhlk6',1359502505,86400,'',NULL),('emmpiaa53fpbjfqlev93384e04',1359458378,86400,'',NULL),('emq2qpr4e1d53lqctj9dlv4l50',1359406998,86400,'',NULL),('f0r3qaph6er68ik0fm0hpltih2',1359679455,86400,'',NULL),('f2te2s59bckanqg1ttae6qqhm5',1359462501,86400,'',NULL),('fa8bqe9ha0f144ajrir3r8km23',1359642435,86400,'',NULL),('fapqhlimflrpetur03h8kaknk5',1359682971,86400,'',NULL),('fbcipi8iqbho08nftf92fqaco2',1359389379,86400,'facebook_lock|i:0;Zend_Auth|a:1:{s:7:\"storage\";i:1;}login_id|s:3:\"345\";',1),('fl8mhcdqc3schseq75ev8uloj1',1359585746,86400,'',NULL),('fsp0upuonp5igsujb8hjs7too7',1359481271,86400,'',NULL),('ft1dvtrclnqadcledt9n2i0lr7',1359461344,86400,'',NULL),('g1fvphri2i9fbamrgj01lm4b62',1359634970,86400,'',NULL),('gi4vq4oa1pb3cab3amdlfat8e6',1359677601,86400,'',NULL),('gknv5g893m4ng27s5e1qiicvq0',1359407240,86400,'',NULL),('gpji7920o5spa39h74e0m2i7j0',1359406633,86400,'',NULL),('gq3u6l8tvl9ot2v7r91l9d9661',1359677721,86400,'',NULL),('gsssjebr2r0c104gafet4mr996',1359462261,86400,'',NULL),('gt5rulf1l4gou9lloja2cpght4',1359386366,86400,'',NULL),('h5p7a9sbuh9r4ofsbg3uqvrkb7',1359464345,86400,'',NULL),('h7hvv302g2990egpp7b336d0k3',1359387086,86400,'',NULL),('hf3u115etodu5cu4rneovbtbb1',1359389589,86400,'',NULL),('hgf0r6pq1s7r1odbab2tii87b1',1359827917,86400,'',NULL),('hk6bh70rkuja2kf4d02826ock5',1359479865,86400,'',NULL),('hk6c3s6q64pmt7k1v9mt01lsl4',1359480326,86400,'',NULL),('hlnpjio56tbncsmd8qtfe36tl1',1359815272,86400,'',NULL),('hq3j85u6m9io84shf99te0m061',1359977153,86400,'facebook_lock|i:0;Zend_Auth|a:1:{s:7:\"storage\";i:2;}login_id|s:3:\"354\";',2),('hqemg703564qsv6vgch2r2t9l5',1358930260,1209600,'facebook_lock|i:0;Zend_Auth|a:1:{s:7:\"storage\";i:2;}login_id|s:3:\"274\";mobile|a:1:{s:6:\"mobile\";N;}',2),('i0ppu059p4m31a0bsdcvca34t5',1359387929,86400,'',NULL),('i5mqv72ladcs2b8nu22snee5f4',1359728498,86400,'mobile|a:1:{s:6:\"mobile\";N;}facebook_lock|i:0;',4),('i5ud1aa61q1arp0pdimubtsem0',1359387525,86400,'',NULL),('i8mroakvfb78n9glp5nt3mulu0',1359482118,86400,'',NULL),('i96hfkjt1p8jbecj5269j0np77',1359677158,86400,'',NULL),('i9jct1c0gasar40aei3eejsrk6',1359387688,86400,'',NULL),('iem5ed3qk9pu5c34ceb90851d2',1359391513,86400,'',NULL),('ifuphiv2d8cqlkb89rd038hq57',1359013266,1209600,'facebook_lock|i:0;Zend_Auth|a:1:{s:7:\"storage\";i:2;}login_id|s:3:\"253\";mobile|a:1:{s:6:\"mobile\";N;}',2),('igarsaa11sc0hrift5juq30t22',1359463625,86400,'',NULL),('ilaepj86tcmr0hnsj01jbn8vf4',1359678598,86400,'',NULL),('im1duhujokl56sli49t26a5kv1',1359501059,86400,'',NULL),('inob4r73r4c6vle1h6knoe6364',1359465412,86400,'',NULL),('isqgshkrr8l6rumfnp4itl5c97',1359458212,86400,'',NULL),('iu8rc5mqrgariai9hq7scul057',1359458504,86400,'',NULL),('iuq22hckqsiig80vojjsdmbk90',1359656592,86400,'',NULL),('j1mfbguqv2upnhnvfdb3dtr4s6',1359386126,86400,'',NULL),('j2dbphtte185p8jcn6ps0q9c12',1359386846,86400,'',NULL),('j5pi6sl36j96e342hma1ddl597',1359386966,86400,'',NULL),('j70an3mledfgfi36cd9tnoubp4',1359466013,86400,'',NULL),('j76kqgr88rfndanis07sc75mo5',1359480640,86400,'',NULL),('j772i8j41gi1ajkpmbhck88mp1',1359641950,86400,'',NULL),('j8tpim8asjarve5at650mh9hl4',1359458312,86400,'',NULL),('ja9gee5tgvtpoo6pcoqb2077k2',1359460904,86400,'',NULL),('jcd5duh80d2qqh2g08g21db8j3',1359976966,86400,'',NULL),('jj54mdlse310u5n2e9d5dom973',1359410135,86400,'',NULL),('jqrav5l41u3libbbs8p7esjva2',1359387929,86400,'facebook_lock|i:0;Zend_Auth|a:1:{s:7:\"storage\";i:1;}login_id|s:3:\"344\";mobile|a:1:{s:6:\"mobile\";N;}',1),('jresgoirmum4bd8ktkvrapm1r7',1359680331,86400,'',NULL),('jugfemvdklr34cfpjb47i7io54',1359519749,86400,'',NULL),('jvq5il0pg3dklo7t7p4pc4d0t3',1359612426,86400,'',NULL),('k1siu26k3a50979k1k1u958e16',1359637280,86400,'',NULL),('k21dol4t1rhs32o56i61i0hlm1',1359482216,86400,'',NULL),('k4i6aeh5aio20irfjqijgd13d2',1359407599,86400,'',NULL),('k9o8rmucvb92jh96j37t3pf482',1359527765,86400,'',NULL),('katjb4jslo5gusphkommmq7en1',1359505864,86400,'',NULL),('kd05pbi47dvcfodlde4hqt2ra0',1359464531,86400,'',NULL),('klnccklhncdjmusfm29eg3gct4',1359787428,86400,'',NULL),('klr3m0dt7qsi86bn2358bcksj2',1359387206,86400,'',NULL),('kn4pqs5n8istsrjbut8jhg04m1',1359677020,86400,'',NULL),('knk9otmmbjs1sgvghuim214sr3',1359679851,86400,'',NULL),('ktkiu5aefuljv06jshevgukim5',1359458619,86400,'',NULL),('l1nc0ekg5ej7aahpepdmruv354',1359643270,86400,'',NULL),('l2bvhbedbebb8kuf8ojsvapgr1',1359462981,86400,'',NULL),('l5kujaoh8kskqdec9uv67ecoi1',1359976848,86400,'',NULL),('l81ane510iglj6c6eo31iv2di5',1359457939,86400,'',NULL),('ld346ejdraslqcagmandvia296',1359464961,86400,'',NULL),('lg4mpnh86315s33d0qsveo8n56',1359463505,86400,'',NULL),('lgmsjcj35em33t8pudpikhl8o3',1359814744,86400,'facebook_lock|i:0;',NULL),('m0vjt81n6jfgkj6lu01tnjq0q4',1359679575,86400,'',NULL),('m51ertd3ksmtqj9knnpg8aaq47',1359538315,86400,'',NULL),('m698ium29n4lqh3nqligjbu742',1359677841,86400,'',NULL),('ma2slrrjt7a2ott2jidl4fnpj4',1359385526,86400,'',NULL),('mg2o582rpa7t9d6b4gjvkaa6c3',1359466133,86400,'',NULL),('mm01msimmckjjgmjga721339s2',1359481518,86400,'',NULL),('morn2jtsgvd1ual53g58khfb26',1359678722,86400,'',NULL),('mujv8sf0rpko3ptvko8d00i9g0',1359463340,86400,'',NULL),('n1kief79mmaaek5qds0ka4jrh5',1359401471,86400,'',NULL),('n2ev3l8u1fb51gjotrl0lq7ms4',1359458859,86400,'',NULL),('n34vjhhkb9j0sg4suqdh2fcc93',1359500687,86400,'',NULL),('n5f5g1p0onloisnojm0aj8lua6',1359639730,86400,'',NULL),('n87hhg4hnje5b2sn5g6vsdlp67',1359680211,86400,'',NULL),('n9uor7q332ct92dbk7d2vosij2',1359481878,86400,'',NULL),('na8r8nh2g3mlk15qkve5qfpk73',1359403420,86400,'mobile|a:1:{s:6:\"mobile\";N;}twitter_uid|b:0;User_Plugin_Signup_Account|a:2:{s:6:\"active\";b:1;s:4:\"data\";N;}User_Plugin_Signup_Fields|a:1:{s:6:\"active\";b:1;}User_Plugin_Signup_Photo|a:1:{s:6:\"active\";b:1;}facebook_lock|i:0;',4),('nb982lvgbt3h18l3icivsatk70',1359786947,86400,'',NULL),('nbhbbl1j9rjr9j72frqfc2d411',1359462381,86400,'',NULL),('nni59g48bpk8tpriqv4ccgsat4',1359679334,86400,'',NULL),('nnjlsnf0tc522dlq8kjaauvmu3',1359642790,86400,'',NULL),('o4k31gnj3c1bqkk21lg8e61u45',1359977153,86400,'',NULL),('ob2he3tlsvve30hmptssrrho61',1359480485,86400,'',NULL),('obgl3mjo2o0b7suk5vk1g24143',1359387447,86400,'',NULL),('omaccobvei79e0eg00u9jubj34',1359728373,86400,'',NULL),('ot7d44vo5d9abi81336q15e1b4',1359389578,86400,'',NULL),('oucd61o8r8v8kc8macaqh98dq4',1359585680,86400,'',NULL),('oup65tf1od5gftlaftcao2pgt3',1359642665,86400,'',NULL),('p0odgm94q1d4ik4gj6sg0oubo2',1359401411,86400,'',NULL),('p0rbddfrg5lcin5bh486tfops6',1359464657,86400,'',NULL),('p8lnb2oa2hj95dhri9r0gtchh2',1359515724,86400,'',NULL),('pe3q7cs6ldn5i8k8nc6mmj7d85',1359385680,86400,'',NULL),('pjino95q4fmovbl05s6m7pohl0',1359462144,86400,'',NULL),('pkjag2do59225066ce972f6uq7',1359481638,86400,'',NULL),('plomg9katq14r6fskvqt0u4t46',1359727784,86400,'',NULL),('pspe4p7tclfqfmv96hcms0vhr6',1359462741,86400,'',NULL),('purftnhhfe3p1uf68i70lrvda3',1359550690,86400,'facebook_lock|i:0;',NULL),('q8jk7u7kk602gaspqel3akq4i1',1359389113,86400,'',NULL),('qaees64ao9c89leat86gfbj123',1359814942,86400,'',NULL),('qagh14oufdggf2v74rfqn0s4b3',1358848203,1209600,'facebook_lock|i:0;Zend_Auth|a:1:{s:7:\"storage\";i:2;}login_id|s:3:\"271\";mobile|a:1:{s:6:\"mobile\";N;}',2),('qjgph3omu2hct4jpiego9j2ul6',1359391753,86400,'',NULL),('qsdrubqrr51bgv51c0pdsknju2',1359677481,86400,'',NULL),('qthp3p06seka8s1mnapqr7c9j0',1359388775,86400,'',NULL),('qv5slf10bd2jrr47f2mgbbhaq4',1359464465,86400,'',NULL),('r5meh21j59a4l6gh0h1jouufd5',1359480032,86400,'',NULL),('r6o6oe7vjhcc7kcnsvjk7q8ag6',1359458739,86400,'',NULL),('rbfl40llfomhe5tjioue4khb43',1359386606,86400,'',NULL),('rdlb0632k2ljcf4n2dp7lurbm0',1359639849,86400,'',NULL),('re10bvlpeh166b9i4s1f68hb36',1359642196,86400,'',NULL),('rfek75tmu7acdtuk0kc1o1rj33',1359500508,86400,'',NULL),('rgf1dl1j5t0t7qmuf53d86mt33',1359386726,86400,'',NULL),('riuqhj3ifkp5eeko66hf7c8m81',1359461139,86400,'',NULL),('rl48vrs29ejd3t4jujif2s7483',1359683092,86400,'',NULL),('ruh3qiu6a61vkgvsqhchrfn6a5',1359709885,86400,'',NULL),('s4ba7m4jt86iqhf3eolmqser04',1359480119,86400,'',NULL),('s4tuv83k8qa6cr731k8l3ruiu6',1359386006,86400,'',NULL),('s60iv347kcs2sni674pc5muih4',1359388383,86400,'',NULL),('sdka6gpcemlca4lh82gn0aqne2',1359391633,86400,'',NULL),('sdrsqtj4a4d6if4do146dn9b63',1359613425,86400,'',NULL),('sk6ej37mdvrc3v4ai28l8fq9s1',1359386246,86400,'',NULL),('smc6nfejb0rkg8f89l4a98fu75',1359709431,86400,'',NULL),('snak9m4dd52i4pj12b9fhgtn72',1359389023,86400,'',NULL),('srot79ks9imgivfjslr933r4d0',1359541026,86400,'',NULL),('stqi213sq25bll5qas6r5nufk7',1359676137,86400,'',NULL),('t5erju8k2u71ej16r6501tkrd2',1359479033,86400,'',NULL),('telp4hm0engurjc64onubjd5u7',1359447423,86400,'',NULL),('ti8q94o5qo98v0o3j34g99tcc7',1359461455,86400,'',NULL),('tlpegun3c7cv9ui916pv4kc5k5',1359678206,86400,'',NULL),('todegj85bdfmv0vqia47edjf85',1359464225,86400,'',NULL),('u143jab4clm3aenr9gmhp82ii0',1359401292,86400,'',NULL),('u4gpr8cj3p9pgq22pr7m5pthc3',1359678076,86400,'',NULL),('u7993bgp1h9qvtn2t8ogahju82',1359438523,86400,'',NULL),('ub5rjitgnqd0gsakar3r8nfuk1',1359406703,86400,'',NULL),('ugf9rvi4geqgtiufj3kcqm10g2',1359643743,86400,'',NULL),('uh78m0l2ib7t8atrnj7s04vd32',1359414114,86400,'mobile|a:1:{s:6:\"mobile\";N;}facebook_lock|i:0;',NULL),('upaio9njfso6f51h216c3e13n7',1359473921,86400,'',NULL),('v0ctqosf6hjng0emghpgjk1ld3',1359677278,86400,'',NULL),('v41auudpmejekqeib5l05muqt7',1359639480,86400,'',NULL),('v7ierbmirsh74eqgielq617mj1',1359636920,86400,'',NULL),('vaggr20qr75mo55i6q4oin7sj0',1359408076,86400,'',NULL),('vctn3ggquqnp0jvep4v2g0enp4',1359389697,86400,'facebook_lock|i:0;Zend_Auth|a:1:{s:7:\"storage\";i:1;}login_id|s:3:\"346\";',1),('vdimo8h56mmt3v4e1lp50f09s2',1359639970,86400,'',NULL),('vdpiln8sk1js4kbv8n41fvak81',1359679231,86400,'',NULL),('veti6grq72316f51leim6o54k2',1359465049,86400,'',NULL),('vgu85vo3bu9snq4ntcamrbtkp6',1359541394,86400,'',NULL),('vjb6mqfg8kip99q9kif46l53m2',1359385756,86400,'',NULL),('vr3o4itgadto7o54k646brgtr2',1359513925,86400,'',NULL),('vspvlo80tq95hkpoonitmg7ja4',1359480797,86400,'',NULL),('vuflhdidhu2i64qbmbmi54hqk5',1359679111,86400,'',NULL),('vugc9gneu56ge87taha1993914',1359463070,86400,'',NULL);
/*!40000 ALTER TABLE `engine4_core_session` ENABLE KEYS */;
UNLOCK TABLES;

--
-- Table structure for table `engine4_core_settings`
--

DROP TABLE IF EXISTS `engine4_core_settings`;
/*!40101 SET @saved_cs_client     = @@character_set_client */;
/*!40101 SET character_set_client = utf8 */;
CREATE TABLE `engine4_core_settings` (
  `name` varchar(255) CHARACTER SET latin1 COLLATE latin1_general_ci NOT NULL,
  `value` longtext COLLATE utf8_unicode_ci NOT NULL,
  PRIMARY KEY (`name`)
) ENGINE=InnoDB DEFAULT CHARSET=utf8 COLLATE=utf8_unicode_ci;
/*!40101 SET character_set_client = @saved_cs_client */;

--
-- Dumping data for table `engine4_core_settings`
--

LOCK TABLES `engine4_core_settings` WRITE;
/*!40000 ALTER TABLE `engine4_core_settings` DISABLE KEYS */;
INSERT INTO `engine4_core_settings` VALUES ('activity.content','everyone'),('activity.disallowed','N'),('activity.filter','1'),('activity.length','15'),('activity.liveupdate','120000'),('activity.publish','1'),('activity.userdelete','1'),('activity.userlength','5'),('arrow.sliding','1'),('both.video.format','0'),('core.admin.mode','none'),('core.admin.password',''),('core.admin.reauthenticate','0'),('core.admin.timeout','600'),('core.doctype','XHTML1_STRICT'),('core.facebook.appid','259964633951'),('core.facebook.enable','login'),('core.facebook.key',''),('core.facebook.secret','a0dbc625d7c63275132367e45b00e619'),('core.general.browse','1'),('core.general.commenthtml',''),('core.general.notificationupdate','120000'),('core.general.portal','1'),('core.general.profile','1'),('core.general.quota','0'),('core.general.search','1'),('core.general.site.title','My Community'),('core.license.email','email@domain.com'),('core.license.key','3013-0681-2203-0000'),('core.license.statistics','0'),('core.locale.locale','auto'),('core.locale.timezone','US/Pacific'),('core.log.adapter','file'),('core.mail.contact',''),('core.mail.count','25'),('core.mail.enabled','1'),('core.mail.from','anatoly@webhive.com.ua'),('core.mail.name','Site Admin'),('core.mail.queueing','1'),('core.secret','5c0d36c96639663e3fd905967690e26a9c963d1f'),('core.site.counter','31'),('core.site.creation','2012-10-16 14:56:07'),('core.site.title','Social Network'),('core.spam.censor',''),('core.spam.comment','0'),('core.spam.contact','0'),('core.spam.invite','0'),('core.spam.ipbans',''),('core.spam.login','0'),('core.spam.signup','0'),('core.tasks.count','1'),('core.tasks.interval','60'),('core.tasks.jobs','3'),('core.tasks.key','2f392002'),('core.tasks.last','1359977153'),('core.tasks.mode','curl'),('core.tasks.pid',''),('core.tasks.processes','2'),('core.tasks.time','120'),('core.tasks.timeout','900'),('core.thumbnails.icon.height','48'),('core.thumbnails.icon.mode','crop'),('core.thumbnails.icon.width','48'),('core.thumbnails.main.height','720'),('core.thumbnails.main.mode','resize'),('core.thumbnails.main.width','720'),('core.thumbnails.normal.height','160'),('core.thumbnails.normal.mode','resize'),('core.thumbnails.normal.width','140'),('core.thumbnails.profile.height','400'),('core.thumbnails.profile.mode','resize'),('core.thumbnails.profile.width','200'),('core.translate.adapter','csv'),('core.twitter.enable','login'),('core.twitter.key','xdHNIINDp8iDGQdFC7lSQ'),('core.twitter.secret','93ezpDT8fnOWEed1vEL5vp57zxERvpsQA6labaQT8'),('embed.ly.key','b79e864cd2684a24ab7c705edb0e4298'),('hd.video.format','0'),('image.height','900'),('image.width','600'),('invite.allowCustomMessage','1'),('invite.fromEmail',''),('invite.fromName',''),('invite.max','10'),('invite.message','You are being invited to join our social network.'),('invite.subject','Join Us'),('media.per.page','15'),('mime.info.method','2'),('payment.benefit','all'),('payment.currency','USD'),('payment.secret','e99572d07345f4296741a99433ba7d3d'),('pdf.height','794'),('pdf.width','650'),('storage.service.mirrored.counter','0'),('storage.service.mirrored.index','0'),('storage.service.roundrobin.counter','0'),('thumb.height','150'),('thumb.width','199'),('url.main.world','whmedia'),('user.friends.direction','1'),('user.friends.eligible','2'),('user.friends.lists','1'),('user.friends.verification','1'),('user.signup.approve','1'),('user.signup.checkemail','1'),('user.signup.inviteonly','0'),('user.signup.random','0'),('user.signup.terms','1'),('user.signup.username','1'),('user.signup.verifyemail','0'),('user.support.links','1'),('video.height','240'),('video.width','320'),('whvideo.ffmpeg.path','/usr/bin/ffmpeg'),('whvideo.flvtool2.faad',''),('whvideo.flvtool2.path','/usr/bin/flvtool2');
/*!40000 ALTER TABLE `engine4_core_settings` ENABLE KEYS */;
UNLOCK TABLES;

--
-- Table structure for table `engine4_core_statistics`
--

DROP TABLE IF EXISTS `engine4_core_statistics`;
/*!40101 SET @saved_cs_client     = @@character_set_client */;
/*!40101 SET character_set_client = utf8 */;
CREATE TABLE `engine4_core_statistics` (
  `type` varchar(64) CHARACTER SET latin1 COLLATE latin1_general_ci NOT NULL,
  `date` datetime NOT NULL,
  `value` int(11) NOT NULL DEFAULT '0',
  PRIMARY KEY (`type`,`date`)
) ENGINE=InnoDB DEFAULT CHARSET=utf8 COLLATE=utf8_unicode_ci;
/*!40101 SET character_set_client = @saved_cs_client */;

--
-- Dumping data for table `engine4_core_statistics`
--

LOCK TABLES `engine4_core_statistics` WRITE;
/*!40000 ALTER TABLE `engine4_core_statistics` DISABLE KEYS */;
INSERT INTO `engine4_core_statistics` VALUES ('core.comments','2012-10-30 15:00:00',3),('core.comments','2012-10-30 16:00:00',2),('core.comments','2012-11-02 23:00:00',5),('core.comments','2012-11-04 15:00:00',1),('core.comments','2012-11-05 14:00:00',1),('core.comments','2012-11-05 21:00:00',1),('core.comments','2012-11-06 02:00:00',1),('core.comments','2012-11-07 07:00:00',2),('core.comments','2012-11-08 02:00:00',1),('core.comments','2012-11-28 19:00:00',1),('core.comments','2012-11-28 21:00:00',9),('core.comments','2013-01-07 01:00:00',2),('core.comments','2013-01-17 17:00:00',1),('core.comments','2013-01-23 20:00:00',1),('core.comments','2013-01-29 23:00:00',2),('core.emails','2012-10-17 07:00:00',1),('core.emails','2012-10-17 08:00:00',1),('core.emails','2012-10-17 11:00:00',3),('core.emails','2012-10-18 14:00:00',1),('core.emails','2012-10-18 15:00:00',1),('core.emails','2012-10-19 07:00:00',12),('core.emails','2012-10-19 08:00:00',1),('core.emails','2012-10-19 09:00:00',7),('core.emails','2012-10-19 13:00:00',1),('core.emails','2012-10-19 14:00:00',2),('core.emails','2012-10-19 15:00:00',1),('core.emails','2012-10-19 20:00:00',2),('core.emails','2012-10-19 21:00:00',2),('core.emails','2012-10-21 17:00:00',1),('core.emails','2012-10-22 13:00:00',2),('core.emails','2012-10-22 15:00:00',2),('core.emails','2012-10-22 21:00:00',1),('core.emails','2012-10-23 14:00:00',2),('core.emails','2012-10-24 17:00:00',2),('core.emails','2012-10-28 20:00:00',1),('core.emails','2012-10-30 15:00:00',5),('core.emails','2012-10-30 16:00:00',7),('core.emails','2012-10-30 17:00:00',3),('core.emails','2012-11-02 15:00:00',1),('core.emails','2012-11-02 23:00:00',10),('core.emails','2012-11-04 15:00:00',2),('core.emails','2012-11-05 14:00:00',2),('core.emails','2012-11-05 21:00:00',4),('core.emails','2012-11-06 02:00:00',1),('core.emails','2012-11-07 07:00:00',2),('core.emails','2012-11-08 02:00:00',4),('core.emails','2012-11-11 21:00:00',3),('core.emails','2012-11-12 08:00:00',1),('core.emails','2012-11-12 09:00:00',3),('core.emails','2012-11-12 11:00:00',1),('core.emails','2012-11-15 18:00:00',1),('core.emails','2012-11-26 15:00:00',3),('core.emails','2012-11-28 07:00:00',2),('core.emails','2012-11-28 08:00:00',1),('core.emails','2012-11-28 19:00:00',2),('core.emails','2012-11-28 21:00:00',14),('core.emails','2012-11-29 06:00:00',1),('core.emails','2012-11-29 17:00:00',1),('core.emails','2012-11-30 20:00:00',2),('core.emails','2012-12-05 11:00:00',20),('core.emails','2012-12-06 14:00:00',3),('core.emails','2012-12-06 15:00:00',9),('core.emails','2012-12-06 20:00:00',1),('core.emails','2012-12-07 09:00:00',1),('core.emails','2012-12-07 10:00:00',16),('core.emails','2012-12-14 03:00:00',2),('core.emails','2012-12-14 14:00:00',1),('core.emails','2012-12-16 06:00:00',2),('core.emails','2012-12-17 09:00:00',1),('core.emails','2012-12-17 17:00:00',2),('core.emails','2012-12-26 08:00:00',2),('core.emails','2012-12-26 09:00:00',1),('core.emails','2012-12-26 10:00:00',8),('core.emails','2012-12-26 16:00:00',1),('core.emails','2012-12-27 09:00:00',5),('core.emails','2012-12-27 10:00:00',2),('core.emails','2012-12-27 12:00:00',2),('core.emails','2012-12-27 13:00:00',14),('core.emails','2012-12-27 14:00:00',4),('core.emails','2012-12-27 15:00:00',41),('core.emails','2012-12-27 16:00:00',31),('core.emails','2012-12-27 23:00:00',4),('core.emails','2012-12-28 08:00:00',11),('core.emails','2012-12-28 09:00:00',4),('core.emails','2012-12-28 14:00:00',1),('core.emails','2012-12-28 15:00:00',29),('core.emails','2012-12-28 19:00:00',2),('core.emails','2012-12-29 01:00:00',1),('core.emails','2012-12-29 23:00:00',1),('core.emails','2012-12-31 11:00:00',1),('core.emails','2012-12-31 12:00:00',4),('core.emails','2013-01-03 11:00:00',13),('core.emails','2013-01-03 12:00:00',1),('core.emails','2013-01-05 04:00:00',1),('core.emails','2013-01-07 01:00:00',4),('core.emails','2013-01-09 13:00:00',1),('core.emails','2013-01-15 11:00:00',3),('core.emails','2013-01-15 12:00:00',1),('core.emails','2013-01-17 13:00:00',1),('core.emails','2013-01-17 16:00:00',2),('core.emails','2013-01-17 17:00:00',1),('core.emails','2013-01-17 20:00:00',1),('core.emails','2013-01-18 15:00:00',1),('core.emails','2013-01-20 04:00:00',1),('core.emails','2013-01-22 08:00:00',2),('core.emails','2013-01-22 09:00:00',6),('core.emails','2013-01-22 12:00:00',1),('core.emails','2013-01-23 08:00:00',12),('core.emails','2013-01-23 09:00:00',10),('core.emails','2013-01-23 20:00:00',1),('core.emails','2013-01-23 22:00:00',1),('core.emails','2013-01-23 23:00:00',1),('core.emails','2013-01-24 05:00:00',1),('core.emails','2013-01-26 17:00:00',1),('core.emails','2013-01-26 18:00:00',3),('core.emails','2013-01-26 19:00:00',3),('core.emails','2013-01-28 15:00:00',5),('core.emails','2013-01-28 16:00:00',11),('core.emails','2013-01-29 11:00:00',5),('core.emails','2013-01-29 12:00:00',14),('core.emails','2013-01-29 13:00:00',3),('core.emails','2013-01-29 23:00:00',5),('core.emails','2013-02-01 00:00:00',1),('core.likes','2012-10-17 11:00:00',15),('core.likes','2012-10-17 13:00:00',27),('core.likes','2012-10-19 09:00:00',7),('core.likes','2012-10-22 13:00:00',2),('core.likes','2012-10-24 11:00:00',3),('core.likes','2012-10-24 17:00:00',1),('core.likes','2012-10-25 23:00:00',2),('core.likes','2012-10-28 20:00:00',1),('core.likes','2012-10-30 16:00:00',1),('core.likes','2012-11-03 14:00:00',3),('core.likes','2012-11-03 21:00:00',1),('core.likes','2012-11-05 00:00:00',1),('core.likes','2012-11-05 11:00:00',1),('core.likes','2012-11-05 14:00:00',1),('core.likes','2012-11-05 21:00:00',1),('core.likes','2012-11-06 12:00:00',1),('core.likes','2012-11-08 02:00:00',1),('core.likes','2012-11-08 18:00:00',2),('core.likes','2012-11-08 19:00:00',1),('core.likes','2012-11-12 08:00:00',2),('core.likes','2012-11-27 09:00:00',3),('core.likes','2012-11-28 19:00:00',1),('core.likes','2012-12-06 08:00:00',1),('core.likes','2013-01-09 15:00:00',1),('core.likes','2013-01-17 13:00:00',1),('core.likes','2013-01-17 17:00:00',4),('core.likes','2013-01-18 00:00:00',1),('core.likes','2013-01-18 15:00:00',1),('core.likes','2013-01-18 20:00:00',3),('core.likes','2013-01-18 21:00:00',8),('core.likes','2013-01-19 02:00:00',1),('core.likes','2013-01-21 19:00:00',1),('core.likes','2013-01-22 09:00:00',1),('core.likes','2013-01-23 22:00:00',1),('core.likes','2013-01-24 05:00:00',1),('core.likes','2013-01-24 07:00:00',2),('core.likes','2013-01-26 01:00:00',1),('core.likes','2013-01-26 05:00:00',1),('core.likes','2013-01-26 19:00:00',3),('core.reports','2013-01-22 10:00:00',1),('core.views','2012-10-16 15:00:00',5),('core.views','2012-10-17 06:00:00',7),('core.views','2012-10-17 07:00:00',76),('core.views','2012-10-17 08:00:00',52),('core.views','2012-10-17 09:00:00',29),('core.views','2012-10-17 10:00:00',21),('core.views','2012-10-17 11:00:00',59),('core.views','2012-10-17 12:00:00',19),('core.views','2012-10-17 13:00:00',127),('core.views','2012-10-17 14:00:00',12),('core.views','2012-10-17 15:00:00',20),('core.views','2012-10-17 16:00:00',10),('core.views','2012-10-18 08:00:00',38),('core.views','2012-10-18 09:00:00',6),('core.views','2012-10-18 11:00:00',8),('core.views','2012-10-18 12:00:00',6),('core.views','2012-10-18 13:00:00',8),('core.views','2012-10-18 14:00:00',18),('core.views','2012-10-18 15:00:00',58),('core.views','2012-10-18 16:00:00',17),('core.views','2012-10-19 07:00:00',133),('core.views','2012-10-19 08:00:00',98),('core.views','2012-10-19 09:00:00',37),('core.views','2012-10-19 11:00:00',20),('core.views','2012-10-19 13:00:00',28),('core.views','2012-10-19 14:00:00',54),('core.views','2012-10-19 15:00:00',42),('core.views','2012-10-19 20:00:00',12),('core.views','2012-10-19 21:00:00',38),('core.views','2012-10-19 22:00:00',3),('core.views','2012-10-20 00:00:00',5),('core.views','2012-10-20 01:00:00',2),('core.views','2012-10-20 03:00:00',1),('core.views','2012-10-20 04:00:00',5),('core.views','2012-10-20 05:00:00',3),('core.views','2012-10-20 09:00:00',1),('core.views','2012-10-20 10:00:00',4),('core.views','2012-10-20 11:00:00',7),('core.views','2012-10-20 12:00:00',1),('core.views','2012-10-20 14:00:00',6),('core.views','2012-10-20 15:00:00',1),('core.views','2012-10-20 23:00:00',1),('core.views','2012-10-21 01:00:00',1),('core.views','2012-10-21 02:00:00',1),('core.views','2012-10-21 04:00:00',7),('core.views','2012-10-21 10:00:00',9),('core.views','2012-10-21 11:00:00',2),('core.views','2012-10-21 12:00:00',7),('core.views','2012-10-21 13:00:00',4),('core.views','2012-10-21 15:00:00',10),('core.views','2012-10-21 17:00:00',2),('core.views','2012-10-21 23:00:00',3),('core.views','2012-10-22 07:00:00',41),('core.views','2012-10-22 08:00:00',9),('core.views','2012-10-22 09:00:00',26),('core.views','2012-10-22 11:00:00',3),('core.views','2012-10-22 12:00:00',16),('core.views','2012-10-22 13:00:00',46),('core.views','2012-10-22 14:00:00',21),('core.views','2012-10-22 15:00:00',27),('core.views','2012-10-22 16:00:00',2),('core.views','2012-10-22 17:00:00',11),('core.views','2012-10-22 20:00:00',1),('core.views','2012-10-22 21:00:00',6),('core.views','2012-10-22 22:00:00',2),('core.views','2012-10-23 07:00:00',41),('core.views','2012-10-23 08:00:00',51),('core.views','2012-10-23 09:00:00',1),('core.views','2012-10-23 10:00:00',27),('core.views','2012-10-23 11:00:00',5),('core.views','2012-10-23 12:00:00',39),('core.views','2012-10-23 13:00:00',48),('core.views','2012-10-23 14:00:00',35),('core.views','2012-10-23 15:00:00',49),('core.views','2012-10-24 00:00:00',8),('core.views','2012-10-24 08:00:00',9),('core.views','2012-10-24 10:00:00',3),('core.views','2012-10-24 11:00:00',44),('core.views','2012-10-24 12:00:00',5),('core.views','2012-10-24 15:00:00',5),('core.views','2012-10-24 16:00:00',1),('core.views','2012-10-24 17:00:00',16),('core.views','2012-10-24 18:00:00',5),('core.views','2012-10-25 15:00:00',10),('core.views','2012-10-25 20:00:00',3),('core.views','2012-10-25 21:00:00',5),('core.views','2012-10-25 22:00:00',14),('core.views','2012-10-25 23:00:00',20),('core.views','2012-10-26 00:00:00',9),('core.views','2012-10-26 09:00:00',1),('core.views','2012-10-26 10:00:00',3),('core.views','2012-10-28 09:00:00',7),('core.views','2012-10-28 17:00:00',4),('core.views','2012-10-28 19:00:00',1),('core.views','2012-10-28 20:00:00',23),('core.views','2012-10-28 21:00:00',4),('core.views','2012-10-29 10:00:00',1),('core.views','2012-10-29 17:00:00',5),('core.views','2012-10-29 19:00:00',1),('core.views','2012-10-29 23:00:00',3),('core.views','2012-10-30 15:00:00',39),('core.views','2012-10-30 16:00:00',62),('core.views','2012-10-30 17:00:00',3),('core.views','2012-10-30 18:00:00',3),('core.views','2012-10-30 21:00:00',7),('core.views','2012-10-31 10:00:00',6),('core.views','2012-11-01 11:00:00',2),('core.views','2012-11-01 12:00:00',4),('core.views','2012-11-01 13:00:00',11),('core.views','2012-11-01 15:00:00',41),('core.views','2012-11-01 16:00:00',37),('core.views','2012-11-01 17:00:00',4),('core.views','2012-11-02 09:00:00',3),('core.views','2012-11-02 11:00:00',6),('core.views','2012-11-02 12:00:00',3),('core.views','2012-11-02 13:00:00',19),('core.views','2012-11-02 14:00:00',32),('core.views','2012-11-02 15:00:00',69),('core.views','2012-11-02 16:00:00',26),('core.views','2012-11-02 17:00:00',7),('core.views','2012-11-02 22:00:00',5),('core.views','2012-11-02 23:00:00',40),('core.views','2012-11-03 00:00:00',3),('core.views','2012-11-03 02:00:00',10),('core.views','2012-11-03 03:00:00',2),('core.views','2012-11-03 12:00:00',1),('core.views','2012-11-03 13:00:00',8),('core.views','2012-11-03 14:00:00',27),('core.views','2012-11-03 15:00:00',3),('core.views','2012-11-03 21:00:00',20),('core.views','2012-11-03 22:00:00',6),('core.views','2012-11-04 15:00:00',3),('core.views','2012-11-04 16:00:00',1),('core.views','2012-11-05 00:00:00',15),('core.views','2012-11-05 01:00:00',5),('core.views','2012-11-05 09:00:00',20),('core.views','2012-11-05 10:00:00',72),('core.views','2012-11-05 11:00:00',19),('core.views','2012-11-05 12:00:00',5),('core.views','2012-11-05 13:00:00',13),('core.views','2012-11-05 14:00:00',33),('core.views','2012-11-05 15:00:00',46),('core.views','2012-11-05 16:00:00',3),('core.views','2012-11-05 21:00:00',6),('core.views','2012-11-05 22:00:00',11),('core.views','2012-11-06 01:00:00',2),('core.views','2012-11-06 02:00:00',4),('core.views','2012-11-06 08:00:00',4),('core.views','2012-11-06 09:00:00',48),('core.views','2012-11-06 10:00:00',16),('core.views','2012-11-06 11:00:00',8),('core.views','2012-11-06 12:00:00',69),('core.views','2012-11-06 13:00:00',19),('core.views','2012-11-06 14:00:00',53),('core.views','2012-11-06 15:00:00',13),('core.views','2012-11-06 16:00:00',39),('core.views','2012-11-06 17:00:00',43),('core.views','2012-11-06 18:00:00',3),('core.views','2012-11-06 19:00:00',1),('core.views','2012-11-06 22:00:00',1),('core.views','2012-11-07 00:00:00',3),('core.views','2012-11-07 02:00:00',5),('core.views','2012-11-07 03:00:00',11),('core.views','2012-11-07 07:00:00',35),('core.views','2012-11-07 08:00:00',27),('core.views','2012-11-07 10:00:00',6),('core.views','2012-11-07 13:00:00',4),('core.views','2012-11-07 14:00:00',3),('core.views','2012-11-07 15:00:00',4),('core.views','2012-11-07 18:00:00',2),('core.views','2012-11-08 00:00:00',4),('core.views','2012-11-08 02:00:00',25),('core.views','2012-11-08 03:00:00',12),('core.views','2012-11-08 08:00:00',20),('core.views','2012-11-08 13:00:00',4),('core.views','2012-11-08 15:00:00',8),('core.views','2012-11-08 17:00:00',11),('core.views','2012-11-08 18:00:00',27),('core.views','2012-11-08 19:00:00',40),('core.views','2012-11-08 20:00:00',3),('core.views','2012-11-08 21:00:00',1),('core.views','2012-11-09 07:00:00',4),('core.views','2012-11-09 10:00:00',7),('core.views','2012-11-09 11:00:00',4),('core.views','2012-11-09 14:00:00',7),('core.views','2012-11-09 15:00:00',6),('core.views','2012-11-10 02:00:00',5),('core.views','2012-11-10 16:00:00',1),('core.views','2012-11-11 15:00:00',2),('core.views','2012-11-11 21:00:00',9),('core.views','2012-11-11 23:00:00',1),('core.views','2012-11-12 00:00:00',2),('core.views','2012-11-12 03:00:00',3),('core.views','2012-11-12 08:00:00',76),('core.views','2012-11-12 09:00:00',98),('core.views','2012-11-12 10:00:00',2),('core.views','2012-11-12 11:00:00',30),('core.views','2012-11-12 12:00:00',60),('core.views','2012-11-12 14:00:00',4),('core.views','2012-11-12 15:00:00',33),('core.views','2012-11-12 16:00:00',14),('core.views','2012-11-13 00:00:00',28),('core.views','2012-11-13 01:00:00',1),('core.views','2012-11-13 02:00:00',6),('core.views','2012-11-13 07:00:00',7),('core.views','2012-11-13 08:00:00',14),('core.views','2012-11-14 17:00:00',7),('core.views','2012-11-15 00:00:00',6),('core.views','2012-11-15 18:00:00',16),('core.views','2012-11-17 15:00:00',4),('core.views','2012-11-17 17:00:00',2),('core.views','2012-11-19 14:00:00',7),('core.views','2012-11-19 15:00:00',2),('core.views','2012-11-21 00:00:00',1),('core.views','2012-11-21 13:00:00',1),('core.views','2012-11-22 13:00:00',2),('core.views','2012-11-22 16:00:00',6),('core.views','2012-11-22 18:00:00',4),('core.views','2012-11-22 20:00:00',1),('core.views','2012-11-22 21:00:00',6),('core.views','2012-11-22 22:00:00',9),('core.views','2012-11-23 01:00:00',2),('core.views','2012-11-23 11:00:00',1),('core.views','2012-11-23 12:00:00',4),('core.views','2012-11-25 01:00:00',9),('core.views','2012-11-25 02:00:00',19),('core.views','2012-11-26 13:00:00',62),('core.views','2012-11-26 14:00:00',33),('core.views','2012-11-26 15:00:00',26),('core.views','2012-11-26 16:00:00',16),('core.views','2012-11-26 17:00:00',11),('core.views','2012-11-26 18:00:00',5),('core.views','2012-11-27 07:00:00',7),('core.views','2012-11-27 08:00:00',26),('core.views','2012-11-27 09:00:00',37),('core.views','2012-11-27 10:00:00',1),('core.views','2012-11-27 11:00:00',1),('core.views','2012-11-27 12:00:00',5),('core.views','2012-11-27 13:00:00',18),('core.views','2012-11-27 18:00:00',3),('core.views','2012-11-27 19:00:00',6),('core.views','2012-11-27 20:00:00',3),('core.views','2012-11-27 21:00:00',3),('core.views','2012-11-28 07:00:00',4),('core.views','2012-11-28 08:00:00',28),('core.views','2012-11-28 09:00:00',11),('core.views','2012-11-28 11:00:00',2),('core.views','2012-11-28 17:00:00',3),('core.views','2012-11-28 19:00:00',13),('core.views','2012-11-28 20:00:00',8),('core.views','2012-11-28 21:00:00',24),('core.views','2012-11-29 03:00:00',2),('core.views','2012-11-29 06:00:00',1),('core.views','2012-11-29 14:00:00',2),('core.views','2012-11-29 17:00:00',12),('core.views','2012-11-29 20:00:00',1),('core.views','2012-11-29 21:00:00',2),('core.views','2012-11-30 02:00:00',3),('core.views','2012-11-30 08:00:00',23),('core.views','2012-11-30 11:00:00',1),('core.views','2012-11-30 12:00:00',8),('core.views','2012-11-30 20:00:00',5),('core.views','2012-11-30 21:00:00',2),('core.views','2012-11-30 22:00:00',3),('core.views','2012-11-30 23:00:00',7),('core.views','2012-12-01 19:00:00',3),('core.views','2012-12-01 20:00:00',7),('core.views','2012-12-01 23:00:00',13),('core.views','2012-12-02 00:00:00',10),('core.views','2012-12-02 01:00:00',3),('core.views','2012-12-02 04:00:00',3),('core.views','2012-12-02 16:00:00',2),('core.views','2012-12-02 18:00:00',1),('core.views','2012-12-03 18:00:00',8),('core.views','2012-12-04 07:00:00',3),('core.views','2012-12-04 08:00:00',5),('core.views','2012-12-04 09:00:00',6),('core.views','2012-12-04 17:00:00',2),('core.views','2012-12-05 02:00:00',6),('core.views','2012-12-05 03:00:00',1),('core.views','2012-12-05 05:00:00',1),('core.views','2012-12-05 09:00:00',6),('core.views','2012-12-05 11:00:00',43),('core.views','2012-12-05 13:00:00',13),('core.views','2012-12-05 14:00:00',5),('core.views','2012-12-05 16:00:00',4),('core.views','2012-12-05 17:00:00',2),('core.views','2012-12-05 18:00:00',1),('core.views','2012-12-05 20:00:00',1),('core.views','2012-12-05 21:00:00',9),('core.views','2012-12-05 22:00:00',2),('core.views','2012-12-06 06:00:00',4),('core.views','2012-12-06 07:00:00',1),('core.views','2012-12-06 08:00:00',11),('core.views','2012-12-06 10:00:00',2),('core.views','2012-12-06 11:00:00',4),('core.views','2012-12-06 12:00:00',2),('core.views','2012-12-06 13:00:00',51),('core.views','2012-12-06 14:00:00',22),('core.views','2012-12-06 15:00:00',44),('core.views','2012-12-06 16:00:00',1),('core.views','2012-12-06 19:00:00',8),('core.views','2012-12-06 20:00:00',8),('core.views','2012-12-06 21:00:00',5),('core.views','2012-12-07 06:00:00',11),('core.views','2012-12-07 08:00:00',22),('core.views','2012-12-07 09:00:00',71),('core.views','2012-12-07 10:00:00',89),('core.views','2012-12-07 11:00:00',10),('core.views','2012-12-07 12:00:00',5),('core.views','2012-12-07 13:00:00',14),('core.views','2012-12-07 15:00:00',1),('core.views','2012-12-07 19:00:00',3),('core.views','2012-12-07 20:00:00',3),('core.views','2012-12-08 06:00:00',6),('core.views','2012-12-08 08:00:00',6),('core.views','2012-12-08 09:00:00',1),('core.views','2012-12-09 08:00:00',2),('core.views','2012-12-10 08:00:00',2),('core.views','2012-12-10 12:00:00',3),('core.views','2012-12-10 13:00:00',6),('core.views','2012-12-10 14:00:00',2),('core.views','2012-12-10 15:00:00',1),('core.views','2012-12-10 17:00:00',1),('core.views','2012-12-11 00:00:00',5),('core.views','2012-12-11 06:00:00',5),('core.views','2012-12-11 09:00:00',1),('core.views','2012-12-11 10:00:00',1),('core.views','2012-12-11 12:00:00',2),('core.views','2012-12-11 20:00:00',1),('core.views','2012-12-11 22:00:00',1),('core.views','2012-12-12 02:00:00',2),('core.views','2012-12-12 10:00:00',3),('core.views','2012-12-12 13:00:00',4),('core.views','2012-12-12 14:00:00',2),('core.views','2012-12-13 00:00:00',2),('core.views','2012-12-13 01:00:00',1),('core.views','2012-12-13 03:00:00',3),('core.views','2012-12-13 04:00:00',1),('core.views','2012-12-13 07:00:00',8),('core.views','2012-12-13 08:00:00',5),('core.views','2012-12-13 09:00:00',1),('core.views','2012-12-13 10:00:00',1),('core.views','2012-12-13 13:00:00',7),('core.views','2012-12-13 16:00:00',6),('core.views','2012-12-14 03:00:00',4),('core.views','2012-12-14 07:00:00',3),('core.views','2012-12-14 08:00:00',5),('core.views','2012-12-14 10:00:00',4),('core.views','2012-12-14 11:00:00',2),('core.views','2012-12-14 12:00:00',20),('core.views','2012-12-14 13:00:00',27),('core.views','2012-12-14 14:00:00',48),('core.views','2012-12-14 15:00:00',26),('core.views','2012-12-15 11:00:00',8),('core.views','2012-12-15 12:00:00',1),('core.views','2012-12-15 13:00:00',2),('core.views','2012-12-15 14:00:00',2),('core.views','2012-12-15 15:00:00',2),('core.views','2012-12-15 16:00:00',1),('core.views','2012-12-15 23:00:00',3),('core.views','2012-12-16 05:00:00',1),('core.views','2012-12-16 06:00:00',16),('core.views','2012-12-16 09:00:00',6),('core.views','2012-12-16 21:00:00',8),('core.views','2012-12-17 05:00:00',4),('core.views','2012-12-17 08:00:00',2),('core.views','2012-12-17 09:00:00',6),('core.views','2012-12-17 10:00:00',35),('core.views','2012-12-17 11:00:00',3),('core.views','2012-12-17 12:00:00',2),('core.views','2012-12-17 13:00:00',4),('core.views','2012-12-17 16:00:00',3),('core.views','2012-12-17 17:00:00',9),('core.views','2012-12-18 08:00:00',6),('core.views','2012-12-18 09:00:00',11),('core.views','2012-12-18 11:00:00',7),('core.views','2012-12-18 13:00:00',10),('core.views','2012-12-18 14:00:00',6),('core.views','2012-12-18 15:00:00',3),('core.views','2012-12-18 19:00:00',8),('core.views','2012-12-19 06:00:00',3),('core.views','2012-12-19 14:00:00',2),('core.views','2012-12-19 17:00:00',3),('core.views','2012-12-19 18:00:00',1),('core.views','2012-12-19 22:00:00',1),('core.views','2012-12-20 07:00:00',1),('core.views','2012-12-20 09:00:00',5),('core.views','2012-12-21 10:00:00',3),('core.views','2012-12-21 11:00:00',2),('core.views','2012-12-21 12:00:00',1),('core.views','2012-12-21 15:00:00',4),('core.views','2012-12-22 09:00:00',2),('core.views','2012-12-22 17:00:00',1),('core.views','2012-12-23 10:00:00',1),('core.views','2012-12-24 08:00:00',2),('core.views','2012-12-24 12:00:00',1),('core.views','2012-12-24 14:00:00',10),('core.views','2012-12-24 15:00:00',11),('core.views','2012-12-24 16:00:00',24),('core.views','2012-12-24 21:00:00',4),('core.views','2012-12-25 09:00:00',5),('core.views','2012-12-25 12:00:00',9),('core.views','2012-12-25 13:00:00',29),('core.views','2012-12-25 14:00:00',51),('core.views','2012-12-25 15:00:00',18),('core.views','2012-12-25 16:00:00',33),('core.views','2012-12-25 17:00:00',2),('core.views','2012-12-26 08:00:00',21),('core.views','2012-12-26 09:00:00',11),('core.views','2012-12-26 10:00:00',95),('core.views','2012-12-26 12:00:00',13),('core.views','2012-12-26 15:00:00',2),('core.views','2012-12-26 16:00:00',9),('core.views','2012-12-27 00:00:00',5),('core.views','2012-12-27 01:00:00',3),('core.views','2012-12-27 08:00:00',5),('core.views','2012-12-27 09:00:00',6),('core.views','2012-12-27 10:00:00',18),('core.views','2012-12-27 11:00:00',10),('core.views','2012-12-27 12:00:00',18),('core.views','2012-12-27 13:00:00',44),('core.views','2012-12-27 14:00:00',24),('core.views','2012-12-27 15:00:00',46),('core.views','2012-12-27 16:00:00',40),('core.views','2012-12-27 17:00:00',11),('core.views','2012-12-27 18:00:00',2),('core.views','2012-12-27 19:00:00',1),('core.views','2012-12-27 22:00:00',1),('core.views','2012-12-27 23:00:00',44),('core.views','2012-12-28 08:00:00',90),('core.views','2012-12-28 09:00:00',37),('core.views','2012-12-28 10:00:00',1),('core.views','2012-12-28 11:00:00',2),('core.views','2012-12-28 13:00:00',6),('core.views','2012-12-28 14:00:00',7),('core.views','2012-12-28 15:00:00',40),('core.views','2012-12-28 16:00:00',2),('core.views','2012-12-28 19:00:00',20),('core.views','2012-12-28 20:00:00',6),('core.views','2012-12-28 21:00:00',5),('core.views','2012-12-28 23:00:00',9),('core.views','2012-12-29 00:00:00',2),('core.views','2012-12-29 01:00:00',7),('core.views','2012-12-29 12:00:00',1),('core.views','2012-12-29 13:00:00',4),('core.views','2012-12-29 16:00:00',4),('core.views','2012-12-29 23:00:00',4),('core.views','2012-12-30 00:00:00',1),('core.views','2012-12-30 10:00:00',2),('core.views','2012-12-30 14:00:00',2),('core.views','2012-12-30 23:00:00',3),('core.views','2012-12-31 00:00:00',1),('core.views','2012-12-31 07:00:00',1),('core.views','2012-12-31 11:00:00',12),('core.views','2012-12-31 12:00:00',29),('core.views','2012-12-31 13:00:00',41),('core.views','2013-01-01 15:00:00',5),('core.views','2013-01-01 16:00:00',6),('core.views','2013-01-01 21:00:00',1),('core.views','2013-01-02 08:00:00',5),('core.views','2013-01-02 09:00:00',1),('core.views','2013-01-02 10:00:00',13),('core.views','2013-01-02 11:00:00',3),('core.views','2013-01-02 12:00:00',3),('core.views','2013-01-02 17:00:00',1),('core.views','2013-01-02 18:00:00',5),('core.views','2013-01-03 10:00:00',13),('core.views','2013-01-03 11:00:00',43),('core.views','2013-01-03 12:00:00',17),('core.views','2013-01-03 13:00:00',50),('core.views','2013-01-03 14:00:00',47),('core.views','2013-01-03 15:00:00',18),('core.views','2013-01-03 19:00:00',11),('core.views','2013-01-04 13:00:00',18),('core.views','2013-01-04 18:00:00',1),('core.views','2013-01-04 22:00:00',12),('core.views','2013-01-05 01:00:00',4),('core.views','2013-01-05 03:00:00',3),('core.views','2013-01-05 04:00:00',1),('core.views','2013-01-05 12:00:00',2),('core.views','2013-01-05 13:00:00',1),('core.views','2013-01-05 14:00:00',2),('core.views','2013-01-05 17:00:00',2),('core.views','2013-01-06 00:00:00',2),('core.views','2013-01-06 02:00:00',1),('core.views','2013-01-06 12:00:00',10),('core.views','2013-01-06 13:00:00',7),('core.views','2013-01-06 18:00:00',1),('core.views','2013-01-07 00:00:00',3),('core.views','2013-01-07 01:00:00',8),('core.views','2013-01-07 02:00:00',5),('core.views','2013-01-09 10:00:00',3),('core.views','2013-01-09 13:00:00',22),('core.views','2013-01-09 14:00:00',19),('core.views','2013-01-09 15:00:00',16),('core.views','2013-01-09 16:00:00',4),('core.views','2013-01-10 14:00:00',1),('core.views','2013-01-10 15:00:00',13),('core.views','2013-01-10 20:00:00',1),('core.views','2013-01-11 09:00:00',2),('core.views','2013-01-11 10:00:00',45),('core.views','2013-01-11 11:00:00',6),('core.views','2013-01-11 12:00:00',34),('core.views','2013-01-11 13:00:00',23),('core.views','2013-01-11 14:00:00',33),('core.views','2013-01-11 15:00:00',27),('core.views','2013-01-11 16:00:00',1),('core.views','2013-01-12 00:00:00',2),('core.views','2013-01-12 16:00:00',1),('core.views','2013-01-12 22:00:00',2),('core.views','2013-01-13 01:00:00',1),('core.views','2013-01-13 16:00:00',1),('core.views','2013-01-14 03:00:00',1),('core.views','2013-01-14 12:00:00',1),('core.views','2013-01-14 14:00:00',2),('core.views','2013-01-14 20:00:00',1),('core.views','2013-01-15 08:00:00',22),('core.views','2013-01-15 09:00:00',45),('core.views','2013-01-15 10:00:00',10),('core.views','2013-01-15 11:00:00',48),('core.views','2013-01-15 12:00:00',50),('core.views','2013-01-15 13:00:00',60),('core.views','2013-01-15 14:00:00',108),('core.views','2013-01-15 15:00:00',69),('core.views','2013-01-15 16:00:00',4),('core.views','2013-01-15 19:00:00',1),('core.views','2013-01-15 20:00:00',7),('core.views','2013-01-16 04:00:00',2),('core.views','2013-01-16 07:00:00',17),('core.views','2013-01-16 08:00:00',66),('core.views','2013-01-16 09:00:00',1),('core.views','2013-01-16 11:00:00',3),('core.views','2013-01-16 12:00:00',3),('core.views','2013-01-16 13:00:00',9),('core.views','2013-01-16 14:00:00',3),('core.views','2013-01-16 15:00:00',3),('core.views','2013-01-16 16:00:00',6),('core.views','2013-01-16 19:00:00',3),('core.views','2013-01-17 00:00:00',3),('core.views','2013-01-17 10:00:00',21),('core.views','2013-01-17 12:00:00',16),('core.views','2013-01-17 13:00:00',27),('core.views','2013-01-17 14:00:00',10),('core.views','2013-01-17 16:00:00',22),('core.views','2013-01-17 17:00:00',14),('core.views','2013-01-17 18:00:00',3),('core.views','2013-01-17 19:00:00',2),('core.views','2013-01-17 20:00:00',11),('core.views','2013-01-17 21:00:00',2),('core.views','2013-01-18 00:00:00',15),('core.views','2013-01-18 01:00:00',10),('core.views','2013-01-18 02:00:00',5),('core.views','2013-01-18 07:00:00',1),('core.views','2013-01-18 08:00:00',2),('core.views','2013-01-18 10:00:00',93),('core.views','2013-01-18 11:00:00',21),('core.views','2013-01-18 13:00:00',28),('core.views','2013-01-18 14:00:00',2),('core.views','2013-01-18 15:00:00',7),('core.views','2013-01-18 16:00:00',5),('core.views','2013-01-18 19:00:00',1),('core.views','2013-01-18 20:00:00',9),('core.views','2013-01-18 21:00:00',42),('core.views','2013-01-18 22:00:00',39),('core.views','2013-01-18 23:00:00',29),('core.views','2013-01-19 01:00:00',1),('core.views','2013-01-19 02:00:00',21),('core.views','2013-01-19 03:00:00',1),('core.views','2013-01-19 05:00:00',16),('core.views','2013-01-19 11:00:00',6),('core.views','2013-01-19 12:00:00',8),('core.views','2013-01-19 15:00:00',1),('core.views','2013-01-19 16:00:00',2),('core.views','2013-01-19 17:00:00',2),('core.views','2013-01-19 20:00:00',3),('core.views','2013-01-19 21:00:00',1),('core.views','2013-01-19 23:00:00',2),('core.views','2013-01-20 00:00:00',4),('core.views','2013-01-20 02:00:00',8),('core.views','2013-01-20 04:00:00',15),('core.views','2013-01-20 05:00:00',1),('core.views','2013-01-20 14:00:00',6),('core.views','2013-01-20 15:00:00',6),('core.views','2013-01-20 16:00:00',4),('core.views','2013-01-20 17:00:00',7),('core.views','2013-01-20 19:00:00',3),('core.views','2013-01-20 20:00:00',1),('core.views','2013-01-20 23:00:00',9),('core.views','2013-01-21 00:00:00',3),('core.views','2013-01-21 01:00:00',2),('core.views','2013-01-21 02:00:00',5),('core.views','2013-01-21 08:00:00',2),('core.views','2013-01-21 10:00:00',2),('core.views','2013-01-21 12:00:00',17),('core.views','2013-01-21 13:00:00',35),('core.views','2013-01-21 14:00:00',16),('core.views','2013-01-21 15:00:00',10),('core.views','2013-01-21 16:00:00',7),('core.views','2013-01-21 17:00:00',8),('core.views','2013-01-21 18:00:00',4),('core.views','2013-01-21 19:00:00',26),('core.views','2013-01-21 20:00:00',4),('core.views','2013-01-21 21:00:00',5),('core.views','2013-01-21 22:00:00',1),('core.views','2013-01-22 03:00:00',14),('core.views','2013-01-22 07:00:00',22),('core.views','2013-01-22 08:00:00',37),('core.views','2013-01-22 09:00:00',18),('core.views','2013-01-22 10:00:00',24),('core.views','2013-01-22 11:00:00',46),('core.views','2013-01-22 12:00:00',40),('core.views','2013-01-22 13:00:00',7),('core.views','2013-01-22 14:00:00',23),('core.views','2013-01-22 15:00:00',16),('core.views','2013-01-22 18:00:00',16),('core.views','2013-01-22 19:00:00',3),('core.views','2013-01-22 20:00:00',7),('core.views','2013-01-22 21:00:00',1),('core.views','2013-01-22 22:00:00',1),('core.views','2013-01-23 02:00:00',3),('core.views','2013-01-23 06:00:00',3),('core.views','2013-01-23 07:00:00',16),('core.views','2013-01-23 08:00:00',76),('core.views','2013-01-23 09:00:00',110),('core.views','2013-01-23 10:00:00',18),('core.views','2013-01-23 13:00:00',5),('core.views','2013-01-23 16:00:00',27),('core.views','2013-01-23 17:00:00',7),('core.views','2013-01-23 18:00:00',6),('core.views','2013-01-23 19:00:00',9),('core.views','2013-01-23 20:00:00',11),('core.views','2013-01-23 21:00:00',31),('core.views','2013-01-23 22:00:00',52),('core.views','2013-01-23 23:00:00',41),('core.views','2013-01-24 00:00:00',1),('core.views','2013-01-24 02:00:00',17),('core.views','2013-01-24 03:00:00',9),('core.views','2013-01-24 04:00:00',12),('core.views','2013-01-24 05:00:00',43),('core.views','2013-01-24 07:00:00',42),('core.views','2013-01-24 08:00:00',5),('core.views','2013-01-24 09:00:00',12),('core.views','2013-01-24 15:00:00',6),('core.views','2013-01-24 17:00:00',2),('core.views','2013-01-24 18:00:00',5),('core.views','2013-01-24 19:00:00',3),('core.views','2013-01-24 21:00:00',5),('core.views','2013-01-24 22:00:00',2),('core.views','2013-01-24 23:00:00',1),('core.views','2013-01-25 00:00:00',3),('core.views','2013-01-25 03:00:00',5),('core.views','2013-01-25 05:00:00',4),('core.views','2013-01-25 06:00:00',4),('core.views','2013-01-25 08:00:00',5),('core.views','2013-01-25 09:00:00',63),('core.views','2013-01-25 12:00:00',14),('core.views','2013-01-25 13:00:00',8),('core.views','2013-01-25 14:00:00',21),('core.views','2013-01-25 15:00:00',25),('core.views','2013-01-25 18:00:00',6),('core.views','2013-01-25 19:00:00',4),('core.views','2013-01-25 20:00:00',2),('core.views','2013-01-25 21:00:00',1),('core.views','2013-01-25 22:00:00',1),('core.views','2013-01-25 23:00:00',12),('core.views','2013-01-26 01:00:00',12),('core.views','2013-01-26 03:00:00',3),('core.views','2013-01-26 04:00:00',2),('core.views','2013-01-26 05:00:00',39),('core.views','2013-01-26 06:00:00',24),('core.views','2013-01-26 07:00:00',5),('core.views','2013-01-26 08:00:00',5),('core.views','2013-01-26 17:00:00',11),('core.views','2013-01-26 18:00:00',79),('core.views','2013-01-26 19:00:00',29),('core.views','2013-01-26 20:00:00',1),('core.views','2013-01-26 21:00:00',8),('core.views','2013-01-26 22:00:00',2),('core.views','2013-01-27 00:00:00',3),('core.views','2013-01-27 01:00:00',3),('core.views','2013-01-27 03:00:00',3),('core.views','2013-01-27 20:00:00',1),('core.views','2013-01-27 21:00:00',5),('core.views','2013-01-27 22:00:00',4),('core.views','2013-01-28 00:00:00',2),('core.views','2013-01-28 03:00:00',3),('core.views','2013-01-28 04:00:00',3),('core.views','2013-01-28 05:00:00',2),('core.views','2013-01-28 07:00:00',24),('core.views','2013-01-28 09:00:00',1),('core.views','2013-01-28 15:00:00',17),('core.views','2013-01-28 16:00:00',8),('core.views','2013-01-28 19:00:00',8),('core.views','2013-01-28 20:00:00',8),('core.views','2013-01-28 21:00:00',7),('core.views','2013-01-29 05:00:00',1),('core.views','2013-01-29 08:00:00',1),('core.views','2013-01-29 10:00:00',1),('core.views','2013-01-29 11:00:00',6),('core.views','2013-01-29 12:00:00',11),('core.views','2013-01-29 13:00:00',7),('core.views','2013-01-29 15:00:00',1),('core.views','2013-01-29 16:00:00',1),('core.views','2013-01-29 17:00:00',23),('core.views','2013-01-29 23:00:00',9),('core.views','2013-01-30 02:00:00',3),('core.views','2013-01-30 03:00:00',3),('core.views','2013-01-30 05:00:00',1),('core.views','2013-01-30 06:00:00',1),('core.views','2013-01-30 09:00:00',1),('core.views','2013-01-30 10:00:00',4),('core.views','2013-01-30 12:00:00',1),('core.views','2013-01-30 22:00:00',8),('core.views','2013-01-31 05:00:00',1),('core.views','2013-01-31 06:00:00',3),('core.views','2013-01-31 12:00:00',4),('core.views','2013-01-31 13:00:00',1),('core.views','2013-01-31 14:00:00',5),('core.views','2013-01-31 23:00:00',2),('core.views','2013-02-01 00:00:00',16),('core.views','2013-02-01 09:00:00',1),('core.views','2013-02-01 14:00:00',4),('core.views','2013-02-02 06:00:00',3),('core.views','2013-02-02 14:00:00',8),('core.views','2013-02-04 11:00:00',2),('user.creations','2012-10-17 07:00:00',1),('user.creations','2012-10-17 08:00:00',1),('user.creations','2012-10-19 14:00:00',1),('user.creations','2012-11-02 15:00:00',1),('user.creations','2012-11-12 11:00:00',1),('user.creations','2012-12-05 11:00:00',6),('user.creations','2012-12-07 09:00:00',2),('user.creations','2012-12-07 10:00:00',6),('user.creations','2012-12-28 08:00:00',6),('user.creations','2013-01-23 09:00:00',1),('user.creations','2013-01-26 17:00:00',1),('user.friendships','2013-01-15 11:00:00',1),('user.logins','2012-10-16 15:00:00',1),('user.logins','2012-10-17 06:00:00',1),('user.logins','2012-10-17 07:00:00',2),('user.logins','2012-10-17 10:00:00',1),('user.logins','2012-10-17 14:00:00',1),('user.logins','2012-10-18 11:00:00',1),('user.logins','2012-10-18 14:00:00',1),('user.logins','2012-10-19 07:00:00',3),('user.logins','2012-10-19 14:00:00',2),('user.logins','2012-10-20 04:00:00',1),('user.logins','2012-10-22 07:00:00',1),('user.logins','2012-10-22 08:00:00',1),('user.logins','2012-10-22 13:00:00',3),('user.logins','2012-10-22 14:00:00',1),('user.logins','2012-10-22 15:00:00',1),('user.logins','2012-10-23 07:00:00',2),('user.logins','2012-10-23 08:00:00',1),('user.logins','2012-10-23 11:00:00',1),('user.logins','2012-10-23 12:00:00',1),('user.logins','2012-10-23 13:00:00',2),('user.logins','2012-10-23 14:00:00',1),('user.logins','2012-10-23 15:00:00',1),('user.logins','2012-10-24 17:00:00',1),('user.logins','2012-10-25 22:00:00',1),('user.logins','2012-10-30 15:00:00',3),('user.logins','2012-10-30 16:00:00',1),('user.logins','2012-11-01 13:00:00',1),('user.logins','2012-11-02 15:00:00',2),('user.logins','2012-11-02 16:00:00',2),('user.logins','2012-11-02 23:00:00',1),('user.logins','2012-11-03 21:00:00',1),('user.logins','2012-11-05 09:00:00',1),('user.logins','2012-11-05 10:00:00',1),('user.logins','2012-11-05 11:00:00',1),('user.logins','2012-11-05 14:00:00',1),('user.logins','2012-11-06 08:00:00',1),('user.logins','2012-11-07 07:00:00',3),('user.logins','2012-11-08 08:00:00',1),('user.logins','2012-11-08 15:00:00',1),('user.logins','2012-11-08 17:00:00',1),('user.logins','2012-11-08 18:00:00',1),('user.logins','2012-11-09 10:00:00',1),('user.logins','2012-11-09 14:00:00',1),('user.logins','2012-11-09 15:00:00',1),('user.logins','2012-11-11 21:00:00',1),('user.logins','2012-11-12 08:00:00',3),('user.logins','2012-11-12 09:00:00',1),('user.logins','2012-11-12 11:00:00',4),('user.logins','2012-11-12 12:00:00',1),('user.logins','2012-11-13 00:00:00',1),('user.logins','2012-11-13 01:00:00',1),('user.logins','2012-11-14 17:00:00',1),('user.logins','2012-11-15 18:00:00',2),('user.logins','2012-11-17 15:00:00',1),('user.logins','2012-11-19 14:00:00',1),('user.logins','2012-11-22 13:00:00',1),('user.logins','2012-11-22 16:00:00',1),('user.logins','2012-11-22 22:00:00',1),('user.logins','2012-11-23 12:00:00',1),('user.logins','2012-11-25 01:00:00',2),('user.logins','2012-11-26 13:00:00',2),('user.logins','2012-11-26 14:00:00',2),('user.logins','2012-11-26 15:00:00',1),('user.logins','2012-11-26 16:00:00',1),('user.logins','2012-11-27 07:00:00',2),('user.logins','2012-11-27 08:00:00',1),('user.logins','2012-11-27 09:00:00',1),('user.logins','2012-11-27 13:00:00',1),('user.logins','2012-11-28 07:00:00',1),('user.logins','2012-11-28 11:00:00',1),('user.logins','2012-11-28 19:00:00',1),('user.logins','2012-11-29 03:00:00',1),('user.logins','2012-11-30 08:00:00',1),('user.logins','2012-12-02 00:00:00',1),('user.logins','2012-12-02 04:00:00',1),('user.logins','2012-12-03 18:00:00',1),('user.logins','2012-12-04 08:00:00',1),('user.logins','2012-12-04 17:00:00',2),('user.logins','2012-12-05 02:00:00',1),('user.logins','2012-12-05 09:00:00',1),('user.logins','2012-12-05 14:00:00',1),('user.logins','2012-12-06 07:00:00',1),('user.logins','2012-12-06 08:00:00',1),('user.logins','2012-12-06 11:00:00',1),('user.logins','2012-12-06 12:00:00',1),('user.logins','2012-12-06 13:00:00',1),('user.logins','2012-12-07 06:00:00',1),('user.logins','2012-12-07 08:00:00',2),('user.logins','2012-12-07 09:00:00',9),('user.logins','2012-12-07 10:00:00',3),('user.logins','2012-12-07 19:00:00',1),('user.logins','2012-12-08 06:00:00',1),('user.logins','2012-12-09 08:00:00',1),('user.logins','2012-12-10 08:00:00',1),('user.logins','2012-12-10 14:00:00',1),('user.logins','2012-12-11 00:00:00',1),('user.logins','2012-12-11 06:00:00',1),('user.logins','2012-12-11 12:00:00',1),('user.logins','2012-12-13 00:00:00',1),('user.logins','2012-12-13 07:00:00',1),('user.logins','2012-12-13 13:00:00',1),('user.logins','2012-12-13 16:00:00',1),('user.logins','2012-12-14 08:00:00',1),('user.logins','2012-12-15 11:00:00',1),('user.logins','2012-12-16 21:00:00',1),('user.logins','2012-12-17 05:00:00',1),('user.logins','2012-12-17 09:00:00',1),('user.logins','2012-12-17 12:00:00',1),('user.logins','2012-12-17 17:00:00',1),('user.logins','2012-12-18 13:00:00',1),('user.logins','2012-12-20 09:00:00',1),('user.logins','2012-12-21 11:00:00',1),('user.logins','2012-12-21 15:00:00',1),('user.logins','2012-12-24 08:00:00',1),('user.logins','2012-12-24 16:00:00',1),('user.logins','2012-12-24 21:00:00',1),('user.logins','2012-12-25 09:00:00',1),('user.logins','2012-12-25 12:00:00',2),('user.logins','2012-12-26 08:00:00',1),('user.logins','2012-12-26 10:00:00',6),('user.logins','2012-12-26 16:00:00',1),('user.logins','2012-12-27 08:00:00',1),('user.logins','2012-12-27 14:00:00',1),('user.logins','2012-12-27 15:00:00',1),('user.logins','2012-12-27 16:00:00',2),('user.logins','2012-12-27 23:00:00',1),('user.logins','2012-12-28 08:00:00',3),('user.logins','2012-12-28 13:00:00',1),('user.logins','2012-12-29 16:00:00',1),('user.logins','2012-12-29 23:00:00',1),('user.logins','2012-12-31 11:00:00',1),('user.logins','2012-12-31 12:00:00',1),('user.logins','2012-12-31 13:00:00',2),('user.logins','2013-01-01 16:00:00',1),('user.logins','2013-01-02 09:00:00',1),('user.logins','2013-01-03 10:00:00',1),('user.logins','2013-01-03 11:00:00',5),('user.logins','2013-01-03 12:00:00',1),('user.logins','2013-01-03 13:00:00',1),('user.logins','2013-01-03 15:00:00',2),('user.logins','2013-01-04 13:00:00',1),('user.logins','2013-01-05 12:00:00',1),('user.logins','2013-01-07 01:00:00',1),('user.logins','2013-01-09 10:00:00',1),('user.logins','2013-01-09 13:00:00',1),('user.logins','2013-01-09 14:00:00',2),('user.logins','2013-01-10 15:00:00',1),('user.logins','2013-01-11 09:00:00',1),('user.logins','2013-01-11 10:00:00',1),('user.logins','2013-01-15 08:00:00',1),('user.logins','2013-01-15 11:00:00',1),('user.logins','2013-01-15 13:00:00',1),('user.logins','2013-01-15 14:00:00',1),('user.logins','2013-01-15 15:00:00',1),('user.logins','2013-01-16 07:00:00',1),('user.logins','2013-01-16 08:00:00',3),('user.logins','2013-01-17 12:00:00',1),('user.logins','2013-01-17 14:00:00',1),('user.logins','2013-01-17 16:00:00',1),('user.logins','2013-01-17 17:00:00',1),('user.logins','2013-01-18 10:00:00',2),('user.logins','2013-01-18 11:00:00',1),('user.logins','2013-01-18 15:00:00',1),('user.logins','2013-01-18 20:00:00',1),('user.logins','2013-01-18 21:00:00',1),('user.logins','2013-01-18 22:00:00',1),('user.logins','2013-01-18 23:00:00',1),('user.logins','2013-01-19 02:00:00',1),('user.logins','2013-01-20 04:00:00',1),('user.logins','2013-01-21 17:00:00',1),('user.logins','2013-01-21 18:00:00',1),('user.logins','2013-01-21 19:00:00',1),('user.logins','2013-01-22 07:00:00',3),('user.logins','2013-01-22 08:00:00',5),('user.logins','2013-01-22 09:00:00',1),('user.logins','2013-01-22 10:00:00',1),('user.logins','2013-01-22 11:00:00',1),('user.logins','2013-01-22 14:00:00',1),('user.logins','2013-01-22 15:00:00',1),('user.logins','2013-01-22 18:00:00',1),('user.logins','2013-01-23 06:00:00',1),('user.logins','2013-01-23 07:00:00',1),('user.logins','2013-01-23 08:00:00',5),('user.logins','2013-01-23 09:00:00',4),('user.logins','2013-01-23 10:00:00',1),('user.logins','2013-01-23 13:00:00',1),('user.logins','2013-01-23 16:00:00',1),('user.logins','2013-01-23 17:00:00',1),('user.logins','2013-01-23 18:00:00',1),('user.logins','2013-01-23 19:00:00',1),('user.logins','2013-01-23 20:00:00',2),('user.logins','2013-01-23 22:00:00',2),('user.logins','2013-01-23 23:00:00',2),('user.logins','2013-01-24 00:00:00',1),('user.logins','2013-01-24 03:00:00',1),('user.logins','2013-01-24 04:00:00',1),('user.logins','2013-01-24 05:00:00',3),('user.logins','2013-01-24 07:00:00',1),('user.logins','2013-01-24 08:00:00',1),('user.logins','2013-01-24 15:00:00',1),('user.logins','2013-01-24 17:00:00',1),('user.logins','2013-01-25 00:00:00',1),('user.logins','2013-01-25 08:00:00',1),('user.logins','2013-01-25 12:00:00',1),('user.logins','2013-01-25 18:00:00',1),('user.logins','2013-01-25 23:00:00',1),('user.logins','2013-01-26 01:00:00',1),('user.logins','2013-01-26 05:00:00',3),('user.logins','2013-01-26 06:00:00',2),('user.logins','2013-01-26 07:00:00',1),('user.logins','2013-01-26 17:00:00',2),('user.logins','2013-01-26 18:00:00',1),('user.logins','2013-01-26 19:00:00',1),('user.logins','2013-01-26 21:00:00',1),('user.logins','2013-01-27 01:00:00',1),('user.logins','2013-01-27 20:00:00',1),('user.logins','2013-01-28 04:00:00',1),('user.logins','2013-01-28 07:00:00',1),('user.logins','2013-01-28 15:00:00',3),('user.logins','2013-01-29 11:00:00',1),('user.logins','2013-01-29 17:00:00',1),('user.logins','2013-01-29 23:00:00',1),('user.logins','2013-01-31 12:00:00',1),('user.logins','2013-02-01 00:00:00',1),('user.logins','2013-02-04 11:00:00',1);
/*!40000 ALTER TABLE `engine4_core_statistics` ENABLE KEYS */;
UNLOCK TABLES;

--
-- Table structure for table `engine4_core_status`
--

DROP TABLE IF EXISTS `engine4_core_status`;
/*!40101 SET @saved_cs_client     = @@character_set_client */;
/*!40101 SET character_set_client = utf8 */;
CREATE TABLE `engine4_core_status` (
  `status_id` int(11) unsigned NOT NULL AUTO_INCREMENT,
  `resource_type` varchar(32) CHARACTER SET latin1 COLLATE latin1_general_ci NOT NULL,
  `resource_id` int(11) unsigned NOT NULL,
  `body` text COLLATE utf8_unicode_ci NOT NULL,
  `creation_date` datetime NOT NULL,
  PRIMARY KEY (`status_id`)
) ENGINE=InnoDB AUTO_INCREMENT=6 DEFAULT CHARSET=utf8 COLLATE=utf8_unicode_ci;
/*!40101 SET character_set_client = @saved_cs_client */;

--
-- Dumping data for table `engine4_core_status`
--

LOCK TABLES `engine4_core_status` WRITE;
/*!40000 ALTER TABLE `engine4_core_status` DISABLE KEYS */;
INSERT INTO `engine4_core_status` VALUES (1,'user',3,'Sed vestibulum consequat turpis, id consequat eros mattis eget. Cras eget est lectus, quis pharetra velit. Ut viverra suscipit sem','2012-10-30 16:23:16'),(2,'user',1,'Lreal ipsum','2012-11-05 10:20:57'),(3,'user',2,'uisque fringilla egestas elit, non faucibus dui semper eu. Quisque odio enim, auctor in volutpat vel, euismod dapibus felis. Nunc ullamcorper consectetur dictum. Suspendisse justo est, bibendum non volutpat sit amet, pharetra eu tortor','2012-11-07 07:48:50'),(4,'user',4,'wazzup2day','2012-11-08 03:04:50'),(5,'user',2,'here are many variations of passages of Lorem Ipsum available, but the majority have suffered alteration in some form, by injected humour, or randomised words which don\'t look even slightly believable. If you are going to use a passage of Lorem Ipsum, you need to be sure there isn\'t anything embarrassing hidden in the middle of text. All the Lorem Ipsum generators on the Internet tend to repeat predefined chunks as necessary, making this the first true generator on the Internet. It uses a dictionary of over 200 Latin words, combined with a handful of model sentence structures, to generate Lorem Ipsum which looks reasonable. The generated Lorem Ipsum is therefore always free from repetition, injected humour, or non-characteristic words etc.','2013-01-15 13:56:22');
/*!40000 ALTER TABLE `engine4_core_status` ENABLE KEYS */;
UNLOCK TABLES;

--
-- Table structure for table `engine4_core_styles`
--

DROP TABLE IF EXISTS `engine4_core_styles`;
/*!40101 SET @saved_cs_client     = @@character_set_client */;
/*!40101 SET character_set_client = utf8 */;
CREATE TABLE `engine4_core_styles` (
  `type` varchar(32) CHARACTER SET latin1 COLLATE latin1_general_ci NOT NULL,
  `id` int(11) unsigned NOT NULL,
  `style` text COLLATE utf8_unicode_ci NOT NULL,
  PRIMARY KEY (`type`,`id`)
) ENGINE=InnoDB DEFAULT CHARSET=utf8 COLLATE=utf8_unicode_ci;
/*!40101 SET character_set_client = @saved_cs_client */;

--
-- Dumping data for table `engine4_core_styles`
--

LOCK TABLES `engine4_core_styles` WRITE;
/*!40000 ALTER TABLE `engine4_core_styles` DISABLE KEYS */;
/*!40000 ALTER TABLE `engine4_core_styles` ENABLE KEYS */;
UNLOCK TABLES;

--
-- Table structure for table `engine4_core_tagmaps`
--

DROP TABLE IF EXISTS `engine4_core_tagmaps`;
/*!40101 SET @saved_cs_client     = @@character_set_client */;
/*!40101 SET character_set_client = utf8 */;
CREATE TABLE `engine4_core_tagmaps` (
  `tagmap_id` int(11) unsigned NOT NULL AUTO_INCREMENT,
  `resource_type` varchar(24) CHARACTER SET latin1 COLLATE latin1_general_ci NOT NULL,
  `resource_id` int(11) unsigned NOT NULL,
  `tagger_type` varchar(24) CHARACTER SET latin1 COLLATE latin1_general_ci NOT NULL,
  `tagger_id` int(11) unsigned NOT NULL,
  `tag_type` varchar(24) CHARACTER SET latin1 COLLATE latin1_general_ci NOT NULL,
  `tag_id` int(11) unsigned NOT NULL,
  `creation_date` datetime DEFAULT NULL,
  `extra` text COLLATE utf8_unicode_ci,
  PRIMARY KEY (`tagmap_id`),
  KEY `resource_type` (`resource_type`,`resource_id`),
  KEY `tagger_type` (`tagger_type`,`tagger_id`),
  KEY `tag_type` (`tag_type`,`tag_id`)
) ENGINE=InnoDB AUTO_INCREMENT=74 DEFAULT CHARSET=utf8 COLLATE=utf8_unicode_ci;
/*!40101 SET character_set_client = @saved_cs_client */;

--
-- Dumping data for table `engine4_core_tagmaps`
--

LOCK TABLES `engine4_core_tagmaps` WRITE;
/*!40000 ALTER TABLE `engine4_core_tagmaps` DISABLE KEYS */;
INSERT INTO `engine4_core_tagmaps` VALUES (1,'whmedia_project',1,'user',1,'core_tag',1,'2012-10-17 06:59:44',NULL),(2,'whmedia_project',1,'user',1,'core_tag',2,'2012-10-17 06:59:44',NULL),(3,'whmedia_project',2,'user',1,'core_tag',3,'2012-10-17 07:21:21',NULL),(4,'whmedia_project',2,'user',1,'core_tag',4,'2012-10-17 07:21:21',NULL),(5,'whmedia_project',2,'user',1,'core_tag',5,'2012-10-17 07:21:21',NULL),(6,'whmedia_project',4,'user',2,'core_tag',6,'2012-10-17 07:33:44',NULL),(7,'whmedia_project',4,'user',2,'core_tag',3,'2012-10-17 07:33:44',NULL),(8,'whmedia_project',4,'user',2,'core_tag',7,'2012-10-17 07:33:45',NULL),(9,'whmedia_project',5,'user',3,'core_tag',8,'2012-10-17 08:18:58',NULL),(10,'whmedia_project',5,'user',3,'core_tag',9,'2012-10-17 08:18:58',NULL),(11,'whmedia_project',5,'user',3,'core_tag',10,'2012-10-17 08:18:58',NULL),(12,'whmedia_project',44,'user',1,'core_tag',11,'2012-10-23 15:42:14',NULL),(13,'whmedia_project',43,'user',1,'core_tag',11,'2012-10-23 15:44:20',NULL),(14,'whmedia_project',35,'user',1,'core_tag',11,'2012-10-23 15:44:30',NULL),(15,'whmedia_project',37,'user',1,'core_tag',11,'2012-10-23 15:44:57',NULL),(16,'whmedia_project',24,'user',1,'core_tag',11,'2012-10-23 15:46:22',NULL),(17,'whmedia_project',22,'user',1,'core_tag',11,'2012-10-23 15:47:20',NULL),(18,'whmedia_project',23,'user',1,'core_tag',11,'2012-10-23 15:48:08',NULL),(19,'whmedia_project',27,'user',1,'core_tag',11,'2012-10-23 15:51:27',NULL),(20,'whmedia_project',26,'user',1,'core_tag',11,'2012-10-23 15:51:52',NULL),(21,'whmedia_project',25,'user',1,'core_tag',11,'2012-10-23 15:54:29',NULL),(22,'whmedia_project',54,'user',4,'core_tag',11,'2012-10-24 11:18:39',NULL),(23,'whmedia_project',55,'user',4,'core_tag',12,'2012-10-24 11:26:22',NULL),(24,'whmedia_project',56,'user',4,'core_tag',13,'2012-10-24 11:34:12',NULL),(25,'whmedia_project',57,'user',4,'core_tag',11,'2012-10-24 17:27:44',NULL),(26,'whmedia_project',58,'user',4,'core_tag',12,'2012-10-25 23:36:12',NULL),(27,'whmedia_project',59,'user',4,'core_tag',11,'2012-10-25 23:41:22',NULL),(28,'whmedia_project',60,'user',4,'core_tag',14,'2012-10-28 20:43:27',NULL),(29,'whmedia_project',61,'user',4,'core_tag',11,'2012-11-03 14:11:50',NULL),(30,'whmedia_project',62,'user',4,'core_tag',11,'2012-11-03 14:19:27',NULL),(31,'whmedia_project',63,'user',4,'core_tag',11,'2012-11-03 14:32:43',NULL),(32,'whmedia_project',64,'user',4,'core_tag',11,'2012-11-03 21:33:47',NULL),(33,'whmedia_project',65,'user',4,'core_tag',15,'2012-11-05 00:54:41',NULL),(34,'whmedia_project',65,'user',4,'core_tag',16,'2012-11-05 00:54:41',NULL),(35,'whmedia_project',65,'user',4,'core_tag',17,'2012-11-05 00:54:41',NULL),(36,'whmedia_project',66,'user',4,'core_tag',11,'2012-11-06 12:31:14',NULL),(37,'whmedia_project',66,'user',4,'core_tag',18,'2012-11-06 12:31:14',NULL),(38,'whmedia_project',3,'user',2,'core_tag',19,'2012-11-07 07:46:21',NULL),(39,'whmedia_project',3,'user',2,'core_tag',4,'2012-11-07 07:46:21',NULL),(40,'whmedia_project',3,'user',2,'core_tag',20,'2012-11-07 07:46:21',NULL),(41,'whmedia_project',3,'user',2,'core_tag',21,'2012-11-07 07:46:21',NULL),(42,'whmedia_project',3,'user',2,'core_tag',22,'2012-11-07 07:46:21',NULL),(43,'whmedia_project',3,'user',2,'core_tag',23,'2012-11-07 07:46:21',NULL),(44,'whmedia_project',3,'user',2,'core_tag',24,'2012-11-07 07:46:21',NULL),(45,'whmedia_project',3,'user',2,'core_tag',25,'2012-11-07 07:48:16',NULL),(46,'whmedia_project',3,'user',2,'core_tag',26,'2012-11-07 07:48:16',NULL),(47,'whmedia_project',3,'user',2,'core_tag',27,'2012-11-07 07:48:16',NULL),(48,'whmedia_project',67,'user',4,'core_tag',28,'2012-11-08 17:58:11',NULL),(49,'whmedia_project',68,'user',4,'core_tag',28,'2012-11-08 18:05:30',NULL),(50,'whmedia_project',69,'user',4,'core_tag',29,'2012-11-08 19:19:33',NULL),(51,'whmedia_project',48,'user',2,'core_tag',30,'2012-11-12 08:44:54',NULL),(52,'whmedia_project',48,'user',2,'core_tag',31,'2012-11-12 08:44:54',NULL),(53,'whmedia_project',48,'user',2,'core_tag',8,'2012-11-12 08:44:54',NULL),(54,'whmedia_project',48,'user',2,'core_tag',32,'2012-11-12 08:44:54',NULL),(55,'whmedia_project',48,'user',2,'core_tag',33,'2012-11-12 08:44:54',NULL),(56,'whmedia_project',48,'user',2,'core_tag',34,'2012-11-12 08:45:51',NULL),(57,'whmedia_project',48,'user',2,'core_tag',35,'2012-11-12 08:45:51',NULL),(58,'whmedia_project',48,'user',2,'core_tag',3,'2012-11-12 08:45:51',NULL),(59,'whmedia_project',48,'user',2,'core_tag',4,'2012-11-12 08:45:51',NULL),(60,'whmedia_project',70,'user',4,'core_tag',36,'2012-12-06 08:50:56',NULL),(61,'whmedia_project',70,'user',4,'core_tag',37,'2012-12-06 08:50:56',NULL),(62,'whmedia_project',71,'user',1,'core_tag',38,'2012-12-13 16:40:37',NULL),(63,'whmedia_project',75,'user',4,'core_tag',39,'2013-01-18 21:40:18',NULL),(64,'whmedia_project',76,'user',4,'core_tag',11,'2013-01-18 21:44:15',NULL),(65,'whmedia_project',77,'user',4,'core_tag',11,'2013-01-18 21:45:57',NULL),(66,'whmedia_project',78,'user',4,'core_tag',11,'2013-01-18 21:48:18',NULL),(67,'whmedia_project',79,'user',4,'core_tag',11,'2013-01-18 21:50:13',NULL),(68,'whmedia_project',80,'user',4,'core_tag',11,'2013-01-18 21:52:10',NULL),(69,'whmedia_project',81,'user',4,'core_tag',11,'2013-01-18 21:53:39',NULL),(70,'whmedia_project',82,'user',4,'core_tag',11,'2013-01-18 21:56:04',NULL),(71,'whmedia_project',83,'user',4,'core_tag',12,'2013-01-19 02:40:44',NULL),(72,'whmedia_project',84,'user',4,'core_tag',40,'2013-01-23 22:56:03',NULL),(73,'whmedia_project',85,'user',4,'core_tag',11,'2013-01-26 05:45:42',NULL);
/*!40000 ALTER TABLE `engine4_core_tagmaps` ENABLE KEYS */;
UNLOCK TABLES;

--
-- Table structure for table `engine4_core_tags`
--

DROP TABLE IF EXISTS `engine4_core_tags`;
/*!40101 SET @saved_cs_client     = @@character_set_client */;
/*!40101 SET character_set_client = utf8 */;
CREATE TABLE `engine4_core_tags` (
  `tag_id` int(11) unsigned NOT NULL AUTO_INCREMENT,
  `text` varchar(255) COLLATE utf8_unicode_ci NOT NULL,
  PRIMARY KEY (`tag_id`),
  UNIQUE KEY `text` (`text`)
) ENGINE=InnoDB AUTO_INCREMENT=41 DEFAULT CHARSET=utf8 COLLATE=utf8_unicode_ci;
/*!40101 SET character_set_client = @saved_cs_client */;

--
-- Dumping data for table `engine4_core_tags`
--

LOCK TABLES `engine4_core_tags` WRITE;
/*!40000 ALTER TABLE `engine4_core_tags` DISABLE KEYS */;
INSERT INTO `engine4_core_tags` VALUES (18,'art'),(24,'aubrey'),(31,'bamboo'),(38,'bla'),(13,'Cnn'),(26,'consectetur'),(3,'decor'),(10,'decoration'),(34,'delicate orchids'),(22,'dolor'),(27,'elit'),(16,'Endeavor'),(30,'feng shui'),(33,'feng shui vase'),(1,'garden'),(20,'handmade'),(5,'home'),(4,'home decor'),(2,'Japanese garden'),(39,'light show'),(21,'lorem ipsum'),(35,'natures'),(37,'news'),(40,'news davos'),(32,'orchids'),(25,'project'),(9,'rock decoration'),(8,'rocks'),(14,'sample'),(28,'science'),(36,'shocking'),(23,'sit amet'),(17,'space'),(15,'Space Shuttle'),(29,'sunshine'),(19,'sweet things'),(11,'test'),(12,'testing'),(6,'wedding'),(7,'wedding reception');
/*!40000 ALTER TABLE `engine4_core_tags` ENABLE KEYS */;
UNLOCK TABLES;

--
-- Table structure for table `engine4_core_tasks`
--

DROP TABLE IF EXISTS `engine4_core_tasks`;
/*!40101 SET @saved_cs_client     = @@character_set_client */;
/*!40101 SET character_set_client = utf8 */;
CREATE TABLE `engine4_core_tasks` (
  `task_id` int(11) unsigned NOT NULL AUTO_INCREMENT,
  `title` varchar(255) COLLATE utf8_unicode_ci NOT NULL,
  `module` varchar(128) COLLATE utf8_unicode_ci NOT NULL DEFAULT '',
  `plugin` varchar(128) CHARACTER SET latin1 COLLATE latin1_general_ci NOT NULL,
  `timeout` int(11) unsigned NOT NULL DEFAULT '60',
  `processes` smallint(3) unsigned NOT NULL DEFAULT '1',
  `semaphore` smallint(3) NOT NULL DEFAULT '0',
  `started_last` int(11) NOT NULL DEFAULT '0',
  `started_count` int(11) unsigned NOT NULL DEFAULT '0',
  `completed_last` int(11) NOT NULL DEFAULT '0',
  `completed_count` int(11) unsigned NOT NULL DEFAULT '0',
  `failure_last` int(11) NOT NULL DEFAULT '0',
  `failure_count` int(11) unsigned NOT NULL DEFAULT '0',
  `success_last` int(11) NOT NULL DEFAULT '0',
  `success_count` int(11) unsigned NOT NULL DEFAULT '0',
  PRIMARY KEY (`task_id`),
  UNIQUE KEY `plugin` (`plugin`),
  KEY `module` (`module`),
  KEY `started_last` (`started_last`)
) ENGINE=InnoDB AUTO_INCREMENT=9 DEFAULT CHARSET=utf8 COLLATE=utf8_unicode_ci;
/*!40101 SET character_set_client = @saved_cs_client */;

--
-- Dumping data for table `engine4_core_tasks`
--

LOCK TABLES `engine4_core_tasks` WRITE;
/*!40000 ALTER TABLE `engine4_core_tasks` DISABLE KEYS */;
INSERT INTO `engine4_core_tasks` VALUES (1,'Job Queue','core','Core_Plugin_Task_Jobs',5,1,0,1359977153,10904,1359977153,10904,0,0,1359977153,10904),(2,'Background Mailer','core','Core_Plugin_Task_Mail',15,1,0,1359977153,10890,1359977153,10888,0,0,1359977153,10888),(3,'Cache Prefetch','core','Core_Plugin_Task_Prefetch',300,1,0,1359977153,3752,1359977153,3752,0,0,1359977153,3752),(4,'Statistics','core','Core_Plugin_Task_Statistics',43200,1,0,1359976848,142,1359976848,142,0,0,1359976848,142),(5,'Log Rotation','core','Core_Plugin_Task_LogRotation',7200,1,0,1359976848,415,1359976848,415,0,0,1359976848,415),(6,'Member Data Maintenance','user','User_Plugin_Task_Cleanup',60,1,0,1359976966,6438,1359976966,6438,0,0,1359976966,6438),(7,'Payment Maintenance','user','Payment_Plugin_Task_Cleanup',43200,1,0,1359976966,134,1359976966,134,0,0,1359976966,134),(8,'Cleanup temporary files','whmedia','Whmedia_Plugin_Task_CleanupTemporary',36000,1,0,1359677158,147,1359677158,147,0,0,1359677158,147);
/*!40000 ALTER TABLE `engine4_core_tasks` ENABLE KEYS */;
UNLOCK TABLES;

--
-- Table structure for table `engine4_core_themes`
--

DROP TABLE IF EXISTS `engine4_core_themes`;
/*!40101 SET @saved_cs_client     = @@character_set_client */;
/*!40101 SET character_set_client = utf8 */;
CREATE TABLE `engine4_core_themes` (
  `theme_id` int(11) unsigned NOT NULL AUTO_INCREMENT,
  `name` varchar(64) CHARACTER SET latin1 COLLATE latin1_general_ci NOT NULL,
  `title` varchar(255) COLLATE utf8_unicode_ci NOT NULL,
  `description` text COLLATE utf8_unicode_ci NOT NULL,
  `active` tinyint(4) NOT NULL DEFAULT '0',
  PRIMARY KEY (`theme_id`),
  UNIQUE KEY `name` (`name`),
  KEY `active` (`active`)
) ENGINE=InnoDB AUTO_INCREMENT=37 DEFAULT CHARSET=utf8 COLLATE=utf8_unicode_ci;
/*!40101 SET character_set_client = @saved_cs_client */;

--
-- Dumping data for table `engine4_core_themes`
--

LOCK TABLES `engine4_core_themes` WRITE;
/*!40000 ALTER TABLE `engine4_core_themes` DISABLE KEYS */;
INSERT INTO `engine4_core_themes` VALUES (1,'default','Default','',0),(2,'midnight','Midnight','',0),(3,'clean','Clean','',0),(4,'bamboo','Bamboo','',0),(5,'digita','Digita','',0),(6,'grid-blue','Grid Blue','',0),(7,'grid-brown','Grid Brown','',0),(8,'grid-dark','Grid Dark','',0),(9,'grid-gray','Grid Gray','',0),(10,'grid-green','Grid Green','',0),(11,'grid-pink','Grid Pink','',0),(12,'grid-purple','Grid Purple','',0),(13,'grid-red','Grid Red','',0),(14,'kandy-cappuccino','Kandy Cappuccino','',0),(15,'kandy-limeorange','Kandy Limeorange','',0),(16,'kandy-mangoberry','Kandy Mangoberry','',0),(17,'kandy-watermelon','Kandy Watermelon','',0),(18,'musicbox-blue','Musicbox Blue','',0),(19,'musicbox-brown','Musicbox Brown','',0),(20,'musicbox-gray','Musicbox Gray','',0),(21,'musicbox-green','Musicbox Green','',0),(22,'musicbox-pink','Musicbox Pink','',0),(23,'musicbox-purple','Musicbox Purple','',0),(24,'musicbox-red','Musicbox Red','',0),(25,'musicbox-yellow','Musicbox Yellow','',0),(26,'quantum-beige','Quantum Beige','',0),(27,'quantum-blue','Quantum Blue','',0),(28,'quantum-gray','Quantum Gray','',0),(29,'quantum-green','Quantum Green','',0),(30,'quantum-orange','Quantum Orange','',0),(31,'quantum-pink','Quantum Pink','',0),(32,'quantum-purple','Quantum Purple','',0),(33,'quantum-red','Quantum Red','',0),(34,'slipstream','Slipstream','',0),(35,'snowbot','Snowbot','',0),(36,'wazzap2day','Wazzap2day','',1);
/*!40000 ALTER TABLE `engine4_core_themes` ENABLE KEYS */;
UNLOCK TABLES;

--
-- Table structure for table `engine4_invites`
--

DROP TABLE IF EXISTS `engine4_invites`;
/*!40101 SET @saved_cs_client     = @@character_set_client */;
/*!40101 SET character_set_client = utf8 */;
CREATE TABLE `engine4_invites` (
  `id` int(10) unsigned NOT NULL AUTO_INCREMENT,
  `user_id` int(11) unsigned NOT NULL,
  `recipient` varchar(255) COLLATE utf8_unicode_ci NOT NULL,
  `code` varchar(255) CHARACTER SET latin1 COLLATE latin1_general_ci NOT NULL,
  `timestamp` datetime NOT NULL,
  `message` text COLLATE utf8_unicode_ci NOT NULL,
  `new_user_id` int(11) unsigned NOT NULL DEFAULT '0',
  PRIMARY KEY (`id`),
  UNIQUE KEY `code` (`code`),
  KEY `user_id` (`user_id`),
  KEY `recipient` (`recipient`)
) ENGINE=InnoDB DEFAULT CHARSET=utf8 COLLATE=utf8_unicode_ci;
/*!40101 SET character_set_client = @saved_cs_client */;

--
-- Dumping data for table `engine4_invites`
--

LOCK TABLES `engine4_invites` WRITE;
/*!40000 ALTER TABLE `engine4_invites` DISABLE KEYS */;
/*!40000 ALTER TABLE `engine4_invites` ENABLE KEYS */;
UNLOCK TABLES;

--
-- Table structure for table `engine4_messages_conversations`
--

DROP TABLE IF EXISTS `engine4_messages_conversations`;
/*!40101 SET @saved_cs_client     = @@character_set_client */;
/*!40101 SET character_set_client = utf8 */;
CREATE TABLE `engine4_messages_conversations` (
  `conversation_id` int(11) unsigned NOT NULL AUTO_INCREMENT,
  `title` varchar(255) COLLATE utf8_unicode_ci NOT NULL DEFAULT '',
  `user_id` int(11) unsigned NOT NULL,
  `recipients` int(11) unsigned NOT NULL,
  `modified` datetime NOT NULL,
  `locked` tinyint(1) NOT NULL DEFAULT '0',
  `resource_type` varchar(64) CHARACTER SET latin1 COLLATE latin1_general_ci DEFAULT '',
  `resource_id` int(11) unsigned NOT NULL DEFAULT '0',
  PRIMARY KEY (`conversation_id`)
) ENGINE=InnoDB DEFAULT CHARSET=utf8 COLLATE=utf8_unicode_ci;
/*!40101 SET character_set_client = @saved_cs_client */;

--
-- Dumping data for table `engine4_messages_conversations`
--

LOCK TABLES `engine4_messages_conversations` WRITE;
/*!40000 ALTER TABLE `engine4_messages_conversations` DISABLE KEYS */;
/*!40000 ALTER TABLE `engine4_messages_conversations` ENABLE KEYS */;
UNLOCK TABLES;

--
-- Table structure for table `engine4_messages_messages`
--

DROP TABLE IF EXISTS `engine4_messages_messages`;
/*!40101 SET @saved_cs_client     = @@character_set_client */;
/*!40101 SET character_set_client = utf8 */;
CREATE TABLE `engine4_messages_messages` (
  `message_id` int(11) unsigned NOT NULL AUTO_INCREMENT,
  `conversation_id` int(11) unsigned NOT NULL,
  `user_id` int(11) unsigned NOT NULL,
  `title` varchar(255) COLLATE utf8_unicode_ci NOT NULL,
  `body` text COLLATE utf8_unicode_ci NOT NULL,
  `date` datetime NOT NULL,
  `attachment_type` varchar(24) CHARACTER SET latin1 COLLATE latin1_general_ci DEFAULT '',
  `attachment_id` int(11) unsigned NOT NULL DEFAULT '0',
  PRIMARY KEY (`message_id`),
  UNIQUE KEY `CONVERSATIONS` (`conversation_id`,`message_id`)
) ENGINE=InnoDB DEFAULT CHARSET=utf8 COLLATE=utf8_unicode_ci;
/*!40101 SET character_set_client = @saved_cs_client */;

--
-- Dumping data for table `engine4_messages_messages`
--

LOCK TABLES `engine4_messages_messages` WRITE;
/*!40000 ALTER TABLE `engine4_messages_messages` DISABLE KEYS */;
/*!40000 ALTER TABLE `engine4_messages_messages` ENABLE KEYS */;
UNLOCK TABLES;

--
-- Table structure for table `engine4_messages_recipients`
--

DROP TABLE IF EXISTS `engine4_messages_recipients`;
/*!40101 SET @saved_cs_client     = @@character_set_client */;
/*!40101 SET character_set_client = utf8 */;
CREATE TABLE `engine4_messages_recipients` (
  `user_id` int(11) unsigned NOT NULL,
  `conversation_id` int(11) unsigned NOT NULL,
  `inbox_message_id` int(11) unsigned DEFAULT NULL,
  `inbox_updated` datetime DEFAULT NULL,
  `inbox_read` tinyint(1) DEFAULT NULL,
  `inbox_deleted` tinyint(1) DEFAULT NULL,
  `outbox_message_id` int(11) unsigned DEFAULT NULL,
  `outbox_updated` datetime DEFAULT NULL,
  `outbox_deleted` tinyint(1) DEFAULT NULL,
  PRIMARY KEY (`user_id`,`conversation_id`),
  KEY `INBOX_UPDATED` (`user_id`,`conversation_id`,`inbox_updated`),
  KEY `OUTBOX_UPDATED` (`user_id`,`conversation_id`,`outbox_updated`)
) ENGINE=InnoDB DEFAULT CHARSET=utf8 COLLATE=utf8_unicode_ci;
/*!40101 SET character_set_client = @saved_cs_client */;

--
-- Dumping data for table `engine4_messages_recipients`
--

LOCK TABLES `engine4_messages_recipients` WRITE;
/*!40000 ALTER TABLE `engine4_messages_recipients` DISABLE KEYS */;
/*!40000 ALTER TABLE `engine4_messages_recipients` ENABLE KEYS */;
UNLOCK TABLES;

--
-- Table structure for table `engine4_network_membership`
--

DROP TABLE IF EXISTS `engine4_network_membership`;
/*!40101 SET @saved_cs_client     = @@character_set_client */;
/*!40101 SET character_set_client = utf8 */;
CREATE TABLE `engine4_network_membership` (
  `resource_id` int(11) unsigned NOT NULL,
  `user_id` int(11) unsigned NOT NULL,
  `active` tinyint(1) NOT NULL DEFAULT '0',
  `resource_approved` tinyint(1) NOT NULL DEFAULT '0',
  `user_approved` tinyint(1) NOT NULL DEFAULT '0',
  PRIMARY KEY (`resource_id`,`user_id`)
) ENGINE=InnoDB DEFAULT CHARSET=utf8 COLLATE=utf8_unicode_ci;
/*!40101 SET character_set_client = @saved_cs_client */;

--
-- Dumping data for table `engine4_network_membership`
--

LOCK TABLES `engine4_network_membership` WRITE;
/*!40000 ALTER TABLE `engine4_network_membership` DISABLE KEYS */;
/*!40000 ALTER TABLE `engine4_network_membership` ENABLE KEYS */;
UNLOCK TABLES;

--
-- Table structure for table `engine4_network_networks`
--

DROP TABLE IF EXISTS `engine4_network_networks`;
/*!40101 SET @saved_cs_client     = @@character_set_client */;
/*!40101 SET character_set_client = utf8 */;
CREATE TABLE `engine4_network_networks` (
  `network_id` int(11) unsigned NOT NULL AUTO_INCREMENT,
  `title` varchar(255) COLLATE utf8_unicode_ci NOT NULL,
  `description` varchar(255) COLLATE utf8_unicode_ci NOT NULL,
  `field_id` int(11) unsigned NOT NULL DEFAULT '0',
  `pattern` text COLLATE utf8_unicode_ci,
  `member_count` int(11) unsigned NOT NULL DEFAULT '0',
  `hide` tinyint(1) NOT NULL DEFAULT '0',
  `assignment` tinyint(1) NOT NULL DEFAULT '0',
  PRIMARY KEY (`network_id`),
  KEY `assignment` (`assignment`)
) ENGINE=InnoDB AUTO_INCREMENT=8 DEFAULT CHARSET=utf8 COLLATE=utf8_unicode_ci;
/*!40101 SET character_set_client = @saved_cs_client */;

--
-- Dumping data for table `engine4_network_networks`
--

LOCK TABLES `engine4_network_networks` WRITE;
/*!40000 ALTER TABLE `engine4_network_networks` DISABLE KEYS */;
INSERT INTO `engine4_network_networks` VALUES (1,'North America','',0,NULL,0,0,0),(2,'South America','',0,NULL,0,0,0),(3,'Europe','',0,NULL,0,0,0),(4,'Asia','',0,NULL,0,0,0),(5,'Africa','',0,NULL,0,0,0),(6,'Australia','',0,NULL,0,0,0),(7,'Antarctica','',0,NULL,0,0,0);
/*!40000 ALTER TABLE `engine4_network_networks` ENABLE KEYS */;
UNLOCK TABLES;

--
-- Table structure for table `engine4_payment_gateways`
--

DROP TABLE IF EXISTS `engine4_payment_gateways`;
/*!40101 SET @saved_cs_client     = @@character_set_client */;
/*!40101 SET character_set_client = utf8 */;
CREATE TABLE `engine4_payment_gateways` (
  `gateway_id` int(10) unsigned NOT NULL AUTO_INCREMENT,
  `title` varchar(128) COLLATE utf8_unicode_ci NOT NULL,
  `description` text COLLATE utf8_unicode_ci,
  `enabled` tinyint(1) unsigned NOT NULL DEFAULT '0',
  `plugin` varchar(128) CHARACTER SET latin1 COLLATE latin1_general_ci NOT NULL,
  `config` mediumblob,
  `test_mode` tinyint(1) unsigned NOT NULL DEFAULT '0',
  PRIMARY KEY (`gateway_id`),
  KEY `enabled` (`enabled`)
) ENGINE=InnoDB AUTO_INCREMENT=4 DEFAULT CHARSET=utf8 COLLATE=utf8_unicode_ci;
/*!40101 SET character_set_client = @saved_cs_client */;

--
-- Dumping data for table `engine4_payment_gateways`
--

LOCK TABLES `engine4_payment_gateways` WRITE;
/*!40000 ALTER TABLE `engine4_payment_gateways` DISABLE KEYS */;
INSERT INTO `engine4_payment_gateways` VALUES (1,'2Checkout',NULL,0,'Payment_Plugin_Gateway_2Checkout',NULL,0),(2,'PayPal',NULL,0,'Payment_Plugin_Gateway_PayPal',NULL,0),(3,'Testing',NULL,0,'Payment_Plugin_Gateway_Testing',NULL,1);
/*!40000 ALTER TABLE `engine4_payment_gateways` ENABLE KEYS */;
UNLOCK TABLES;

--
-- Table structure for table `engine4_payment_orders`
--

DROP TABLE IF EXISTS `engine4_payment_orders`;
/*!40101 SET @saved_cs_client     = @@character_set_client */;
/*!40101 SET character_set_client = utf8 */;
CREATE TABLE `engine4_payment_orders` (
  `order_id` int(10) unsigned NOT NULL AUTO_INCREMENT,
  `user_id` int(10) unsigned NOT NULL,
  `gateway_id` int(10) unsigned NOT NULL,
  `gateway_order_id` varchar(128) CHARACTER SET latin1 COLLATE latin1_general_ci DEFAULT NULL,
  `gateway_transaction_id` varchar(128) CHARACTER SET latin1 COLLATE latin1_general_ci DEFAULT NULL,
  `state` enum('pending','cancelled','failed','incomplete','complete') CHARACTER SET latin1 COLLATE latin1_general_ci NOT NULL DEFAULT 'pending',
  `creation_date` datetime NOT NULL,
  `source_type` varchar(128) CHARACTER SET latin1 COLLATE latin1_general_ci DEFAULT NULL,
  `source_id` int(10) unsigned DEFAULT NULL,
  PRIMARY KEY (`order_id`),
  KEY `user_id` (`user_id`),
  KEY `gateway_id` (`gateway_id`,`gateway_order_id`),
  KEY `state` (`state`),
  KEY `source_type` (`source_type`,`source_id`)
) ENGINE=InnoDB DEFAULT CHARSET=utf8 COLLATE=utf8_unicode_ci;
/*!40101 SET character_set_client = @saved_cs_client */;

--
-- Dumping data for table `engine4_payment_orders`
--

LOCK TABLES `engine4_payment_orders` WRITE;
/*!40000 ALTER TABLE `engine4_payment_orders` DISABLE KEYS */;
/*!40000 ALTER TABLE `engine4_payment_orders` ENABLE KEYS */;
UNLOCK TABLES;

--
-- Table structure for table `engine4_payment_packages`
--

DROP TABLE IF EXISTS `engine4_payment_packages`;
/*!40101 SET @saved_cs_client     = @@character_set_client */;
/*!40101 SET character_set_client = utf8 */;
CREATE TABLE `engine4_payment_packages` (
  `package_id` int(10) unsigned NOT NULL AUTO_INCREMENT,
  `title` varchar(128) COLLATE utf8_unicode_ci NOT NULL,
  `description` text COLLATE utf8_unicode_ci NOT NULL,
  `level_id` int(10) unsigned NOT NULL,
  `downgrade_level_id` int(10) unsigned NOT NULL DEFAULT '0',
  `price` decimal(16,2) unsigned NOT NULL,
  `recurrence` int(11) unsigned NOT NULL,
  `recurrence_type` enum('day','week','month','year','forever') COLLATE utf8_unicode_ci NOT NULL,
  `duration` int(11) unsigned NOT NULL,
  `duration_type` enum('day','week','month','year','forever') COLLATE utf8_unicode_ci NOT NULL,
  `trial_duration` int(11) unsigned NOT NULL DEFAULT '0',
  `trial_duration_type` enum('day','week','month','year','forever') COLLATE utf8_unicode_ci DEFAULT NULL,
  `enabled` tinyint(1) unsigned NOT NULL DEFAULT '1',
  `signup` tinyint(1) unsigned NOT NULL DEFAULT '1',
  `default` tinyint(1) unsigned NOT NULL DEFAULT '0',
  PRIMARY KEY (`package_id`),
  KEY `level_id` (`level_id`)
) ENGINE=InnoDB DEFAULT CHARSET=utf8 COLLATE=utf8_unicode_ci;
/*!40101 SET character_set_client = @saved_cs_client */;

--
-- Dumping data for table `engine4_payment_packages`
--

LOCK TABLES `engine4_payment_packages` WRITE;
/*!40000 ALTER TABLE `engine4_payment_packages` DISABLE KEYS */;
/*!40000 ALTER TABLE `engine4_payment_packages` ENABLE KEYS */;
UNLOCK TABLES;

--
-- Table structure for table `engine4_payment_products`
--

DROP TABLE IF EXISTS `engine4_payment_products`;
/*!40101 SET @saved_cs_client     = @@character_set_client */;
/*!40101 SET character_set_client = utf8 */;
CREATE TABLE `engine4_payment_products` (
  `product_id` int(10) unsigned NOT NULL AUTO_INCREMENT,
  `extension_type` varchar(64) CHARACTER SET latin1 COLLATE latin1_general_ci DEFAULT NULL,
  `extension_id` int(10) unsigned DEFAULT NULL,
  `sku` bigint(20) unsigned NOT NULL,
  `title` varchar(128) COLLATE utf8_unicode_ci NOT NULL,
  `description` text COLLATE utf8_unicode_ci NOT NULL,
  `price` decimal(16,2) unsigned NOT NULL,
  PRIMARY KEY (`product_id`),
  UNIQUE KEY `sku` (`sku`),
  KEY `extension_type` (`extension_type`,`extension_id`)
) ENGINE=InnoDB DEFAULT CHARSET=utf8 COLLATE=utf8_unicode_ci;
/*!40101 SET character_set_client = @saved_cs_client */;

--
-- Dumping data for table `engine4_payment_products`
--

LOCK TABLES `engine4_payment_products` WRITE;
/*!40000 ALTER TABLE `engine4_payment_products` DISABLE KEYS */;
/*!40000 ALTER TABLE `engine4_payment_products` ENABLE KEYS */;
UNLOCK TABLES;

--
-- Table structure for table `engine4_payment_subscriptions`
--

DROP TABLE IF EXISTS `engine4_payment_subscriptions`;
/*!40101 SET @saved_cs_client     = @@character_set_client */;
/*!40101 SET character_set_client = utf8 */;
CREATE TABLE `engine4_payment_subscriptions` (
  `subscription_id` int(11) unsigned NOT NULL AUTO_INCREMENT,
  `user_id` int(11) unsigned NOT NULL,
  `package_id` int(11) unsigned NOT NULL,
  `status` enum('initial','trial','pending','active','cancelled','expired','overdue','refunded') COLLATE utf8_unicode_ci NOT NULL DEFAULT 'initial',
  `active` tinyint(1) unsigned NOT NULL DEFAULT '0',
  `creation_date` datetime NOT NULL,
  `modified_date` datetime DEFAULT NULL,
  `payment_date` datetime DEFAULT NULL,
  `expiration_date` datetime DEFAULT NULL,
  `notes` text COLLATE utf8_unicode_ci,
  `gateway_id` int(10) unsigned DEFAULT NULL,
  `gateway_profile_id` varchar(128) CHARACTER SET latin1 COLLATE latin1_general_ci DEFAULT NULL,
  PRIMARY KEY (`subscription_id`),
  UNIQUE KEY `gateway_id` (`gateway_id`,`gateway_profile_id`),
  KEY `user_id` (`user_id`),
  KEY `package_id` (`package_id`),
  KEY `status` (`status`),
  KEY `active` (`active`)
) ENGINE=InnoDB DEFAULT CHARSET=utf8 COLLATE=utf8_unicode_ci;
/*!40101 SET character_set_client = @saved_cs_client */;

--
-- Dumping data for table `engine4_payment_subscriptions`
--

LOCK TABLES `engine4_payment_subscriptions` WRITE;
/*!40000 ALTER TABLE `engine4_payment_subscriptions` DISABLE KEYS */;
/*!40000 ALTER TABLE `engine4_payment_subscriptions` ENABLE KEYS */;
UNLOCK TABLES;

--
-- Table structure for table `engine4_payment_transactions`
--

DROP TABLE IF EXISTS `engine4_payment_transactions`;
/*!40101 SET @saved_cs_client     = @@character_set_client */;
/*!40101 SET character_set_client = utf8 */;
CREATE TABLE `engine4_payment_transactions` (
  `transaction_id` int(10) unsigned NOT NULL AUTO_INCREMENT,
  `user_id` int(10) unsigned NOT NULL DEFAULT '0',
  `gateway_id` int(10) unsigned NOT NULL,
  `timestamp` datetime NOT NULL,
  `order_id` int(10) unsigned NOT NULL DEFAULT '0',
  `type` varchar(64) CHARACTER SET latin1 COLLATE latin1_general_ci DEFAULT NULL,
  `state` varchar(64) CHARACTER SET latin1 COLLATE latin1_general_ci DEFAULT NULL,
  `gateway_transaction_id` varchar(128) CHARACTER SET latin1 COLLATE latin1_general_ci NOT NULL,
  `gateway_parent_transaction_id` varchar(128) CHARACTER SET latin1 COLLATE latin1_general_ci DEFAULT NULL,
  `gateway_order_id` varchar(128) CHARACTER SET latin1 COLLATE latin1_general_ci DEFAULT NULL,
  `amount` decimal(16,2) NOT NULL,
  `currency` char(3) CHARACTER SET latin1 COLLATE latin1_general_ci NOT NULL DEFAULT '',
  PRIMARY KEY (`transaction_id`),
  KEY `user_id` (`user_id`),
  KEY `gateway_id` (`gateway_id`),
  KEY `type` (`type`),
  KEY `state` (`state`),
  KEY `gateway_transaction_id` (`gateway_transaction_id`),
  KEY `gateway_parent_transaction_id` (`gateway_parent_transaction_id`)
) ENGINE=InnoDB DEFAULT CHARSET=utf8 COLLATE=utf8_unicode_ci;
/*!40101 SET character_set_client = @saved_cs_client */;

--
-- Dumping data for table `engine4_payment_transactions`
--

LOCK TABLES `engine4_payment_transactions` WRITE;
/*!40000 ALTER TABLE `engine4_payment_transactions` DISABLE KEYS */;
/*!40000 ALTER TABLE `engine4_payment_transactions` ENABLE KEYS */;
UNLOCK TABLES;

--
-- Table structure for table `engine4_storage_chunks`
--

DROP TABLE IF EXISTS `engine4_storage_chunks`;
/*!40101 SET @saved_cs_client     = @@character_set_client */;
/*!40101 SET character_set_client = utf8 */;
CREATE TABLE `engine4_storage_chunks` (
  `chunk_id` bigint(20) unsigned NOT NULL AUTO_INCREMENT,
  `file_id` int(11) unsigned NOT NULL,
  `data` blob NOT NULL,
  PRIMARY KEY (`chunk_id`),
  KEY `file_id` (`file_id`)
) ENGINE=MyISAM DEFAULT CHARSET=utf8 COLLATE=utf8_unicode_ci;
/*!40101 SET character_set_client = @saved_cs_client */;

--
-- Dumping data for table `engine4_storage_chunks`
--

LOCK TABLES `engine4_storage_chunks` WRITE;
/*!40000 ALTER TABLE `engine4_storage_chunks` DISABLE KEYS */;
/*!40000 ALTER TABLE `engine4_storage_chunks` ENABLE KEYS */;
UNLOCK TABLES;

--
-- Table structure for table `engine4_storage_files`
--

DROP TABLE IF EXISTS `engine4_storage_files`;
/*!40101 SET @saved_cs_client     = @@character_set_client */;
/*!40101 SET character_set_client = utf8 */;
CREATE TABLE `engine4_storage_files` (
  `file_id` int(10) unsigned NOT NULL AUTO_INCREMENT,
  `parent_file_id` int(10) unsigned DEFAULT NULL,
  `type` varchar(16) CHARACTER SET latin1 COLLATE latin1_general_ci DEFAULT NULL,
  `parent_type` varchar(32) CHARACTER SET latin1 COLLATE latin1_general_ci DEFAULT NULL,
  `parent_id` int(10) unsigned DEFAULT NULL,
  `user_id` int(10) unsigned DEFAULT NULL,
  `creation_date` datetime NOT NULL,
  `modified_date` datetime NOT NULL,
  `service_id` int(10) unsigned NOT NULL DEFAULT '1',
  `storage_path` varchar(255) COLLATE utf8_unicode_ci NOT NULL,
  `extension` varchar(8) COLLATE utf8_unicode_ci NOT NULL,
  `name` varchar(255) COLLATE utf8_unicode_ci DEFAULT NULL,
  `mime_major` varchar(64) COLLATE utf8_unicode_ci NOT NULL,
  `mime_minor` varchar(64) COLLATE utf8_unicode_ci NOT NULL,
  `size` bigint(20) unsigned NOT NULL,
  `hash` varchar(64) CHARACTER SET latin1 COLLATE latin1_general_ci NOT NULL,
  PRIMARY KEY (`file_id`),
  UNIQUE KEY `parent_file_id` (`parent_file_id`,`type`),
  KEY `PARENT` (`parent_type`,`parent_id`),
  KEY `user_id` (`user_id`),
  KEY `service_id` (`service_id`)
) ENGINE=InnoDB AUTO_INCREMENT=381 DEFAULT CHARSET=utf8 COLLATE=utf8_unicode_ci;
/*!40101 SET character_set_client = @saved_cs_client */;

--
-- Dumping data for table `engine4_storage_files`
--

LOCK TABLES `engine4_storage_files` WRITE;
/*!40000 ALTER TABLE `engine4_storage_files` DISABLE KEYS */;
INSERT INTO `engine4_storage_files` VALUES (1,NULL,NULL,'whmedia_media',1,1,'2012-10-17 07:00:00','2012-10-17 07:00:00',1,'public/whmedia_media/01/0001_c892.jpg','jpg','0001_2be2.jpg','image','jpeg',102145,'5c18c892ff8eb9c3329f7e268b865f0c'),(2,1,'original','whmedia_media',1,1,'2012-10-17 07:00:00','2012-10-17 07:00:00',1,'public/whmedia_media/02/0002_2be2.jpg','jpg','ar123811405263079.jpg','image/jpeg','jpeg',102145,'44b02be2a662d630cdb11e7acbce7f0e'),(3,NULL,NULL,'whmedia_media',2,1,'2012-10-17 07:00:01','2012-10-17 07:00:01',1,'public/whmedia_media/03/0003_97c7.jpg','jpg','autumn2.jpg','image','jpeg',46082,'0c8797c7f2bc0c90698968adcf790d1a'),(4,3,'original','whmedia_media',2,1,'2012-10-17 07:00:01','2012-10-17 07:00:01',1,'public/whmedia_media/04/0004_97c7.jpg','jpg','autumn2.jpg','image/jpeg','jpeg',46082,'0c8797c7f2bc0c90698968adcf790d1a'),(5,NULL,NULL,'whmedia_media',3,1,'2012-10-17 07:00:01','2012-10-17 07:00:01',1,'public/whmedia_media/05/0005_7757.jpg','jpg','garden2.jpg','image','jpeg',190109,'4d8977575d0aa3f2dba3876da1ec687b'),(6,5,'original','whmedia_media',3,1,'2012-10-17 07:00:01','2012-10-17 07:00:01',1,'public/whmedia_media/06/0006_7757.jpg','jpg','garden2.jpg','image/jpeg','jpeg',190109,'4d8977575d0aa3f2dba3876da1ec687b'),(7,NULL,NULL,'whmedia_media',4,1,'2012-10-17 07:00:02','2012-10-17 07:00:02',1,'public/whmedia_media/07/0007_dc90.jpg','jpg','0007_a446.jpg','image','jpeg',69183,'7ad7dc907e1417f7584b6133300fa334'),(8,7,'original','whmedia_media',4,1,'2012-10-17 07:00:02','2012-10-17 07:00:02',1,'public/whmedia_media/08/0008_a446.jpg','jpg','japanese-garden1.jpg','image/jpeg','jpeg',69183,'2e16a4468b3a499399c2caff52e843e9'),(9,NULL,NULL,'whmedia_media',5,1,'2012-10-17 07:00:03','2012-10-17 07:00:03',1,'public/whmedia_media/09/0009_b812.jpg','jpg','toriiJapaneseGardensDSCN1825.jpg','image','jpeg',60242,'0be0b812b0502be1fcb427057bd83081'),(10,9,'original','whmedia_media',5,1,'2012-10-17 07:00:03','2012-10-17 07:00:03',1,'public/whmedia_media/0a/000a_b812.jpg','jpg','toriiJapaneseGardensDSCN1825.jpg','image/jpeg','jpeg',60242,'0be0b812b0502be1fcb427057bd83081'),(11,NULL,NULL,'whmedia_media',6,1,'2012-10-17 07:21:48','2012-10-17 07:21:48',1,'public/whmedia_media/0b/000b_305e.jpg','jpg','harmony-home-decoration-wallpapers_422_36884.jpg','image','jpeg',45539,'5f83305e753e64909a316df055f42606'),(12,11,'original','whmedia_media',6,1,'2012-10-17 07:21:48','2012-10-17 07:21:48',1,'public/whmedia_media/0c/000c_305e.jpg','jpg','harmony-home-decoration-wallpapers_422_36884.jpg','image/jpeg','jpeg',45539,'5f83305e753e64909a316df055f42606'),(13,NULL,NULL,'whmedia_media',7,1,'2012-10-17 07:21:49','2012-10-17 07:21:49',1,'public/whmedia_media/0d/000d_0829.jpg','jpg','Luxury-Home-Decor-Accessories.jpg','image','jpeg',55174,'69070829bf30434fbea4bf4ed585708b'),(14,13,'original','whmedia_media',7,1,'2012-10-17 07:21:49','2012-10-17 07:21:49',1,'public/whmedia_media/0e/000e_0829.jpg','jpg','Luxury-Home-Decor-Accessories.jpg','image/jpeg','jpeg',55174,'69070829bf30434fbea4bf4ed585708b'),(15,NULL,NULL,'whmedia_media',8,1,'2012-10-17 07:21:49','2012-10-17 07:21:49',1,'public/whmedia_media/0f/000f_f9fb.jpg','jpg','Stylish-Glass-Flowers-Decoration-picture-1.jpg','image','jpeg',101574,'1d0df9fb5187c433545cb5238c0f5938'),(16,15,'original','whmedia_media',8,1,'2012-10-17 07:21:49','2012-10-17 07:21:49',1,'public/whmedia_media/10/0010_f9fb.jpg','jpg','Stylish-Glass-Flowers-Decoration-picture-1.jpg','image/jpeg','jpeg',101574,'1d0df9fb5187c433545cb5238c0f5938'),(17,NULL,NULL,'user',2,NULL,'2012-10-17 07:27:22','2012-10-17 07:27:22',1,'public/user/11/0011_3455.jpeg','jpeg','m_j.jpeg','image','jpeg',20118,'b41834555e42a8a7c5038ece8ab3993f'),(18,17,'thumb.profile','user',2,NULL,'2012-10-17 07:27:22','2012-10-17 07:27:22',1,'public/user/12/0012_04fa.jpeg','jpeg','p_j.jpeg','image','jpeg',6458,'120304fa43113652c60011005b9e2e2e'),(19,17,'thumb.normal','user',2,NULL,'2012-10-17 07:27:22','2012-10-17 07:27:22',1,'public/user/13/0013_5e32.jpeg','jpeg','n_j.jpeg','image','jpeg',1316,'43f95e32740f3bcbd303ad0847a9adf7'),(20,17,'thumb.icon','user',2,NULL,'2012-10-17 07:27:22','2012-10-17 07:27:22',1,'public/user/14/0014_f54d.jpeg','jpeg','s_j.jpeg','image','jpeg',1305,'4633f54dc1f59ef5d77b9292385a3705'),(21,NULL,NULL,'whmedia_media',9,2,'2012-10-17 07:30:31','2012-10-17 07:30:31',1,'public/whmedia_media/15/0015_81b1.jpg','jpg','img80m.jpg','image','jpeg',15781,'833c81b10d142b65adea8421cfb3edb4'),(22,21,'original','whmedia_media',9,2,'2012-10-17 07:30:31','2012-10-17 07:30:31',1,'public/whmedia_media/16/0016_81b1.jpg','jpg','img80m.jpg','image/jpeg','jpeg',15781,'833c81b10d142b65adea8421cfb3edb4'),(23,NULL,NULL,'whmedia_media',10,2,'2012-10-17 07:30:46','2012-10-17 07:30:46',1,'public/whmedia_media/17/0017_df14.jpg','jpg','542139_10151280629688083_966243401_n.jpg','image','jpeg',30571,'7d1edf14739312111e27d279d46b0f17'),(24,23,'original','whmedia_media',10,2,'2012-10-17 07:30:46','2012-10-17 07:30:46',1,'public/whmedia_media/18/0018_df14.jpg','jpg','542139_10151280629688083_966243401_n.jpg','image/jpeg','jpeg',30571,'7d1edf14739312111e27d279d46b0f17'),(25,NULL,NULL,'whmedia_media',11,2,'2012-10-17 07:30:57','2012-10-17 07:30:57',1,'public/whmedia_media/19/0019_02d9.jpg','jpg','0019_bacf.jpg','image','jpeg',61434,'3e6402d9345c06b30935c9a1721c7e33'),(26,25,'original','whmedia_media',11,2,'2012-10-17 07:30:57','2012-10-17 07:30:57',1,'public/whmedia_media/1a/001a_bacf.jpg','jpg','timthumb.jpg','image/jpeg','jpeg',61434,'fd3cbacf5c0adfc1b1eca619460fdc59'),(27,NULL,NULL,'whmedia_media',12,2,'2012-10-17 07:33:59','2012-10-17 07:33:59',1,'public/whmedia_media/1b/001b_c5c9.jpg','jpg','001b_6fe0.jpg','image','jpeg',59117,'a7a8c5c94de8f7a4509f7ba215ecfa3b'),(28,27,'original','whmedia_media',12,2,'2012-10-17 07:33:59','2012-10-17 07:33:59',1,'public/whmedia_media/1c/001c_6fe0.jpg','jpg','handmade-wedding-ideas-reception-decor-bunting-banners-vintage-lace__full.jpg','image/jpeg','jpeg',59117,'b2aa6fe05828cd0eb4ea48e096de4a1b'),(29,NULL,NULL,'whmedia_media',13,2,'2012-10-17 07:33:59','2012-10-17 07:33:59',1,'public/whmedia_media/1d/001d_c21e.png','png','001d_c911.png','image','png',444468,'9373c21e51dfee21aa140163c7b79009'),(30,29,'original','whmedia_media',13,2,'2012-10-17 07:33:59','2012-10-17 07:33:59',1,'public/whmedia_media/1e/001e_c911.png','png','lace-wedding-reception-decor-vintage-style-wedding.png','image/png','png',444468,'90a4c911ab6de4f0196f32666e79a52e'),(31,NULL,NULL,'whmedia_media',14,2,'2012-10-17 07:34:00','2012-10-17 07:34:00',1,'public/whmedia_media/1f/001f_2814.png','png','001f_423a.png','image','png',417901,'64e328148df4fbca7f8c1019ca984b04'),(32,31,'original','whmedia_media',14,2,'2012-10-17 07:34:00','2012-10-17 07:34:00',1,'public/whmedia_media/20/0020_423a.png','png','vintage-inspired-wedding-reception-decor-lace-ice-blue-feathers.png','image/png','png',417901,'badb423a0fd16e5ece8cb4846fcc832d'),(33,NULL,NULL,'whmedia_media',15,2,'2012-10-17 07:34:01','2012-10-17 07:34:01',1,'public/whmedia_media/21/0021_449f.jpg','jpg','0021_9b11.jpg','image','jpeg',105682,'2e0d449fbcb4d6b9f14be1977a67bd8d'),(34,33,'original','whmedia_media',15,2,'2012-10-17 07:34:01','2012-10-17 07:34:01',1,'public/whmedia_media/22/0022_9b11.jpg','jpg','vintage-wedding-rentals-reception-decor-details.jpg','image/jpeg','jpeg',105682,'76369b11d04b689f095d33f9d5e6b017'),(35,NULL,NULL,'user',3,NULL,'2012-10-17 08:18:13','2012-10-17 08:18:13',1,'public/user/23/0023_f1d7.jpg','jpg','m_oboimira.jpg','image','jpeg',18065,'2eebf1d7e9a0c42afe36c33282302614'),(36,35,'thumb.profile','user',3,NULL,'2012-10-17 08:18:13','2012-10-17 08:18:13',1,'public/user/24/0024_d765.jpg','jpg','p_oboimira.jpg','image','jpeg',4713,'5d2cd765afa877bf80d319282b0fd952'),(37,35,'thumb.normal','user',3,NULL,'2012-10-17 08:18:13','2012-10-17 08:18:13',1,'public/user/25/0025_6f30.jpg','jpg','n_oboimira.jpg','image','jpeg',1145,'2b136f305973a0eefdd98eb5136bc6f8'),(38,35,'thumb.icon','user',3,NULL,'2012-10-17 08:18:13','2012-10-17 08:18:13',1,'public/user/26/0026_ce6b.jpg','jpg','s_oboimira.jpg','image','jpeg',1375,'b634ce6bb5fc2a76cb39da5cdb5f26d0'),(39,NULL,NULL,'whmedia_media',16,3,'2012-10-17 08:19:20','2012-10-17 08:19:20',1,'public/whmedia_media/27/0027_f32f.jpg','jpg','6-Ways-To-Decorate-With-Rocks_07.jpg','image','jpeg',34140,'49dbf32fa9a42dd3bcea7e10e3577937'),(40,39,'original','whmedia_media',16,3,'2012-10-17 08:19:20','2012-10-17 08:19:20',1,'public/whmedia_media/28/0028_f32f.jpg','jpg','6-Ways-To-Decorate-With-Rocks_07.jpg','image/jpeg','jpeg',34140,'49dbf32fa9a42dd3bcea7e10e3577937'),(41,NULL,NULL,'whmedia_media',17,3,'2012-10-17 08:19:21','2012-10-17 08:19:21',1,'public/whmedia_media/29/0029_8bcf.jpg','jpg','561851_10151217549591970_824957083_n.jpg','image','jpeg',64278,'a02e8bcfe4ca35474510d41b96155d46'),(42,41,'original','whmedia_media',17,3,'2012-10-17 08:19:21','2012-10-17 08:19:21',1,'public/whmedia_media/2a/002a_8bcf.jpg','jpg','561851_10151217549591970_824957083_n.jpg','image/jpeg','jpeg',64278,'a02e8bcfe4ca35474510d41b96155d46'),(45,NULL,NULL,'whmedia_media',19,3,'2012-10-17 08:19:22','2012-10-17 08:19:22',1,'public/whmedia_media/2d/002d_eecd.jpg','jpg','002d_5cae.jpg','image','jpeg',202718,'b71aeecdd58319d053cb5120a2c84f6b'),(46,45,'original','whmedia_media',19,3,'2012-10-17 08:19:22','2012-10-17 08:19:22',1,'public/whmedia_media/2e/002e_5cae.jpg','jpg','IMG_0115-1024x768.jpg','image/jpeg','jpeg',202718,'36975caedebcb09842ddb828bff2c2af'),(47,NULL,NULL,'whmedia_media',20,1,'2012-10-17 11:33:32','2012-10-17 11:33:32',1,'public/whmedia_media/2f/002f_ddd0.jpg','jpg','002f_0355.jpg','image','jpeg',33215,'a8dcddd0f23cd35e07778e6f3b216650'),(48,47,'original','whmedia_media',20,1,'2012-10-17 11:33:32','2012-10-17 11:33:32',1,'public/whmedia_media/30/0030_0355.jpg','jpg','3081_168940075511_155168780511_6722869_1111029_n.jpg','image/jpeg','jpeg',33215,'aec7035517a0328f422f48a5b308d8b3'),(49,NULL,NULL,'whmedia_media',21,1,'2012-10-17 11:34:06','2012-10-17 11:34:06',1,'public/whmedia_media/31/0031_b22e.jpg','jpg','0031_e7c8.jpg','image','jpeg',37146,'753cb22e0a20ca6845f69f55866f6710'),(50,49,'original','whmedia_media',21,1,'2012-10-17 11:34:06','2012-10-17 11:34:06',1,'public/whmedia_media/32/0032_e7c8.jpg','jpg','3081_168912410511_155168780511_6722022_1628849_n.jpg','image/jpeg','jpeg',37146,'c5b7e7c885aabca81ddd98c713dc63d1'),(51,NULL,NULL,'whmedia_media',22,1,'2012-10-17 11:34:41','2012-10-17 11:34:41',1,'public/whmedia_media/33/0033_377d.jpg','jpg','0033_3f5b.jpg','image','jpeg',43696,'7928377d0eced07ed009ec0f7d29629d'),(52,51,'original','whmedia_media',22,1,'2012-10-17 11:34:41','2012-10-17 11:34:41',1,'public/whmedia_media/34/0034_3f5b.jpg','jpg','school_gallery_2.jpg','image/jpeg','jpeg',43696,'43d03f5b74d363423758523b77e74fde'),(53,NULL,NULL,'whmedia_media',23,1,'2012-10-17 11:35:10','2012-10-17 11:35:10',1,'public/whmedia_media/35/0035_dfbe.jpg','jpg','0035_abe6.jpg','image','jpeg',42717,'cd4bdfbe73e4d0ce00c190ef9e80f8e3'),(54,53,'original','whmedia_media',23,1,'2012-10-17 11:35:10','2012-10-17 11:35:10',1,'public/whmedia_media/36/0036_abe6.jpg','jpg','3081_168912450511_155168780511_6722029_7267452_n.jpg','image/jpeg','jpeg',42717,'0bcfabe6456e3b5b2564de785d797088'),(55,NULL,NULL,'whmedia_media',24,1,'2012-10-17 11:35:39','2012-10-17 11:35:39',1,'public/whmedia_media/37/0037_ed34.jpg','jpg','0037_b4ac.jpg','image','jpeg',42032,'c0f1ed344b543219778a4df4176051a8'),(56,55,'original','whmedia_media',24,1,'2012-10-17 11:35:39','2012-10-17 11:35:39',1,'public/whmedia_media/38/0038_b4ac.jpg','jpg','4896_205671330511_155168780511_7583886_6932651_n.jpg','image/jpeg','jpeg',42032,'ded7b4ac9113915f81e00986a4841bc5'),(57,NULL,NULL,'whmedia_media',25,1,'2012-10-17 11:36:20','2012-10-17 11:36:20',1,'public/whmedia_media/39/0039_c9cc.jpg','jpg','0039_bc19.jpg','image','jpeg',92811,'83a2c9ccba891e0f3ae986f3f26ed533'),(58,57,'original','whmedia_media',25,1,'2012-10-17 11:36:20','2012-10-17 11:36:20',1,'public/whmedia_media/3a/003a_bc19.jpg','jpg','home_ideapaint_4.jpg','image/jpeg','jpeg',92811,'ce6fbc19922720988d00977012ffc686'),(59,NULL,NULL,'whmedia_media',26,1,'2012-10-17 11:38:14','2012-10-17 11:38:14',1,'public/whmedia_media/3b/003b_0909.jpg','jpg','003b_f84b.jpg','image','jpeg',71151,'4c04090959f3bfe0f51ed9df4c815185'),(60,59,'original','whmedia_media',26,1,'2012-10-17 11:38:14','2012-10-17 11:38:14',1,'public/whmedia_media/3c/003c_f84b.jpg','jpg','work_ip_2.jpg','image/jpeg','jpeg',71151,'38a6f84b970ab662c249d12eda8b334e'),(61,NULL,NULL,'whmedia_media',27,1,'2012-10-17 11:39:35','2012-10-17 11:39:35',1,'public/whmedia_media/3d/003d_9851.JPG','JPG','003d_421b.JPG','image','jpeg',27103,'52c49851bd964b87c187815193b91ebf'),(62,61,'original','whmedia_media',27,1,'2012-10-17 11:39:35','2012-10-17 11:39:35',1,'public/whmedia_media/3e/003e_421b.JPG','JPG','DSC_0121.JPG','image/jpeg','jpeg',27103,'76fa421bb935d319fd23df801bed78bf'),(63,NULL,NULL,'whmedia_media',28,1,'2012-10-17 11:40:12','2012-10-17 11:40:12',1,'public/whmedia_media/3f/003f_1822.JPG','JPG','003f_3030.JPG','image','jpeg',29529,'1cef1822d8d278d466d9f84ad82ca7a2'),(64,63,'original','whmedia_media',28,1,'2012-10-17 11:40:12','2012-10-17 11:40:12',1,'public/whmedia_media/40/0040_3030.JPG','JPG','DSC_0136.JPG','image/jpeg','jpeg',29529,'df3d30300e8e739952f5b8d257bf0df8'),(65,NULL,'thumb.etalon','whmedia_media',29,1,'2012-10-17 11:41:26','2012-10-17 11:41:26',1,'public/whmedia_media/41/0041_b8c5.jpg','jpg','link_thumb_02a30aca35830dd07f08d77156f68a20.jpg','image','jpeg',82432,'f305b8c5db8505ef842bd0218a715dc8'),(66,NULL,NULL,'whmedia_media',30,1,'2012-10-17 13:24:37','2012-10-17 13:24:37',1,'public/whmedia_media/42/0042_dd6e.JPG','JPG','0042_466e.JPG','image','jpeg',37411,'6b70dd6ec0054a64d6143614f79f7ba7'),(67,66,'original','whmedia_media',30,1,'2012-10-17 13:24:37','2012-10-17 13:24:37',1,'public/whmedia_media/43/0043_466e.JPG','JPG','DSC_0209.JPG','image/jpeg','jpeg',37411,'c481466e0b8f5c28d945a166d22f0a1a'),(68,NULL,NULL,'whmedia_media',31,1,'2012-10-17 13:25:03','2012-10-17 13:25:03',1,'public/whmedia_media/44/0044_d589.JPG','JPG','0044_19f9.JPG','image','jpeg',38605,'e42dd5893be76b6a9c6f59b75f48c27b'),(69,68,'original','whmedia_media',31,1,'2012-10-17 13:25:03','2012-10-17 13:25:03',1,'public/whmedia_media/45/0045_19f9.JPG','JPG','DSC_0159.JPG','image/jpeg','jpeg',38605,'911519f968036d5f0203ca9bb33b1496'),(70,NULL,NULL,'whmedia_media',32,1,'2012-10-17 13:25:33','2012-10-17 13:25:33',1,'public/whmedia_media/46/0046_550b.JPG','JPG','0046_b7d0.JPG','image','jpeg',47151,'92bd550bf7286abf53537291071b074f'),(71,70,'original','whmedia_media',32,1,'2012-10-17 13:25:33','2012-10-17 13:25:33',1,'public/whmedia_media/47/0047_b7d0.JPG','JPG','DSC_0151.JPG','image/jpeg','jpeg',47151,'e7d8b7d0c073095f82df983385321652'),(72,NULL,NULL,'whmedia_media',33,1,'2012-10-17 13:26:05','2012-10-17 13:26:05',1,'public/whmedia_media/48/0048_5ef4.JPG','JPG','0048_5c33.JPG','image','jpeg',64398,'508f5ef438de96a135e18bcca0a17289'),(73,72,'original','whmedia_media',33,1,'2012-10-17 13:26:05','2012-10-17 13:26:05',1,'public/whmedia_media/49/0049_5c33.JPG','JPG','DSC_0239.JPG','image/jpeg','jpeg',64398,'f37d5c3335fcdb54ee2f1969cdf4f0ec'),(74,NULL,NULL,'whmedia_media',34,1,'2012-10-17 13:39:02','2012-10-17 13:39:02',1,'public/whmedia_media/4a/004a_eebc.JPG','JPG','004a_de80.JPG','image','jpeg',24255,'a2e4eebc78e761f975123568b459aad3'),(75,74,'original','whmedia_media',34,1,'2012-10-17 13:39:02','2012-10-17 13:39:02',1,'public/whmedia_media/4b/004b_de80.JPG','JPG','DSC_0122.JPG','image/jpeg','jpeg',24255,'7a34de80c801b3d70debd2ceba226a1f'),(76,NULL,NULL,'whmedia_media',35,1,'2012-10-17 13:39:31','2012-10-17 13:39:31',1,'public/whmedia_media/4c/004c_9851.JPG','JPG','004c_421b.JPG','image','jpeg',27103,'52c49851bd964b87c187815193b91ebf'),(77,76,'original','whmedia_media',35,1,'2012-10-17 13:39:31','2012-10-17 13:39:31',1,'public/whmedia_media/4d/004d_421b.JPG','JPG','DSC_0121.JPG','image/jpeg','jpeg',27103,'76fa421bb935d319fd23df801bed78bf'),(80,NULL,NULL,'whmedia_media',37,1,'2012-10-17 13:42:07','2012-10-17 13:42:07',1,'public/whmedia_media/50/0050_7a46.JPG','JPG','0050_8675.JPG','image','jpeg',29611,'43d97a4685096553c3d815ca6afc8a8f'),(81,80,'original','whmedia_media',37,1,'2012-10-17 13:42:07','2012-10-17 13:42:07',1,'public/whmedia_media/51/0051_8675.JPG','JPG','DSC_0208.JPG','image/jpeg','jpeg',29611,'a4458675416796b05103eb6a977f1c34'),(82,NULL,NULL,'whmedia_media',38,1,'2012-10-17 13:42:23','2012-10-17 13:42:23',1,'public/whmedia_media/52/0052_9d1b.JPG','JPG','0052_f4d6.JPG','image','jpeg',86634,'33969d1b41e141455d3ac3d3911c51cd'),(83,82,'original','whmedia_media',38,1,'2012-10-17 13:42:23','2012-10-17 13:42:23',1,'public/whmedia_media/53/0053_f4d6.JPG','JPG','DSC_0173.JPG','image/jpeg','jpeg',86634,'8404f4d6a3d064a5b5b88d98448f0c9a'),(84,NULL,NULL,'whmedia_media',39,1,'2012-10-17 13:42:35','2012-10-17 13:42:35',1,'public/whmedia_media/54/0054_dd6e.JPG','JPG','0054_466e.JPG','image','jpeg',37411,'6b70dd6ec0054a64d6143614f79f7ba7'),(85,84,'original','whmedia_media',39,1,'2012-10-17 13:42:35','2012-10-17 13:42:35',1,'public/whmedia_media/55/0055_466e.JPG','JPG','DSC_0209.JPG','image/jpeg','jpeg',37411,'c481466e0b8f5c28d945a166d22f0a1a'),(86,NULL,NULL,'whmedia_media',40,1,'2012-10-17 13:42:44','2012-10-17 13:42:44',1,'public/whmedia_media/56/0056_1f0d.JPG','JPG','0056_a99a.JPG','image','jpeg',32969,'3a571f0d45c801a3d0e85a32822a1f19'),(87,86,'original','whmedia_media',40,1,'2012-10-17 13:42:44','2012-10-17 13:42:44',1,'public/whmedia_media/57/0057_a99a.JPG','JPG','DSC_0238.JPG','image/jpeg','jpeg',32969,'92eea99a96df96d97edd2a7010b7be84'),(88,NULL,NULL,'whmedia_media',41,1,'2012-10-17 13:42:54','2012-10-17 13:42:54',1,'public/whmedia_media/58/0058_6ec6.JPG','JPG','0058_7d60.JPG','image','jpeg',36003,'dbde6ec6dee9905685bfa78010152c42'),(89,88,'original','whmedia_media',41,1,'2012-10-17 13:42:54','2012-10-17 13:42:54',1,'public/whmedia_media/59/0059_7d60.JPG','JPG','DSC_0161.JPG','image/jpeg','jpeg',36003,'fad47d60250b74a1a905395244383ccf'),(90,NULL,NULL,'whmedia_media',42,1,'2012-10-17 13:43:04','2012-10-17 13:43:04',1,'public/whmedia_media/5a/005a_ae0c.JPG','JPG','005a_9f63.JPG','image','jpeg',40135,'5acdae0cb868c2d48821d59d1b4cb94a'),(91,90,'original','whmedia_media',42,1,'2012-10-17 13:43:04','2012-10-17 13:43:04',1,'public/whmedia_media/5b/005b_9f63.JPG','JPG','DSC_0156.JPG','image/jpeg','jpeg',40135,'8c7a9f639bd8113997af0bebfc729013'),(94,NULL,NULL,'whmedia_media',44,1,'2012-10-17 13:43:37','2012-10-17 13:43:37',1,'public/whmedia_media/5e/005e_fc26.jpg','jpg','005e_8cad.jpg','image','jpeg',24337,'1c81fc26f18d12ed405f99173750a813'),(95,94,'original','whmedia_media',44,1,'2012-10-17 13:43:37','2012-10-17 13:43:37',1,'public/whmedia_media/5f/005f_8cad.jpg','jpg','3081_168912420511_155168780511_6722024_7021169_n.jpg','image/jpeg','jpeg',24337,'d24d8cad8c355eceb1a699908fd08255'),(96,NULL,NULL,'whmedia_media',45,1,'2012-10-17 13:43:47','2012-10-17 13:43:47',1,'public/whmedia_media/60/0060_f913.jpg','jpg','0060_c0f8.jpg','image','jpeg',28313,'7105f9134a7ac51d5efafb98634fefdb'),(97,96,'original','whmedia_media',45,1,'2012-10-17 13:43:47','2012-10-17 13:43:47',1,'public/whmedia_media/61/0061_c0f8.jpg','jpg','school_gallery_6.jpg','image/jpeg','jpeg',28313,'18edc0f8227cc362dd8523be25cac896'),(98,NULL,NULL,'whmedia_media',46,1,'2012-10-17 13:43:56','2012-10-17 13:43:56',1,'public/whmedia_media/62/0062_2806.jpg','jpg','0062_d31d.jpg','image','jpeg',32614,'a97d28068b66cb02c91f8cf6ae753bee'),(99,98,'original','whmedia_media',46,1,'2012-10-17 13:43:56','2012-10-17 13:43:56',1,'public/whmedia_media/63/0063_d31d.jpg','jpg','3081_168940095511_155168780511_6722873_7245196_n.jpg','image/jpeg','jpeg',32614,'8c41d31de0386a9c8bc8d4b377eaa667'),(100,NULL,NULL,'whmedia_media',47,1,'2012-10-17 13:44:07','2012-10-17 13:44:07',1,'public/whmedia_media/64/0064_ddd0.jpg','jpg','0064_0355.jpg','image','jpeg',33215,'a8dcddd0f23cd35e07778e6f3b216650'),(101,100,'original','whmedia_media',47,1,'2012-10-17 13:44:07','2012-10-17 13:44:07',1,'public/whmedia_media/65/0065_0355.jpg','jpg','3081_168940075511_155168780511_6722869_1111029_n.jpg','image/jpeg','jpeg',33215,'aec7035517a0328f422f48a5b308d8b3'),(102,NULL,NULL,'whmedia_media',48,1,'2012-10-17 13:44:15','2012-10-17 13:44:15',1,'public/whmedia_media/66/0066_dfbe.jpg','jpg','0066_abe6.jpg','image','jpeg',42717,'cd4bdfbe73e4d0ce00c190ef9e80f8e3'),(103,102,'original','whmedia_media',48,1,'2012-10-17 13:44:15','2012-10-17 13:44:15',1,'public/whmedia_media/67/0067_abe6.jpg','jpg','3081_168912450511_155168780511_6722029_7267452_n.jpg','image/jpeg','jpeg',42717,'0bcfabe6456e3b5b2564de785d797088'),(104,NULL,NULL,'whmedia_media',49,1,'2012-10-17 13:48:04','2012-10-17 13:48:04',1,'public/whmedia_media/68/0068_b22e.jpg','jpg','0068_e7c8.jpg','image','jpeg',37146,'753cb22e0a20ca6845f69f55866f6710'),(105,104,'original','whmedia_media',49,1,'2012-10-17 13:48:04','2012-10-17 13:48:04',1,'public/whmedia_media/69/0069_e7c8.jpg','jpg','3081_168912410511_155168780511_6722022_1628849_n.jpg','image/jpeg','jpeg',37146,'c5b7e7c885aabca81ddd98c713dc63d1'),(106,NULL,NULL,'whmedia_media',50,1,'2012-10-17 13:48:16','2012-10-17 13:48:16',1,'public/whmedia_media/6a/006a_ed34.jpg','jpg','006a_b4ac.jpg','image','jpeg',42032,'c0f1ed344b543219778a4df4176051a8'),(107,106,'original','whmedia_media',50,1,'2012-10-17 13:48:16','2012-10-17 13:48:16',1,'public/whmedia_media/6b/006b_b4ac.jpg','jpg','4896_205671330511_155168780511_7583886_6932651_n.jpg','image/jpeg','jpeg',42032,'ded7b4ac9113915f81e00986a4841bc5'),(108,NULL,NULL,'whmedia_media',51,1,'2012-10-17 13:48:27','2012-10-17 13:48:27',1,'public/whmedia_media/6c/006c_6f07.jpg','jpg','006c_0877.jpg','image','jpeg',47307,'a1f16f07368e2de86508d8b9b0e9e8b9'),(109,108,'original','whmedia_media',51,1,'2012-10-17 13:48:27','2012-10-17 13:48:27',1,'public/whmedia_media/6d/006d_0877.jpg','jpg','work_gallery_4.jpg','image/jpeg','jpeg',47307,'936d0877253982247414b87ab0e03d4f'),(110,NULL,NULL,'whmedia_media',52,1,'2012-10-17 13:48:39','2012-10-17 13:48:39',1,'public/whmedia_media/6e/006e_5cf2.jpg','jpg','6260_210500025511_155168780511_7724659_8216403_n.jpg','image','jpeg',47363,'f9bd5cf231d634226f781ac9b2ae7015'),(111,110,'original','whmedia_media',52,1,'2012-10-17 13:48:39','2012-10-17 13:48:39',1,'public/whmedia_media/6f/006f_5cf2.jpg','jpg','6260_210500025511_155168780511_7724659_8216403_n.jpg','image/jpeg','jpeg',47363,'f9bd5cf231d634226f781ac9b2ae7015'),(112,NULL,NULL,'whmedia_media',53,1,'2012-10-17 13:48:51','2012-10-17 13:48:51',1,'public/whmedia_media/70/0070_fdac.jpg','jpg','0070_a17b.jpg','image','jpeg',48009,'f5e1fdac2fefe4adc911f68ed3fff7be'),(113,112,'original','whmedia_media',53,1,'2012-10-17 13:48:51','2012-10-17 13:48:51',1,'public/whmedia_media/71/0071_a17b.jpg','jpg','4896_205671535511_155168780511_7583923_5850017_n.jpg','image/jpeg','jpeg',48009,'c0aba17b645cd14c9380b74df8f7c953'),(114,NULL,NULL,'whmedia_media',54,1,'2012-10-17 13:49:02','2012-10-17 13:49:02',1,'public/whmedia_media/72/0072_9189.jpg','jpg','0072_dd8a.jpg','image','jpeg',68618,'288d918948ba83386bf315d989c98910'),(115,114,'original','whmedia_media',54,1,'2012-10-17 13:49:02','2012-10-17 13:49:02',1,'public/whmedia_media/73/0073_dd8a.jpg','jpg','home_ideapaint_3.jpg','image/jpeg','jpeg',68618,'31a1dd8a0f43bacbf45f6cb6cffbaa93'),(116,NULL,NULL,'whmedia_media',55,1,'2012-10-17 13:49:19','2012-10-17 13:49:19',1,'public/whmedia_media/74/0074_5ea2.jpg','jpg','0074_4c50.jpg','image','jpeg',71404,'898b5ea21b5ccc904ff1249b4298384a'),(117,116,'original','whmedia_media',55,1,'2012-10-17 13:49:19','2012-10-17 13:49:19',1,'public/whmedia_media/75/0075_4c50.jpg','jpg','school_ip_1.jpg','image/jpeg','jpeg',71404,'dedf4c503e36586cc2fab7abfebdfb9f'),(118,NULL,NULL,'whmedia_media',56,1,'2012-10-17 13:52:49','2012-10-17 13:52:49',1,'public/whmedia_media/76/0076_fa67.jpg','jpg','0076_6cc2.jpg','image','jpeg',33779,'e19cfa67d3de307254d1e1adff262ef2'),(119,118,'original','whmedia_media',56,1,'2012-10-17 13:52:49','2012-10-17 13:52:49',1,'public/whmedia_media/77/0077_6cc2.jpg','jpg','4896_205671135511_155168780511_7583851_7011681_n.jpg','image/jpeg','jpeg',33779,'d62b6cc25eb4c84de503c0b5931b938b'),(120,NULL,NULL,'whmedia_media',57,1,'2012-10-17 13:53:01','2012-10-17 13:53:01',1,'public/whmedia_media/78/0078_35d7.jpg','jpg','0078_9c6e.jpg','image','jpeg',71329,'58bb35d7cd078b70b2cbfd996d4afdc3'),(121,120,'original','whmedia_media',57,1,'2012-10-17 13:53:01','2012-10-17 13:53:01',1,'public/whmedia_media/79/0079_9c6e.jpg','jpg','work_ip_3.jpg','image/jpeg','jpeg',71329,'0be39c6e97cef87c42b4b2cf6edb625a'),(122,NULL,NULL,'whmedia_media',58,1,'2012-10-17 13:53:14','2012-10-17 13:53:14',1,'public/whmedia_media/7a/007a_a15c.jpg','jpg','007a_46b5.jpg','image','jpeg',48921,'517ca15c8ad8458d4943aaab798a5fe5'),(123,122,'original','whmedia_media',58,1,'2012-10-17 13:53:14','2012-10-17 13:53:14',1,'public/whmedia_media/7b/007b_46b5.jpg','jpg','4896_205671315511_155168780511_7583883_5191565_n.jpg','image/jpeg','jpeg',48921,'882246b5d72a4895e6426583026e287d'),(124,NULL,NULL,'whmedia_media',59,1,'2012-10-17 13:53:32','2012-10-17 13:53:32',1,'public/whmedia_media/7c/007c_2d88.jpg','jpg','007c_7085.jpg','image','jpeg',217959,'6c522d88a31635c63c3761c480d20bf4'),(125,124,'original','whmedia_media',59,1,'2012-10-17 13:53:32','2012-10-17 13:53:32',1,'public/whmedia_media/7d/007d_7085.jpg','jpg','08521ea19b46c5b0f71bc9edd5a.jpg','image/jpeg','jpeg',217959,'c10f708521ea19b46c5b0f71bc9edd5a'),(126,NULL,NULL,'whmedia_media',60,1,'2012-10-17 13:53:42','2012-10-17 13:53:42',1,'public/whmedia_media/7e/007e_643c.jpg','jpg','007e_c500.jpg','image','jpeg',309789,'ffba643ca3d1dbaf23d0e7793e45a992'),(127,126,'original','whmedia_media',60,1,'2012-10-17 13:53:42','2012-10-17 13:53:42',1,'public/whmedia_media/7f/007f_c500.jpg','jpg','5001db4f73c5f4a678feb01de90.jpg','image/jpeg','jpeg',309789,'9b43c5001db4f73c5f4a678feb01de90'),(128,NULL,NULL,'user',1,1,'2012-10-18 12:01:23','2012-10-18 12:01:23',1,'public/user/80/0080_3e4a.png','png','avatar_63_m.png','image','png',24488,'2eee3e4a77beeedc63516c6da177e3da'),(129,128,'thumb.profile','user',1,1,'2012-10-18 12:01:23','2012-10-18 12:01:23',1,'public/user/81/0081_3e4a.png','png','avatar_63_p.png','image','png',24488,'2eee3e4a77beeedc63516c6da177e3da'),(130,128,'thumb.normal','user',1,1,'2012-10-18 12:01:23','2012-10-18 12:01:23',1,'public/user/82/0082_f57b.png','png','avatar_63_in.png','image','png',15348,'0b93f57b157b469400f0e1f05be8d1b1'),(131,128,'thumb.icon','user',1,1,'2012-10-18 12:01:23','2012-10-18 12:01:23',1,'public/user/83/0083_9b7c.png','png','avatar_63_is.png','image','png',2912,'a0ac9b7c8d9b7e2ff49c14e201e66915'),(132,NULL,NULL,'whmedia_media',61,2,'2012-10-19 07:26:07','2012-10-19 07:26:07',1,'public/whmedia_media/84/0084_1a42.jpg','jpg','5f7039b1bb628805481cb58560a1208b.jpg','image','jpeg',32710,'7dfe1a42a44ed45f9f2fc7b2386767bd'),(133,132,'original','whmedia_media',61,2,'2012-10-19 07:26:07','2012-10-19 07:26:07',1,'public/whmedia_media/85/0085_1a42.jpg','jpg','5f7039b1bb628805481cb58560a1208b.jpg','image/jpeg','jpeg',32710,'7dfe1a42a44ed45f9f2fc7b2386767bd'),(134,NULL,NULL,'whmedia_media',62,2,'2012-10-19 07:26:08','2012-10-19 07:26:08',1,'public/whmedia_media/86/0086_aaa2.jpg','jpg','460_src.jpg','image','jpeg',26216,'0b3daaa2f9e9b5f4cf22c7dd1686bfee'),(135,134,'original','whmedia_media',62,2,'2012-10-19 07:26:08','2012-10-19 07:26:08',1,'public/whmedia_media/87/0087_aaa2.jpg','jpg','460_src.jpg','image/jpeg','jpeg',26216,'0b3daaa2f9e9b5f4cf22c7dd1686bfee'),(136,NULL,NULL,'whmedia_media',63,2,'2012-10-19 07:26:08','2012-10-19 07:26:08',1,'public/whmedia_media/88/0088_71b0.jpg','jpg','1256011443_2757.jpg','image','jpeg',30189,'3daa71b037ab8f6a31b607a394202e7b'),(137,136,'original','whmedia_media',63,2,'2012-10-19 07:26:08','2012-10-19 07:26:08',1,'public/whmedia_media/89/0089_71b0.jpg','jpg','1256011443_2757.jpg','image/jpeg','jpeg',30189,'3daa71b037ab8f6a31b607a394202e7b'),(140,NULL,NULL,'whmedia_media',65,2,'2012-10-19 07:26:09','2012-10-19 07:26:09',1,'public/whmedia_media/8c/008c_eeb8.jpg','jpg','marylin21.jpg','image','jpeg',28104,'72e5eeb837ad2105f27510720d3ce8f7'),(141,140,'original','whmedia_media',65,2,'2012-10-19 07:26:10','2012-10-19 07:26:10',1,'public/whmedia_media/8d/008d_eeb8.jpg','jpg','marylin21.jpg','image/jpeg','jpeg',28104,'72e5eeb837ad2105f27510720d3ce8f7'),(142,NULL,NULL,'whmedia_media',66,2,'2012-10-19 07:26:10','2012-10-19 07:26:10',1,'public/whmedia_media/8e/008e_1729.jpg','jpg','monroe_200710030403460.jpg','image','jpeg',14332,'f4331729f9fca061ce668622a4c3e405'),(143,142,'original','whmedia_media',66,2,'2012-10-19 07:26:10','2012-10-19 07:26:10',1,'public/whmedia_media/8f/008f_1729.jpg','jpg','monroe_200710030403460.jpg','image/jpeg','jpeg',14332,'f4331729f9fca061ce668622a4c3e405'),(144,NULL,NULL,'whmedia_media',67,2,'2012-10-19 07:27:33','2012-10-19 07:27:33',1,'public/whmedia_media/90/0090_c408.jpg','jpg','8602655_21378218_Sherree_Valentine_Daines.jpg','image','jpeg',56552,'6623c40817076321cca41ea97d43dd75'),(145,144,'original','whmedia_media',67,2,'2012-10-19 07:27:33','2012-10-19 07:27:33',1,'public/whmedia_media/91/0091_c408.jpg','jpg','8602655_21378218_Sherree_Valentine_Daines.jpg','image/jpeg','jpeg',56552,'6623c40817076321cca41ea97d43dd75'),(146,NULL,NULL,'whmedia_media',68,2,'2012-10-19 07:27:34','2012-10-19 07:27:34',1,'public/whmedia_media/92/0092_d61f.jpg','jpg','8602793_21377946_Regatta_Afternoon.jpg','image','jpeg',58335,'c3dad61fb7cce0b9a08c49072f2b1dfa'),(147,146,'original','whmedia_media',68,2,'2012-10-19 07:27:34','2012-10-19 07:27:34',1,'public/whmedia_media/93/0093_d61f.jpg','jpg','8602793_21377946_Regatta_Afternoon.jpg','image/jpeg','jpeg',58335,'c3dad61fb7cce0b9a08c49072f2b1dfa'),(148,NULL,NULL,'whmedia_media',69,2,'2012-10-19 07:27:34','2012-10-19 07:27:34',1,'public/whmedia_media/94/0094_fc96.jpg','jpg','21377282_Caf_233_de_Paris.jpg','image','jpeg',91277,'c0bdfc96e8ef4e86f42451acf0aec5c4'),(149,148,'original','whmedia_media',69,2,'2012-10-19 07:27:34','2012-10-19 07:27:34',1,'public/whmedia_media/95/0095_fc96.jpg','jpg','21377282_Caf_233_de_Paris.jpg','image/jpeg','jpeg',91277,'c0bdfc96e8ef4e86f42451acf0aec5c4'),(150,NULL,NULL,'whmedia_media',70,2,'2012-10-19 07:31:47','2012-10-19 07:31:47',1,'public/whmedia_media/96/0096_1e4a.jpg','jpg','0096_1b5d.jpg','image','jpeg',523818,'d9d01e4af23d58cb6a979483fd192e64'),(151,150,'original','whmedia_media',70,2,'2012-10-19 07:31:47','2012-10-19 07:31:47',1,'public/whmedia_media/97/0097_1b5d.jpg','jpg','1394425(1).jpg','image/jpeg','jpeg',523818,'ec581b5d9bc779c6ab222e136a6542a6'),(152,NULL,NULL,'whmedia_media',71,2,'2012-10-19 07:31:47','2012-10-19 07:31:47',1,'public/whmedia_media/98/0098_1952.jpg','jpg','coffee1.jpg','image','jpeg',43597,'17471952bb1ee6d2a92816c5af059aa5'),(153,152,'original','whmedia_media',71,2,'2012-10-19 07:31:47','2012-10-19 07:31:47',1,'public/whmedia_media/99/0099_1952.jpg','jpg','coffee1.jpg','image/jpeg','jpeg',43597,'17471952bb1ee6d2a92816c5af059aa5'),(154,NULL,NULL,'whmedia_media',72,2,'2012-10-19 07:31:48','2012-10-19 07:31:48',1,'public/whmedia_media/9a/009a_0d3f.jpg','jpg','kofe.jpg','image','jpeg',27140,'5a450d3f7f38a9268e091c29aff72769'),(155,154,'original','whmedia_media',72,2,'2012-10-19 07:31:48','2012-10-19 07:31:48',1,'public/whmedia_media/9b/009b_0d3f.jpg','jpg','kofe.jpg','image/jpeg','jpeg',27140,'5a450d3f7f38a9268e091c29aff72769'),(160,NULL,NULL,'whmedia_media',75,2,'2012-10-19 07:38:59','2012-10-19 07:38:59',1,'public/whmedia_media/a0/00a0_4839.jpg','jpg','candles-wedding-centerpieces.jpg','image','jpeg',272881,'679b4839ae6f3071f56d838fec0fd899'),(161,160,'original','whmedia_media',75,2,'2012-10-19 07:38:59','2012-10-19 07:38:59',1,'public/whmedia_media/a1/00a1_4839.jpg','jpg','candles-wedding-centerpieces.jpg','image/jpeg','jpeg',272881,'679b4839ae6f3071f56d838fec0fd899'),(162,NULL,NULL,'whmedia_media',76,2,'2012-10-19 07:42:02','2012-10-19 07:42:02',1,'public/whmedia_media/a2/00a2_674b.jpg','jpg','Printed-bud-vase_4382.jpg','image','jpeg',18154,'35de674b9289fc7b70ea3cf98dd92182'),(163,162,'original','whmedia_media',76,2,'2012-10-19 07:42:02','2012-10-19 07:42:02',1,'public/whmedia_media/a3/00a3_674b.jpg','jpg','Printed-bud-vase_4382.jpg','image/jpeg','jpeg',18154,'35de674b9289fc7b70ea3cf98dd92182'),(164,NULL,NULL,'whmedia_media',77,2,'2012-10-19 07:45:03','2012-10-19 07:45:03',1,'public/whmedia_media/a4/00a4_2409.jpg','jpg','tumblr_m6noxlQyUc1rr1v4ko1_r1_500.jpg','image','jpeg',310189,'c94224096cb1dfc7f37d9a74b79f86dc'),(165,164,'original','whmedia_media',77,2,'2012-10-19 07:45:03','2012-10-19 07:45:03',1,'public/whmedia_media/a5/00a5_2409.jpg','jpg','tumblr_m6noxlQyUc1rr1v4ko1_r1_500.jpg','image/jpeg','jpeg',310189,'c94224096cb1dfc7f37d9a74b79f86dc'),(166,NULL,NULL,'whmedia_media',78,2,'2012-10-19 07:46:53','2012-10-19 07:46:53',1,'public/whmedia_media/a6/00a6_353a.jpg','jpg','tea_cups_by_sewingstars.jpg','image','jpeg',98959,'bb01353a66db38e1f6035cff23248575'),(167,166,'original','whmedia_media',78,2,'2012-10-19 07:46:53','2012-10-19 07:46:53',1,'public/whmedia_media/a7/00a7_353a.jpg','jpg','tea_cups_by_sewingstars.jpg','image/jpeg','jpeg',98959,'bb01353a66db38e1f6035cff23248575'),(168,NULL,NULL,'temporary',1,NULL,'2012-10-19 14:05:45','2012-10-19 14:05:45',1,'public/temporary/a8/00a8_d876.jpg','jpg','m_park.jpg','image','jpeg',73331,'075bd876428b08aae9d643564475ee7f'),(169,168,'thumb.profile','temporary',1,NULL,'2012-10-19 14:05:45','2012-10-19 14:05:45',1,'public/temporary/a9/00a9_2485.jpg','jpg','p_park.jpg','image','jpeg',15418,'f77024852f4a5709b038cfc81200bd47'),(170,168,'thumb.normal','temporary',1,NULL,'2012-10-19 14:05:45','2012-10-19 14:05:45',1,'public/temporary/aa/00aa_2f7b.jpg','jpg','n_park.jpg','image','jpeg',1842,'4f232f7be1bf3b4b0e0d13bc9471822b'),(171,168,'thumb.icon','temporary',1,NULL,'2012-10-19 14:05:45','2012-10-19 14:05:45',1,'public/temporary/ab/00ab_6003.jpg','jpg','s_park.jpg','image','jpeg',1503,'db1860032f13f1dbdb602ca488c5de5b'),(172,NULL,NULL,'whmedia_media',79,3,'2012-10-22 13:41:44','2012-10-22 13:41:44',1,'public/whmedia_media/ac/00ac_b8b7.jpg','jpg','exps30644_CB50843D263.jpg','image','jpeg',23903,'affab8b7fd12f16226303a7a7e56ab27'),(173,172,'original','whmedia_media',79,3,'2012-10-22 13:41:44','2012-10-22 13:41:44',1,'public/whmedia_media/ad/00ad_b8b7.jpg','jpg','exps30644_CB50843D263.jpg','image/jpeg','jpeg',23903,'affab8b7fd12f16226303a7a7e56ab27'),(174,NULL,NULL,'core_link',1,1,'2012-10-22 15:32:06','2012-10-22 15:32:06',1,'public/core_link/ae/00ae_7a23.jpeg','jpeg','thumb_aa67fdcc5a0ab0da3771ed788d6ff8fe..jpeg','image','jpeg',6540,'83de7a2378c4894844b3290c5a0dbc3f'),(175,NULL,NULL,'core_link',2,1,'2012-10-22 15:33:15','2012-10-22 15:33:15',1,'public/core_link/af/00af_493b.jpeg','jpeg','thumb_b436b9e7e0c51d9d4ecba9d749269da4..jpeg','image','jpeg',5719,'dfeb493b7e57e524735e30ca9385e8f4'),(176,NULL,'thumb.etalon','whmedia_media',80,1,'2012-10-23 12:14:08','2012-10-23 12:14:08',1,'public/whmedia_media/b0/00b0_2fd7.jpg','jpg','link_thumb_c15ea2b30000c5eec798b7ef8a199859.jpg','image','jpeg',37836,'6a392fd7c56177a47a2ee0186ca4c584'),(178,NULL,'thumb.etalon','whmedia_media',82,1,'2012-10-23 13:23:36','2012-10-23 13:23:36',1,'public/whmedia_media/b2/00b2_6203.jpg','jpg','link_thumb_5ae713429ff1fa90207e00c612b6d330.jpg','image','jpeg',119141,'3da86203cc123721b210baa7b5dff5e3'),(180,NULL,'thumb.etalon','whmedia_media',85,1,'2012-10-23 14:27:09','2012-10-23 14:27:09',1,'public/whmedia_media/b4/00b4_9036.png','png','link_thumb_ef83d395dce3da88726927cea2c463f4.png','image','png',160516,'46ea9036835e5d440078ae75a903fa3a'),(181,NULL,'thumb.etalon','whmedia_media',86,4,'2012-10-24 11:19:25','2012-10-24 11:19:25',1,'public/whmedia_media/b5/00b5_7c10.jpg','jpg','link_thumb_912c6b6ba7def9a481c3d368d23db7dd.jpg','image','jpeg',124675,'86097c10053d9700c75305ede2c1381f'),(182,NULL,'thumb.etalon','whmedia_media',87,4,'2012-10-24 11:27:56','2012-10-24 11:27:56',1,'public/whmedia_media/b6/00b6_a75a.jpg','jpg','link_thumb_a057540136743d3da75abcecbe5a9b65.jpg','image','jpeg',81414,'0373a75a75d5510b72fc99f624a42c7d'),(183,NULL,'thumb.etalon','whmedia_media',88,4,'2012-10-24 11:34:40','2012-10-24 11:34:40',1,'public/whmedia_media/b7/00b7_6acd.jpg','jpg','link_thumb_e9586bde751b2a146a3e981802322d9d.jpg','image','jpeg',128509,'ea936acdb82e4619ad7714882914ec96'),(184,NULL,'thumb.etalon','whmedia_media',89,4,'2012-10-24 17:28:22','2012-10-24 17:28:22',1,'public/whmedia_media/b8/00b8_9852.jpg','jpg','link_thumb_d5b05517f59e7ec9c28a6941d1c77632.jpg','image','jpeg',75417,'dae798521925f840e82d8897ac4d5897'),(185,NULL,'thumb.etalon','whmedia_media',91,4,'2012-10-24 18:36:51','2012-10-24 18:36:51',1,'public/whmedia_media/b9/00b9_1d40.jpg?w=50','jpg?w=50','link_thumb_166309d9ae79b3993c2621ad512e7eb6.jpg?w=50&h=50&crop=1','image','jpeg',3317,'91c31d4041c3fb0e17c44ccc7110d6d6'),(186,NULL,'thumb.etalon','whmedia_media',92,4,'2012-10-25 23:36:30','2012-10-25 23:36:30',1,'public/whmedia_media/ba/00ba_7d98.jpg','jpg','link_thumb_a9c14529d8bddea3d2dfe9a10219c30a.jpg','image','jpeg',109613,'5c007d980edfec58631d3ebb6f134a34'),(187,NULL,'thumb.etalon','whmedia_media',93,4,'2012-10-25 23:42:32','2012-10-25 23:42:32',1,'public/whmedia_media/bb/00bb_ef0a.JPG','JPG','link_thumb_cbfa2894b58ce56a119f8045f2ce3dc3.JPG','image','jpeg',211250,'089cef0aaf451627d3656498cc02a000'),(188,NULL,'thumb.etalon','whmedia_media',94,4,'2012-10-28 20:44:39','2012-10-28 20:44:39',1,'public/whmedia_media/bc/00bc_06e7.jpg','jpg','link_thumb_722b099dc42d95c783c5119fe8624dd6.jpg','image','jpeg',7776,'360a06e7382952664737facb9bbeab9e'),(189,NULL,'thumb.etalon','whmedia_media',95,4,'2012-10-28 20:45:05','2012-10-28 20:45:05',1,'public/whmedia_media/bd/00bd_0ec9.jpg','jpg','link_thumb_4199cd8727093d2d96bc06eca3aa621d.jpg','image','jpeg',67397,'1b450ec93a616fe64a28e10c5a3dbdca'),(190,NULL,NULL,'user',5,NULL,'2012-11-02 15:03:35','2012-11-02 15:03:35',1,'public/user/be/00be_bce4.jpg','jpg','m_Young-Black-man.jpg','image','jpeg',6002,'b3c4bce49d2c77c02c7f9ac2d792d07e'),(191,190,'thumb.profile','user',5,NULL,'2012-11-02 15:03:35','2012-11-02 15:03:35',1,'public/user/bf/00bf_bce4.jpg','jpg','p_Young-Black-man.jpg','image','jpeg',6002,'b3c4bce49d2c77c02c7f9ac2d792d07e'),(192,190,'thumb.normal','user',5,NULL,'2012-11-02 15:03:35','2012-11-02 15:03:35',1,'public/user/c0/00c0_4d9f.jpg','jpg','n_Young-Black-man.jpg','image','jpeg',1477,'89b24d9f9bc18db0c8b17b0819339f50'),(193,190,'thumb.icon','user',5,NULL,'2012-11-02 15:03:35','2012-11-02 15:03:35',1,'public/user/c1/00c1_4ab6.jpg','jpg','s_Young-Black-man.jpg','image','jpeg',1259,'b1044ab6cfe745e2c06353f1d6353ba0'),(194,NULL,NULL,'user',5,5,'2012-11-02 15:04:21','2012-11-02 15:04:21',1,'public/user/c2/00c2_6fc8.jpg','jpg','stock-photo-20681789-casual-man-gesturing-thumbs-up-isolated_m.jpg','image','jpeg',14307,'ed616fc825128ec9d31fa256479923c1'),(195,194,'thumb.profile','user',5,5,'2012-11-02 15:04:21','2012-11-02 15:04:21',1,'public/user/c3/00c3_94b0.jpg','jpg','stock-photo-20681789-casual-man-gesturing-thumbs-up-isolated_p.jpg','image','jpeg',5361,'28ae94b0aba63289e3d09a4f0bc9f2e5'),(196,194,'thumb.normal','user',5,5,'2012-11-02 15:04:21','2012-11-02 15:04:21',1,'public/user/c4/00c4_8091.jpg','jpg','stock-photo-20681789-casual-man-gesturing-thumbs-up-isolated_in.jpg','image','jpeg',3417,'f7d680919598b3e487a8539881193d1a'),(197,194,'thumb.icon','user',5,5,'2012-11-02 15:04:21','2012-11-02 15:04:21',1,'public/user/c5/00c5_89b5.jpg','jpg','stock-photo-20681789-casual-man-gesturing-thumbs-up-isolated_is.jpg','image','jpeg',1329,'a57f89b55e3c5908a967a6a835c8805c'),(198,NULL,NULL,'user',5,5,'2012-11-02 15:05:58','2012-11-02 15:05:58',1,'public/user/c6/00c6_bec0.jpg','jpg','smiling-man-on-phone_m.jpg','image','jpeg',12645,'c9ecbec0b41ce8f3f5743dcff1f3f5e6'),(199,198,'thumb.profile','user',5,5,'2012-11-02 15:05:58','2012-11-02 15:05:58',1,'public/user/c7/00c7_7143.jpg','jpg','smiling-man-on-phone_p.jpg','image','jpeg',4203,'c54b7143ab20077f78d17baf568ae657'),(200,198,'thumb.normal','user',5,5,'2012-11-02 15:05:58','2012-11-02 15:05:58',1,'public/user/c8/00c8_c916.jpg','jpg','smiling-man-on-phone_in.jpg','image','jpeg',2731,'0407c916d6a1698c02c02afaddb6d3db'),(201,198,'thumb.icon','user',5,5,'2012-11-02 15:05:58','2012-11-02 15:05:58',1,'public/user/c9/00c9_2978.jpg','jpg','nis_00c7_7143.jpg','image','jpeg',1326,'b5402978abd5b3a973b7b7821e488a6f'),(202,NULL,NULL,'user',5,5,'2012-11-02 15:20:08','2012-11-02 15:20:08',1,'public/user/ca/00ca_6127.jpeg','jpeg','smiling-man1_m.jpeg','image','jpeg',11677,'fdb8612741566a99543f2fa42f9192f9'),(203,202,'thumb.profile','user',5,5,'2012-11-02 15:20:08','2012-11-02 15:20:08',1,'public/user/cb/00cb_6667.jpeg','jpeg','smiling-man1_p.jpeg','image','jpeg',6813,'98d6666716fbc7631213003f73e435eb'),(204,202,'thumb.normal','user',5,5,'2012-11-02 15:20:08','2012-11-02 15:20:08',1,'public/user/cc/00cc_48cc.jpeg','jpeg','smiling-man1_in.jpeg','image','jpeg',4301,'89df48cca5aa5715cbb9c01a604f4eb6'),(205,202,'thumb.icon','user',5,5,'2012-11-02 15:20:08','2012-11-02 15:20:08',1,'public/user/cd/00cd_de2b.jpeg','jpeg','smiling-man1_is.jpeg','image','jpeg',1325,'f12ade2bf6fd2e2278d89930c6073765'),(206,NULL,'thumb.etalon','whmedia_media',97,4,'2012-11-03 14:12:09','2012-11-03 14:12:09',1,'public/whmedia_media/ce/00ce_e19a.jpg','jpg','link_thumb_768adc73de687e4d2331e964840ce8cb.jpg','image','jpeg',115425,'7fc6e19a2e649402adee769ddcb0a8e6'),(207,NULL,NULL,'whmedia_media',98,4,'2012-11-03 14:19:45','2012-11-03 14:19:45',1,'public/whmedia_media/cf/00cf_e479.jpg','jpg','boxer.jpg','image','jpeg',54780,'9d85e479c3e58603b711b717914d9547'),(208,207,'original','whmedia_media',98,4,'2012-11-03 14:19:46','2012-11-03 14:19:46',1,'public/whmedia_media/d0/00d0_e479.jpg','jpg','boxer.jpg','image/jpeg','jpeg',54780,'9d85e479c3e58603b711b717914d9547'),(209,NULL,NULL,'whmedia_media',99,4,'2012-11-03 14:20:51','2012-11-03 14:20:51',1,'public/whmedia_media/d1/00d1_b8c8.mp4','mp4','Facebook.mp4','video','mp4',10630772,'0ebab8c8a8e0c372ec0fe7f4f11f2a29'),(210,NULL,'thumb.etalon','whmedia_media',100,4,'2012-11-03 14:33:03','2012-11-03 14:33:03',1,'public/whmedia_media/d2/00d2_be95.jpg','jpg','link_thumb_a6e888dc7dc92690746a83d15bbbdb9e.jpg','image','jpeg',116281,'4838be9538fc9a059b04092fac689944'),(212,NULL,'thumb.etalon','whmedia_media',102,4,'2012-11-05 00:54:57','2012-11-05 00:54:57',1,'public/whmedia_media/d4/00d4_7171.jpg','jpg','link_thumb_e709d225a0722eb7f569d60eabf57de4.jpg','image','jpeg',130608,'ceff7171960e25a3f512c340a3c82fd2'),(213,NULL,'thumb.etalon','whmedia_media',103,4,'2012-11-06 12:31:35','2012-11-06 12:31:35',1,'public/whmedia_media/d5/00d5_aebf.jpg','jpg','link_thumb_9faea1bd99f9e63f17928d01d1dcbb3d.jpg','image','jpeg',151803,'0079aebf58e313f565c9396235720236'),(214,NULL,NULL,'whmedia_media',104,1,'2012-11-06 15:48:56','2012-11-06 15:48:56',1,'public/whmedia_media/d6/00d6_0db1.flv','flv','VV_SPB_RK_Kazansky.mpg','video','vnd.microsoft.icon',2061053,'f2d30db19cd5966af2614ef51952a0ff'),(215,214,'thumb.etalon','whmedia_media',104,1,'2012-11-06 15:49:27','2012-11-06 15:49:27',1,'public/whmedia_media/d7/00d7_2f75.jpg','jpg','104_vthumb.jpg','image','jpeg',143152,'40892f755b6fd7f9838efd9d759c745e'),(216,NULL,NULL,'whmedia_media',105,1,'2012-11-06 16:09:27','2012-11-06 16:09:27',1,'public/whmedia_media/d8/00d8_8eb7.mp3','mp3',' .mp3','audio','mp3',3808488,'f3588eb713c46e2fe885825a597d86c2'),(217,NULL,NULL,'whmedia_media',106,4,'2012-11-06 17:11:44','2012-11-06 17:11:44',1,'public/whmedia_media/d9/00d9_a382.flv','flv','188848827830302_39401.mp4','video','mp4',5956204,'521fa3821b61e90550bd74de53fc0480'),(218,217,'thumb.etalon','whmedia_media',106,4,'2012-11-06 17:12:13','2012-11-06 17:12:13',1,'public/whmedia_media/da/00da_8ccc.jpg','jpg','106_vthumb.jpg','image','jpeg',51577,'30878ccc636ab63a500599def78a23ff'),(220,NULL,'thumb.etalon','whmedia_media',108,4,'2012-11-08 18:00:20','2012-11-08 18:00:20',1,'public/whmedia_media/dc/00dc_059a.gif','gif','link_thumb_ad5681236fb0b4ad59f888b5c3db3d18.gif','image','gif',12444,'4565059abbb9c581046fe2b75c2bd8e2'),(221,NULL,NULL,'whmedia_media',109,4,'2012-11-08 18:01:02','2012-11-08 18:01:02',1,'public/whmedia_media/dd/00dd_17e5.jpg','jpg','bionic.jpg','image','jpeg',39091,'3fee17e5c199f08d043245ecc60c156e'),(222,221,'original','whmedia_media',109,4,'2012-11-08 18:01:02','2012-11-08 18:01:02',1,'public/whmedia_media/de/00de_17e5.jpg','jpg','bionic.jpg','image/jpeg','jpeg',39091,'3fee17e5c199f08d043245ecc60c156e'),(223,NULL,NULL,'whmedia_media',111,4,'2012-11-08 18:07:05','2012-11-08 18:07:05',1,'public/whmedia_media/df/00df_0db5.jpg','jpg','comis.jpg','image','jpeg',85954,'fe040db59d77de56d66ab0905803cb9a'),(224,223,'original','whmedia_media',111,4,'2012-11-08 18:07:05','2012-11-08 18:07:05',1,'public/whmedia_media/e0/00e0_0db5.jpg','jpg','comis.jpg','image/jpeg','jpeg',85954,'fe040db59d77de56d66ab0905803cb9a'),(225,NULL,NULL,'whmedia_media',113,4,'2012-11-08 19:20:56','2012-11-08 19:20:56',1,'public/whmedia_media/e1/00e1_bda5.jpg','jpg','00e1_afe3.jpg','image','jpeg',213625,'0fbebda55a43b2b6d229879b12f9b7b2'),(226,225,'original','whmedia_media',113,4,'2012-11-08 19:20:56','2012-11-08 19:20:56',1,'public/whmedia_media/e2/00e2_afe3.jpg','jpg','Sunshine-Coast.jpg','image/jpeg','jpeg',213625,'39b8afe361eb3000916a07a18fc6b06c'),(227,NULL,NULL,'whmedia_media',114,2,'2012-11-12 08:46:46','2012-11-12 08:46:46',1,'public/whmedia_media/e3/00e3_3351.jpg','jpg','Massagestones.jpg','image','jpeg',101355,'5ffd3351293c3ddda966c78c4f3964e5'),(228,227,'original','whmedia_media',114,2,'2012-11-12 08:46:46','2012-11-12 08:46:46',1,'public/whmedia_media/e4/00e4_3351.jpg','jpg','Massagestones.jpg','image/jpeg','jpeg',101355,'5ffd3351293c3ddda966c78c4f3964e5'),(229,NULL,NULL,'user',3,3,'2012-11-12 09:12:06','2012-11-12 09:12:06',1,'public/user/e5/00e5_bd11.jpg','jpg','download_m.jpg','image','jpeg',14603,'ad13bd116139012abd84606943bdcbb6'),(230,229,'thumb.profile','user',3,3,'2012-11-12 09:12:06','2012-11-12 09:12:06',1,'public/user/e6/00e6_44cc.jpg','jpg','download_p.jpg','image','jpeg',5014,'102944cc242def0894b201120529796d'),(231,229,'thumb.normal','user',3,3,'2012-11-12 09:12:06','2012-11-12 09:12:06',1,'public/user/e7/00e7_90b8.jpg','jpg','download_in.jpg','image','jpeg',3158,'695e90b899910dfac588d66f4632dc7b'),(232,229,'thumb.icon','user',3,3,'2012-11-12 09:12:06','2012-11-12 09:12:06',1,'public/user/e8/00e8_431a.jpg','jpg','nis_00e6_44cc.jpg','image','jpeg',1382,'a623431a5479f9d9d5423fa6bdaeba9e'),(233,NULL,NULL,'user',3,3,'2012-11-12 09:12:30','2012-11-12 09:12:30',1,'public/user/e9/00e9_876d.jpg','jpg','girl-beautiful-smile-face-eyes-lips-young_m.jpg','image','jpeg',26989,'8f52876d014463121428bd240ff9acb0'),(234,233,'thumb.profile','user',3,3,'2012-11-12 09:12:30','2012-11-12 09:12:30',1,'public/user/ea/00ea_9a4c.jpg','jpg','girl-beautiful-smile-face-eyes-lips-young_p.jpg','image','jpeg',6191,'5c299a4cc470995d1ed7e2719138dc30'),(235,233,'thumb.normal','user',3,3,'2012-11-12 09:12:30','2012-11-12 09:12:30',1,'public/user/eb/00eb_f463.jpg','jpg','girl-beautiful-smile-face-eyes-lips-young_in.jpg','image','jpeg',3822,'4e27f463d9c35727aa77331476aefee6'),(236,233,'thumb.icon','user',3,3,'2012-11-12 09:12:30','2012-11-12 09:12:30',1,'public/user/ec/00ec_96e2.jpg','jpg','nis_00ea_9a4c.jpg','image','jpeg',1376,'dd9096e242fbe3d518d04245701ca674'),(237,NULL,NULL,'user',3,3,'2012-11-12 09:12:47','2012-11-12 09:12:47',1,'public/user/ed/00ed_ec57.jpg','jpg','girl-smile_m.jpg','image','jpeg',11890,'3227ec579029dbd7644086f7d6d42be1'),(238,237,'thumb.profile','user',3,3,'2012-11-12 09:12:47','2012-11-12 09:12:47',1,'public/user/ee/00ee_d595.jpg','jpg','girl-smile_p.jpg','image','jpeg',6424,'d62fd5950fe05aa6ca892c8738afc88d'),(239,237,'thumb.normal','user',3,3,'2012-11-12 09:12:47','2012-11-12 09:12:47',1,'public/user/ef/00ef_519b.jpg','jpg','girl-smile_in.jpg','image','jpeg',4042,'b5a9519b0ce485b660d338cbf9007caf'),(240,237,'thumb.icon','user',3,3,'2012-11-12 09:12:47','2012-11-12 09:12:47',1,'public/user/f0/00f0_a5fd.jpg','jpg','nis_00ee_d595.jpg','image','jpeg',1226,'2bdfa5fd974ef50fb8eabfdc3088a031'),(241,NULL,NULL,'user',6,NULL,'2012-11-12 11:54:09','2012-11-12 11:54:09',1,'public/user/f1/00f1_f0b5.jpg','jpg','m_88ca2560e0fceb7ac95050f58185f7ad.jpg','image','jpeg',9264,'6f98f0b5967d7a92135894a33f9f0aa3'),(242,241,'thumb.profile','user',6,NULL,'2012-11-12 11:54:09','2012-11-12 11:54:09',1,'public/user/f2/00f2_f0b5.jpg','jpg','p_88ca2560e0fceb7ac95050f58185f7ad.jpg','image','jpeg',9264,'6f98f0b5967d7a92135894a33f9f0aa3'),(243,241,'thumb.normal','user',6,NULL,'2012-11-12 11:54:09','2012-11-12 11:54:09',1,'public/user/f3/00f3_319d.jpg','jpg','n_88ca2560e0fceb7ac95050f58185f7ad.jpg','image','jpeg',1351,'53d7319d5137a15a96804e65d4492fbb'),(244,241,'thumb.icon','user',6,NULL,'2012-11-12 11:54:09','2012-11-12 11:54:09',1,'public/user/f4/00f4_087b.jpg','jpg','s_88ca2560e0fceb7ac95050f58185f7ad.jpg','image','jpeg',1357,'dd3e087b10c1a7aa936cda006b50f546'),(245,NULL,NULL,'user',3,3,'2012-11-26 13:34:50','2012-11-26 13:34:50',1,'public/user/f5/00f5_4467.jpg','jpg','smiling-woman_m.jpg','image','jpeg',6823,'38b944672bbaf6deb9fa134a20f34010'),(246,245,'thumb.profile','user',3,3,'2012-11-26 13:34:50','2012-11-26 13:34:50',1,'public/user/f6/00f6_4467.jpg','jpg','smiling-woman_p.jpg','image','jpeg',6823,'38b944672bbaf6deb9fa134a20f34010'),(247,245,'thumb.normal','user',3,3,'2012-11-26 13:34:50','2012-11-26 13:34:50',1,'public/user/f7/00f7_b879.jpg','jpg','smiling-woman_in.jpg','image','jpeg',4369,'13beb87935c2f07fd05a0ebdefdc1657'),(248,245,'thumb.icon','user',3,3,'2012-11-26 13:34:50','2012-11-26 13:34:50',1,'public/user/f8/00f8_c91b.jpg','jpg','smiling-woman_is.jpg','image','jpeg',1430,'95fcc91b01be00deb77897819204ce7c'),(249,NULL,NULL,'user',4,4,'2012-11-26 17:18:50','2012-11-26 17:18:50',1,'public/user/f9/00f9_bf8c.jpg','jpg','boxer_m.jpg','image','jpeg',55680,'5869bf8cc705fd7682c0c327c94c4fcf'),(250,249,'thumb.profile','user',4,4,'2012-11-26 17:18:50','2012-11-26 17:18:50',1,'public/user/fa/00fa_11f2.jpg','jpg','boxer_p.jpg','image','jpeg',10829,'4b7111f2cb3b2712e2f64af0350fce95'),(251,249,'thumb.normal','user',4,4,'2012-11-26 17:18:50','2012-11-26 17:18:50',1,'public/user/fb/00fb_135d.jpg','jpg','boxer_in.jpg','image','jpeg',4792,'3bbb135d0b6979abe90770d36b3b9bd7'),(252,249,'thumb.icon','user',4,4,'2012-11-26 17:18:50','2012-11-26 17:18:50',1,'public/user/fc/00fc_4075.jpg','jpg','boxer_is.jpg','image','jpeg',1387,'07fb407528757ee9392b20174a15d6e8'),(253,NULL,NULL,'whmedia_media',117,1,'2012-11-27 09:28:08','2012-11-27 09:28:08',1,'public/whmedia_media/fd/00fd_9d7b.flv','flv','IT\'S WAR.MPG','video','vnd.microsoft.icon',1039377,'56619d7b693c1762e38984b7e6b44c93'),(254,253,'thumb.etalon','whmedia_media',117,1,'2012-11-27 09:28:25','2012-11-27 09:28:25',1,'public/whmedia_media/fe/00fe_5585.jpg','jpg','117_vthumb.jpg','image','jpeg',27289,'6e345585e4ff4dd01399820ad68aa8af'),(255,NULL,'thumb.etalon','whmedia_media',119,4,'2012-12-06 08:51:24','2012-12-06 08:51:24',1,'public/whmedia_media/00/01/00ff_5c38.jpg','jpg','link_thumb_5f75d29758d94f01323f5fbc35c96460.jpg','image','jpeg',180809,'7a635c382dee0f298b505f212decead6'),(256,NULL,NULL,'user',13,NULL,'2012-12-07 09:58:21','2012-12-07 09:58:21',1,'public/user/01/01/0100_cf5e.jpg','jpg','m_001-0760ASEj-lgn.jpg','image','jpeg',35032,'8fcccf5e67322796c72c644bad1a7b96'),(257,256,'thumb.profile','user',13,NULL,'2012-12-07 09:58:21','2012-12-07 09:58:21',1,'public/user/02/01/0101_511a.jpg','jpg','p_001-0760ASEj-lgn.jpg','image','jpeg',11842,'64fd511a54126713e1865cba23f54737'),(258,256,'thumb.normal','user',13,NULL,'2012-12-07 09:58:21','2012-12-07 09:58:21',1,'public/user/03/01/0102_aa0a.jpg','jpg','n_001-0760ASEj-lgn.jpg','image','jpeg',1752,'738caa0aecfdb744407d7007483c85d0'),(259,256,'thumb.icon','user',13,NULL,'2012-12-07 09:58:21','2012-12-07 09:58:21',1,'public/user/04/01/0103_1ef1.jpg','jpg','s_001-0760ASEj-lgn.jpg','image','jpeg',1517,'0c671ef1b3b8d43868f9bb67226b26fb'),(260,NULL,NULL,'user',14,NULL,'2012-12-07 09:59:39','2012-12-07 09:59:39',1,'public/user/05/01/0104_f404.jpg','jpg','m_008-5934ASEj-lgn.jpg','image','jpeg',42045,'836df404d8acf026cc81f669f5825e5c'),(261,260,'thumb.profile','user',14,NULL,'2012-12-07 09:59:39','2012-12-07 09:59:39',1,'public/user/06/01/0105_8195.jpg','jpg','p_008-5934ASEj-lgn.jpg','image','jpeg',13504,'5cc2819558814ddd4bb004f72d935028'),(262,260,'thumb.normal','user',14,NULL,'2012-12-07 09:59:39','2012-12-07 09:59:39',1,'public/user/07/01/0106_3f0a.jpg','jpg','n_008-5934ASEj-lgn.jpg','image','jpeg',1802,'487f3f0a4de9a3fd95fe0a1520812e3e'),(263,260,'thumb.icon','user',14,NULL,'2012-12-07 09:59:39','2012-12-07 09:59:39',1,'public/user/08/01/0107_dbdc.jpg','jpg','s_008-5934ASEj-lgn.jpg','image','jpeg',1565,'b3cadbdca1e3ed785b2dbc4ae18bf258'),(264,NULL,NULL,'user',15,NULL,'2012-12-07 10:00:49','2012-12-07 10:00:49',1,'public/user/09/01/0108_f8f6.jpg','jpg','m_4-Metric-Lolla-1-lgn.jpg','image','jpeg',31217,'97f1f8f684d5e1104fbd2e84d9eed2ca'),(265,264,'thumb.profile','user',15,NULL,'2012-12-07 10:00:49','2012-12-07 10:00:49',1,'public/user/0a/01/0109_98ac.jpg','jpg','p_4-Metric-Lolla-1-lgn.jpg','image','jpeg',10104,'5bae98ac163592395aa3f32a475479c8'),(266,264,'thumb.normal','user',15,NULL,'2012-12-07 10:00:49','2012-12-07 10:00:49',1,'public/user/0b/01/010a_6545.jpg','jpg','n_4-Metric-Lolla-1-lgn.jpg','image','jpeg',1629,'7abf65453bac866f8680bd818722dce7'),(267,264,'thumb.icon','user',15,NULL,'2012-12-07 10:00:49','2012-12-07 10:00:49',1,'public/user/0c/01/010b_68dc.jpg','jpg','s_4-Metric-Lolla-1-lgn.jpg','image','jpeg',1479,'397568dcb968ec0b27f733d7799e4dc1'),(268,NULL,NULL,'user',16,NULL,'2012-12-07 10:01:37','2012-12-07 10:01:37',1,'public/user/0d/01/010c_32fe.jpg','jpg','m_011-56-lgn.jpg','image','jpeg',29476,'61a332fe5f14a4d640504491dd1a3a29'),(269,268,'thumb.profile','user',16,NULL,'2012-12-07 10:01:37','2012-12-07 10:01:37',1,'public/user/0e/01/010d_3091.jpg','jpg','p_011-56-lgn.jpg','image','jpeg',10129,'17e13091b78739adada0e078212a69be'),(270,268,'thumb.normal','user',16,NULL,'2012-12-07 10:01:37','2012-12-07 10:01:37',1,'public/user/0f/01/010e_0a80.jpg','jpg','n_011-56-lgn.jpg','image','jpeg',1670,'927e0a80f1f71e592ee93bd997c01e90'),(271,268,'thumb.icon','user',16,NULL,'2012-12-07 10:01:37','2012-12-07 10:01:37',1,'public/user/10/01/010f_d175.jpg','jpg','s_011-56-lgn.jpg','image','jpeg',1458,'7501d175570fee8ae1b2383e6f27bdd7'),(272,NULL,NULL,'user',17,NULL,'2012-12-07 10:02:34','2012-12-07 10:02:34',1,'public/user/11/01/0110_da73.jpg','jpg','m_x_59a9a732.jpg','image','jpeg',19976,'ca78da735b7df0137fa009208bed5251'),(273,272,'thumb.profile','user',17,NULL,'2012-12-07 10:02:34','2012-12-07 10:02:34',1,'public/user/12/01/0111_5823.jpg','jpg','p_x_59a9a732.jpg','image','jpeg',4597,'4def582331c55d4ccb85a54ee091b119'),(274,272,'thumb.normal','user',17,NULL,'2012-12-07 10:02:34','2012-12-07 10:02:34',1,'public/user/13/01/0112_8f5b.jpg','jpg','n_x_59a9a732.jpg','image','jpeg',1173,'50de8f5bba6bbabedb502e31b82c7a53'),(275,272,'thumb.icon','user',17,NULL,'2012-12-07 10:02:34','2012-12-07 10:02:34',1,'public/user/14/01/0113_f92f.jpg','jpg','s_x_59a9a732.jpg','image','jpeg',1315,'1a9bf92f867638a8781cc2e42c035a54'),(276,NULL,NULL,'user',18,NULL,'2012-12-07 10:03:34','2012-12-07 10:03:34',1,'public/user/15/01/0114_248c.jpg','jpg','m_ffffff.jpg','image','jpeg',53642,'49db248c4a2ba7121fee0fdefd384fdf'),(277,276,'thumb.profile','user',18,NULL,'2012-12-07 10:03:34','2012-12-07 10:03:34',1,'public/user/16/01/0115_54e1.jpg','jpg','p_ffffff.jpg','image','jpeg',10909,'f3f954e1a114eb5d5e8464c8b62bcea1'),(278,276,'thumb.normal','user',18,NULL,'2012-12-07 10:03:34','2012-12-07 10:03:34',1,'public/user/17/01/0116_aa02.jpg','jpg','n_ffffff.jpg','image','jpeg',1555,'3568aa02188fdb8e90f2101fce9ea58a'),(279,276,'thumb.icon','user',18,NULL,'2012-12-07 10:03:34','2012-12-07 10:03:34',1,'public/user/18/01/0117_074c.jpg','jpg','s_ffffff.jpg','image','jpeg',1361,'5133074caa1198a415e4acbee12f2764'),(280,NULL,NULL,'user',19,NULL,'2012-12-07 10:04:29','2012-12-07 10:04:29',1,'public/user/19/01/0118_ad0a.jpg','jpg','m_image1xxl.jpg','image','jpeg',33126,'9536ad0a2f0b27fe174aab11e4660e71'),(281,280,'thumb.profile','user',19,NULL,'2012-12-07 10:04:29','2012-12-07 10:04:29',1,'public/user/1a/01/0119_fbad.jpg','jpg','p_image1xxl.jpg','image','jpeg',6662,'c8b9fbad6935a2c2e1c4ae49668caddc'),(282,280,'thumb.normal','user',19,NULL,'2012-12-07 10:04:29','2012-12-07 10:04:29',1,'public/user/1b/01/011a_162e.jpg','jpg','n_image1xxl.jpg','image','jpeg',1334,'1a1a162e6896fb9d51e2280a1ec0b606'),(283,280,'thumb.icon','user',19,NULL,'2012-12-07 10:04:29','2012-12-07 10:04:29',1,'public/user/1c/01/011b_d60b.jpg','jpg','s_image1xxl.jpg','image','jpeg',1142,'0ccdd60b72447db1415871d1d59baf68'),(284,NULL,NULL,'user',20,NULL,'2012-12-07 10:05:25','2012-12-07 10:05:25',1,'public/user/1d/01/011c_f8c8.jpg','jpg','m_dsfsddf.jpg','image','jpeg',30542,'3874f8c832dbdaafbda0d1bd80eb3176'),(285,284,'thumb.profile','user',20,NULL,'2012-12-07 10:05:25','2012-12-07 10:05:25',1,'public/user/1e/01/011d_e53d.jpg','jpg','p_dsfsddf.jpg','image','jpeg',6355,'9017e53d0aaf76fd5246ceb3d3280446'),(286,284,'thumb.normal','user',20,NULL,'2012-12-07 10:05:25','2012-12-07 10:05:25',1,'public/user/1f/01/011e_19da.jpg','jpg','n_dsfsddf.jpg','image','jpeg',1329,'b05219dae8bdd9be76478b57ea53a9d4'),(287,284,'thumb.icon','user',20,NULL,'2012-12-07 10:05:25','2012-12-07 10:05:25',1,'public/user/20/01/011f_99c4.jpg','jpg','s_dsfsddf.jpg','image','jpeg',1165,'0b2499c41519a36cbfe059e1739b3375'),(288,NULL,NULL,'whmedia_media',120,1,'2012-12-13 16:40:56','2012-12-13 16:40:56',1,'public/whmedia_media/21/01/0120_187c.jpg','jpg','wimbledon_tennis_courts.jpg','image','jpeg',82219,'8a19187c46d3b41db87e8c679c250d03'),(289,288,'original','whmedia_media',120,1,'2012-12-13 16:40:56','2012-12-13 16:40:56',1,'public/whmedia_media/22/01/0121_187c.jpg','jpg','wimbledon_tennis_courts.jpg','image/jpeg','jpeg',82219,'8a19187c46d3b41db87e8c679c250d03'),(290,NULL,NULL,'user',7,7,'2012-12-26 10:54:45','2012-12-26 10:54:45',1,'public/user/23/01/0122_eaf6.jpg','jpg','1006-woman-smiling_at_m.jpg','image','jpeg',21337,'752aeaf642fb282bdff90f4f158f2bb4'),(291,290,'thumb.profile','user',7,7,'2012-12-26 10:54:45','2012-12-26 10:54:45',1,'public/user/24/01/0123_ce4d.jpg','jpg','1006-woman-smiling_at_p.jpg','image','jpeg',9918,'8300ce4d7659d53230df4976d20f29cd'),(292,290,'thumb.normal','user',7,7,'2012-12-26 10:54:45','2012-12-26 10:54:45',1,'public/user/25/01/0124_6267.jpg','jpg','1006-woman-smiling_at_in.jpg','image','jpeg',5859,'a8dd62674e7a6901cfc9c747a1b0a2a9'),(293,290,'thumb.icon','user',7,7,'2012-12-26 10:54:45','2012-12-26 10:54:45',1,'public/user/26/01/0125_f403.jpg','jpg','1006-woman-smiling_at_is.jpg','image','jpeg',1409,'35b5f403628eb8fa73ac01ae0c1dead5'),(294,NULL,NULL,'user',8,8,'2012-12-26 10:55:13','2012-12-26 10:55:13',1,'public/user/27/01/0126_4867.jpg','jpg','brussels_bruxelles_singles_2590567_m.jpg','image','jpeg',10707,'fb414867e916ecb4f599ce8fe29e4afb'),(295,294,'thumb.profile','user',8,8,'2012-12-26 10:55:13','2012-12-26 10:55:13',1,'public/user/28/01/0127_3cc2.jpg','jpg','brussels_bruxelles_singles_2590567_p.jpg','image','jpeg',7768,'02193cc2bab0f7a0d90d577ec2b6f883'),(296,294,'thumb.normal','user',8,8,'2012-12-26 10:55:13','2012-12-26 10:55:13',1,'public/user/29/01/0128_b567.jpg','jpg','brussels_bruxelles_singles_2590567_in.jpg','image','jpeg',4154,'2dabb56739c85da941ae0ac1a62d3d07'),(297,294,'thumb.icon','user',8,8,'2012-12-26 10:55:13','2012-12-26 10:55:13',1,'public/user/2a/01/0129_8cf8.jpg','jpg','nis_0127_3cc2.jpg','image','jpeg',1351,'b4b08cf8a1f4207434602f006868f6fe'),(298,NULL,NULL,'user',9,9,'2012-12-26 10:55:54','2012-12-26 10:55:54',1,'public/user/2b/01/012a_0cea.jpg','jpg','cutcaster-photo-100848646-Young-man-holding-shopping-bag-on-white_m.jpg','image','jpeg',23358,'b4160cea8545873460d0eb9ff875177f'),(299,298,'thumb.profile','user',9,9,'2012-12-26 10:55:54','2012-12-26 10:55:54',1,'public/user/2c/01/012b_f313.jpg','jpg','cutcaster-photo-100848646-Young-man-holding-shopping-bag-on-white_p.jpg','image','jpeg',8666,'3010f313fea16b604d9523535706f6e9'),(300,298,'thumb.normal','user',9,9,'2012-12-26 10:55:54','2012-12-26 10:55:54',1,'public/user/2d/01/012c_75fa.jpg','jpg','cutcaster-photo-100848646-Young-man-holding-shopping-bag-on-white_in.jpg','image','jpeg',3926,'459f75fa0a0fd0291b6c422c5dbec66e'),(301,298,'thumb.icon','user',9,9,'2012-12-26 10:55:54','2012-12-26 10:55:54',1,'public/user/2e/01/012d_cc2b.jpg','jpg','nis_012b_f313.jpg','image','jpeg',1267,'3aaacc2b9fdbff1db18ca1a900a14739'),(302,NULL,NULL,'user',10,10,'2012-12-26 10:56:07','2012-12-26 10:56:07',1,'public/user/2f/01/012e_bd11.jpg','jpg','download_m.jpg','image','jpeg',14603,'ad13bd116139012abd84606943bdcbb6'),(303,302,'thumb.profile','user',10,10,'2012-12-26 10:56:07','2012-12-26 10:56:07',1,'public/user/30/01/012f_44cc.jpg','jpg','download_p.jpg','image','jpeg',5014,'102944cc242def0894b201120529796d'),(304,302,'thumb.normal','user',10,10,'2012-12-26 10:56:08','2012-12-26 10:56:08',1,'public/user/31/01/0130_90b8.jpg','jpg','download_in.jpg','image','jpeg',3158,'695e90b899910dfac588d66f4632dc7b'),(305,302,'thumb.icon','user',10,10,'2012-12-26 10:56:08','2012-12-26 10:56:08',1,'public/user/32/01/0131_ba16.jpg','jpg','nis_012f_44cc.jpg','image','jpeg',1389,'0d00ba165aa27e0cee50dfa550cb5ba7'),(306,NULL,NULL,'user',11,11,'2012-12-26 10:56:26','2012-12-26 10:56:26',1,'public/user/33/01/0132_a759.jpg','jpg','girl_smile_m.jpg','image','jpeg',17989,'a53da759101ce14be68e9bde8f451211'),(307,306,'thumb.profile','user',11,11,'2012-12-26 10:56:26','2012-12-26 10:56:26',1,'public/user/34/01/0133_bcc5.jpg','jpg','girl_smile_p.jpg','image','jpeg',8700,'3dd2bcc54e0cc131ea8c806704874f9c'),(308,306,'thumb.normal','user',11,11,'2012-12-26 10:56:26','2012-12-26 10:56:26',1,'public/user/35/01/0134_701a.jpg','jpg','girl_smile_in.jpg','image','jpeg',4292,'9285701ab73aa8d91dc0e2946045ea19'),(309,306,'thumb.icon','user',11,11,'2012-12-26 10:56:27','2012-12-26 10:56:27',1,'public/user/36/01/0135_5ebd.jpg','jpg','girl_smile_is.jpg','image','jpeg',1339,'36455ebdf3245a8fcaed6a0b226576b3'),(310,NULL,NULL,'user',12,12,'2012-12-26 10:57:13','2012-12-26 10:57:13',1,'public/user/37/01/0136_13df.jpg','jpg','james-roday-psych_m.jpg','image','jpeg',22999,'b64e13df9236faac9498860d7b5b558c'),(311,310,'thumb.profile','user',12,12,'2012-12-26 10:57:13','2012-12-26 10:57:13',1,'public/user/38/01/0137_fefe.jpg','jpg','james-roday-psych_p.jpg','image','jpeg',10881,'a9f9fefec6570cb1c67db14479958a20'),(312,310,'thumb.normal','user',12,12,'2012-12-26 10:57:13','2012-12-26 10:57:13',1,'public/user/39/01/0138_714d.jpg','jpg','james-roday-psych_in.jpg','image','jpeg',4505,'aa45714db71b77dc0bcc66c36464aa60'),(313,310,'thumb.icon','user',12,12,'2012-12-26 10:57:13','2012-12-26 10:57:13',1,'public/user/3a/01/0139_a472.jpg','jpg','james-roday-psych_is.jpg','image','jpeg',1416,'ff8ea4723e8d9a57a9373dc22dce8dad'),(314,NULL,NULL,'user',21,NULL,'2012-12-28 08:49:53','2012-12-28 08:49:53',1,'public/user/3b/01/013a_9bac.jpg','jpg','m_guy-lifestyle.jpg','image','jpeg',12068,'45ef9bac52e2aac715f530b3f7d4bcec'),(315,314,'thumb.profile','user',21,NULL,'2012-12-28 08:49:53','2012-12-28 08:49:53',1,'public/user/3c/01/013b_1fce.jpg','jpg','p_guy-lifestyle.jpg','image','jpeg',7964,'87ad1fce467ccde604aabe152b4ff59f'),(316,314,'thumb.normal','user',21,NULL,'2012-12-28 08:49:53','2012-12-28 08:49:53',1,'public/user/3d/01/013c_bbe5.jpg','jpg','n_guy-lifestyle.jpg','image','jpeg',1596,'ed3dbbe51ee9bc1a12c196cfe1f0c818'),(317,314,'thumb.icon','user',21,21,'2012-12-28 08:49:53','2012-12-28 08:49:53',1,'public/user/3e/01/013d_100c.jpg','jpg','nis_013b_1fce.jpg','image','jpeg',1361,'427c100c6985c7e34c9b174e58d2ca1a'),(318,NULL,NULL,'user',22,NULL,'2012-12-28 08:50:59','2012-12-28 08:50:59',1,'public/user/3f/01/013e_d6cb.jpg','jpg','m_Barbara-Palvin-11.jpg','image','jpeg',50398,'02a2d6cbb02fb50feeb54942c0e9396a'),(319,318,'thumb.profile','user',22,NULL,'2012-12-28 08:50:59','2012-12-28 08:50:59',1,'public/user/40/01/013f_5ec8.jpg','jpg','p_Barbara-Palvin-11.jpg','image','jpeg',12971,'fd865ec89b840e280c36abe3d45a489f'),(320,318,'thumb.normal','user',22,NULL,'2012-12-28 08:50:59','2012-12-28 08:50:59',1,'public/user/41/01/0140_33da.jpg','jpg','n_Barbara-Palvin-11.jpg','image','jpeg',1857,'3d9d33daf413d3269164ef7a6cd742b0'),(321,318,'thumb.icon','user',22,22,'2012-12-28 08:50:59','2012-12-28 08:50:59',1,'public/user/42/01/0141_e4bf.jpg','jpg','nis_013f_5ec8.jpg','image','jpeg',1542,'4adce4bfca396255338e03061c51320f'),(322,NULL,NULL,'user',23,NULL,'2012-12-28 08:53:14','2012-12-28 08:53:14',1,'public/user/43/01/0142_da04.jpg','jpg','m_Julia-Saner-21.jpg','image','jpeg',62350,'40edda048e3cae0e3d39f972cf7e5895'),(323,322,'thumb.profile','user',23,NULL,'2012-12-28 08:53:14','2012-12-28 08:53:14',1,'public/user/44/01/0143_3d88.jpg','jpg','p_Julia-Saner-21.jpg','image','jpeg',14400,'311d3d88c99de09c3d6062801f910652'),(324,322,'thumb.normal','user',23,NULL,'2012-12-28 08:53:14','2012-12-28 08:53:14',1,'public/user/45/01/0144_8033.jpg','jpg','n_Julia-Saner-21.jpg','image','jpeg',1724,'e638803328f4e315e47f2b672055499e'),(325,322,'thumb.icon','user',23,23,'2012-12-28 08:53:14','2012-12-28 08:53:14',1,'public/user/46/01/0145_0178.jpg','jpg','nis_0143_3d88.jpg','image','jpeg',1378,'23ac0178912247087a7b8c072e719163'),(326,NULL,NULL,'user',24,NULL,'2012-12-28 08:55:49','2012-12-28 08:55:49',1,'public/user/47/01/0146_ecc9.jpg','jpg','m_smiling-guy-free-digital-photos.jpg','image','jpeg',23744,'88daecc91d418b8a0574e59dc49071b5'),(327,326,'thumb.profile','user',24,NULL,'2012-12-28 08:55:49','2012-12-28 08:55:49',1,'public/user/48/01/0147_fc99.jpg','jpg','p_smiling-guy-free-digital-photos.jpg','image','jpeg',8048,'a011fc99f8b2930bbe0cb281e23178fe'),(328,326,'thumb.normal','user',24,NULL,'2012-12-28 08:55:49','2012-12-28 08:55:49',1,'public/user/49/01/0148_d793.jpg','jpg','n_smiling-guy-free-digital-photos.jpg','image','jpeg',1396,'3cebd7934840c4eee68bb16ba032c83f'),(329,326,'thumb.icon','user',24,NULL,'2012-12-28 08:55:49','2012-12-28 08:55:49',1,'public/user/4a/01/0149_d793.jpg','jpg','s_smiling-guy-free-digital-photos.jpg','image','jpeg',1396,'3cebd7934840c4eee68bb16ba032c83f'),(330,NULL,NULL,'user',25,NULL,'2012-12-28 08:56:57','2012-12-28 08:56:57',1,'public/user/4b/01/014a_6ed0.jpg','jpg','m_Japanese style fashion guy _5_.jpg','image','jpeg',27773,'c4c16ed0da0e330db246fd02fce9abd4'),(331,330,'thumb.profile','user',25,NULL,'2012-12-28 08:56:57','2012-12-28 08:56:57',1,'public/user/4c/01/014b_84a6.jpg','jpg','p_Japanese style fashion guy _5_.jpg','image','jpeg',7210,'544984a6e1b4400a451b1f15dc5a13d9'),(332,330,'thumb.normal','user',25,NULL,'2012-12-28 08:56:57','2012-12-28 08:56:57',1,'public/user/4d/01/014c_78d0.jpg','jpg','n_Japanese style fashion guy _5_.jpg','image','jpeg',1370,'3e7478d0e6c5399d9fb6987518dd1bb4'),(333,330,'thumb.icon','user',25,25,'2012-12-28 08:56:57','2012-12-28 08:56:57',1,'public/user/4e/01/014d_a620.jpg','jpg','nis_014b_84a6.jpg','image','jpeg',1198,'a516a620e222a1de961037c5bb8676c2'),(334,NULL,NULL,'user',26,NULL,'2012-12-28 08:58:27','2012-12-28 08:58:27',1,'public/user/4f/01/014e_95db.jpg','jpg','m_img-thing.jpg','image','jpeg',9779,'419095dbf355932dc200c6eb5cd19f12'),(335,334,'thumb.profile','user',26,NULL,'2012-12-28 08:58:27','2012-12-28 08:58:27',1,'public/user/50/01/014f_04cf.jpg','jpg','p_img-thing.jpg','image','jpeg',5629,'8a0804cfa8adb0efe368cd9a5b1dba56'),(336,334,'thumb.normal','user',26,NULL,'2012-12-28 08:58:27','2012-12-28 08:58:27',1,'public/user/51/01/0150_2b7b.jpg','jpg','n_img-thing.jpg','image','jpeg',1275,'0d862b7b59c9e0a5a128952b42fc169f'),(337,334,'thumb.icon','user',26,26,'2012-12-28 08:58:27','2012-12-28 08:58:27',1,'public/user/52/01/0151_3195.jpg','jpg','nis_014f_04cf.jpg','image','jpeg',1319,'dfba3195ddefb49b1d7b44a03939265d'),(338,NULL,NULL,'user',26,26,'2012-12-28 09:00:00','2012-12-28 09:00:00',1,'public/user/53/01/0152_228f.jpg','jpg','img-thing_m.jpg','image','jpeg',8921,'fcbe228f226290a04edc72ad50c68258'),(339,338,'thumb.profile','user',26,26,'2012-12-28 09:00:00','2012-12-28 09:00:00',1,'public/user/54/01/0153_228f.jpg','jpg','img-thing_p.jpg','image','jpeg',8921,'fcbe228f226290a04edc72ad50c68258'),(340,338,'thumb.normal','user',26,26,'2012-12-28 09:00:00','2012-12-28 09:00:00',1,'public/user/55/01/0154_b6ec.jpg','jpg','img-thing_in.jpg','image','jpeg',3629,'159ab6ec5847b55cd2ff75c8589a6a07'),(341,338,'thumb.icon','user',26,26,'2012-12-28 09:00:00','2012-12-28 09:00:00',1,'public/user/56/01/0155_fcda.jpg','jpg','nis_0153_228f.jpg','image','jpeg',1385,'117efcda2362401583185845f8076638'),(344,NULL,'thumb.etalon','whmedia_media',126,1,'2013-01-02 12:56:58','2013-01-02 12:56:58',1,'public/whmedia_media/59/01/0158_6c2d.jpg','jpg','link_thumb_4dd8f399385c22510fa7b0540d8076f5.jpg','image','jpeg',52801,'5ed66c2d2f8860df417908aca27ee70b'),(345,NULL,'thumb.etalon','whmedia_media',127,1,'2013-01-03 11:05:33','2013-01-03 11:05:33',1,'public/whmedia_media/5a/01/0159_10f5.jpg','jpg','link_thumb_1b8de9297e1e14f71b5819c2e9c91fcf.jpg','image','jpeg',56249,'628510f53b500d9df4945fd664a8287f'),(346,NULL,'thumb.etalon','whmedia_media',128,1,'2013-01-03 11:06:12','2013-01-03 11:06:12',1,'public/whmedia_media/5b/01/015a_8c19.jpg','jpg','link_thumb_c2c058f87cc13b2284cedcd52a991693.jpg','image','jpeg',62089,'7f838c19519ff4625769aa4f61a0b036'),(347,NULL,'thumb.etalon','whmedia_media',129,1,'2013-01-03 11:17:02','2013-01-03 11:17:02',1,'public/whmedia_media/5c/01/015b_66b0.jpg','jpg','link_thumb_d02be111890f445078310e12c34fc35c.jpg','image','jpeg',10461,'b71866b0e4eeead3772b09cca26263ce'),(355,NULL,'thumb.etalon','whmedia_media',137,4,'2013-01-04 22:17:39','2013-01-04 22:17:39',1,'public/whmedia_media/64/01/0163_5263.jpg','jpg','link_thumb_4a413bf8ccf061164c19fc19e4a6d674.jpg','image','jpeg',9787,'54d952637cd1f339cd32ef1cc8ef53d6'),(356,NULL,'thumb.etalon','whmedia_media',138,4,'2013-01-09 14:36:37','2013-01-09 14:36:37',1,'public/whmedia_media/65/01/0164_0933.jpg','jpg','link_thumb_711f1b229c665cad3fd5e32e9f4488fd.jpg','image','jpeg',102894,'8acc0933e06320487e2253a229d68ad2'),(357,NULL,'thumb.etalon','whmedia_media',139,4,'2013-01-09 15:12:26','2013-01-09 15:12:26',1,'public/whmedia_media/66/01/0165_1405.jpg','jpg','link_thumb_0b967aa9ba48dad0672562647a4b7ff4.jpg','image','jpeg',8576,'774d1405eb2ddfbd4678f98f0b609434'),(358,NULL,'thumb.etalon','whmedia_media',140,4,'2013-01-09 15:14:48','2013-01-09 15:14:48',1,'public/whmedia_media/67/01/0166_0d6d.jpg','jpg','link_thumb_e54f89d868a15aacd989412e5921e31e.jpg','image','jpeg',9956,'e3190d6df7f3c8c370910c09d44c0eae'),(359,NULL,'thumb.etalon','whmedia_media',141,4,'2013-01-09 15:17:03','2013-01-09 15:17:03',1,'public/whmedia_media/68/01/0167_c0e3.jpg','jpg','link_thumb_f68a54244a388d0d3c956b729447e868.jpg','image','jpeg',6424,'a458c0e3e94afb7017588e38440d7ead'),(360,NULL,'thumb.etalon','whmedia_media',142,4,'2013-01-09 15:18:57','2013-01-09 15:18:57',1,'public/whmedia_media/69/01/0168_9dd5.jpg','jpg','link_thumb_129227db6ba2c5cd65dac404140e5382.jpg','image','jpeg',851,'254d9dd5b9e77ac6e95d47f204fbed29'),(361,NULL,'thumb.etalon','whmedia_media',143,4,'2013-01-18 21:40:35','2013-01-18 21:40:35',1,'public/whmedia_media/6a/01/0169_8b95.jpg','jpg','link_thumb_0a0eb9a9f24a900db74146a1982a0efb.jpg','image','jpeg',95685,'14918b95c8286afde456cdcf8f4cbb61'),(362,NULL,'thumb.etalon','whmedia_media',144,4,'2013-01-18 21:44:30','2013-01-18 21:44:30',1,'public/whmedia_media/6b/01/016a_e6b5.jpg','jpg','link_thumb_904d55be26a0390a39db53740d5b3ea1.jpg','image','jpeg',95806,'c7e8e6b586f4d7a67e1cebcf2538955f'),(363,NULL,'thumb.etalon','whmedia_media',145,4,'2013-01-18 21:46:15','2013-01-18 21:46:15',1,'public/whmedia_media/6c/01/016b_8477.jpg','jpg','link_thumb_ccd4bd355c1a3213097aa31eaab44f79.jpg','image','jpeg',73389,'1d098477b3d26fecc87ec85f52717eee'),(364,NULL,'thumb.etalon','whmedia_media',146,4,'2013-01-18 21:48:32','2013-01-18 21:48:32',1,'public/whmedia_media/6d/01/016c_0daa.jpg','jpg','link_thumb_c017f434e8a25c99c4327df192bea1ff.jpg','image','jpeg',112277,'6c650daa6bcbe195fdc9105c70ace634'),(365,NULL,'thumb.etalon','whmedia_media',147,4,'2013-01-18 21:50:26','2013-01-18 21:50:26',1,'public/whmedia_media/6e/01/016d_23fa.jpg','jpg','link_thumb_ddcafe82b7f559bcfa436c70fef6d7e0.jpg','image','jpeg',53819,'6eb523fa4d7abc825407d86d2fa96d12'),(366,NULL,'thumb.etalon','whmedia_media',148,4,'2013-01-18 21:52:23','2013-01-18 21:52:23',1,'public/whmedia_media/6f/01/016e_aae0.jpg','jpg','link_thumb_1fa2d5a91bad712daec3f243a492e662.jpg','image','jpeg',71684,'6681aae0defa3fe6c401c7afba24190b'),(367,NULL,'thumb.etalon','whmedia_media',149,4,'2013-01-18 21:53:52','2013-01-18 21:53:52',1,'public/whmedia_media/70/01/016f_ec2a.jpg','jpg','link_thumb_c2ebae9104c82eb3301e56371ab9af05.jpg','image','jpeg',77475,'5298ec2a783ff206ccd7be4b61ad8c88'),(368,NULL,'thumb.etalon','whmedia_media',150,4,'2013-01-18 21:56:23','2013-01-18 21:56:23',1,'public/whmedia_media/71/01/0170_9b4d.jpg','jpg','link_thumb_0d238c63a6a93bde4a1445dfd52eb2f7.jpg','image','jpeg',163046,'af369b4d50ca0b557ced64d4082f0744'),(369,NULL,'thumb.etalon','whmedia_media',151,4,'2013-01-19 02:41:14','2013-01-19 02:41:14',1,'public/whmedia_media/72/01/0171_fe28.jpg','jpg','link_thumb_96f54e7f75a36fe5c93d9dbc70f3526f.jpg','image','jpeg',28653,'9d71fe28852db920bb0d249857aab474'),(370,NULL,NULL,'user',27,NULL,'2013-01-23 09:04:42','2013-01-23 09:04:42',1,'public/user/73/01/0172_6fc8.jpg','jpg','m_stock-photo-20681789-casual-man-gesturing-thumbs-up-isolated.jpg','image','jpeg',14307,'ed616fc825128ec9d31fa256479923c1'),(371,370,'thumb.profile','user',27,NULL,'2013-01-23 09:04:42','2013-01-23 09:04:42',1,'public/user/74/01/0173_94b0.jpg','jpg','p_stock-photo-20681789-casual-man-gesturing-thumbs-up-isolated.jpg','image','jpeg',5361,'28ae94b0aba63289e3d09a4f0bc9f2e5'),(372,370,'thumb.normal','user',27,NULL,'2013-01-23 09:04:42','2013-01-23 09:04:42',1,'public/user/75/01/0174_7d51.jpg','jpg','n_stock-photo-20681789-casual-man-gesturing-thumbs-up-isolated.jpg','image','jpeg',1294,'607c7d51175e8087c9f1218a153a98aa'),(373,370,'thumb.icon','user',27,NULL,'2013-01-23 09:04:42','2013-01-23 09:04:42',1,'public/user/76/01/0175_89b5.jpg','jpg','s_stock-photo-20681789-casual-man-gesturing-thumbs-up-isolated.jpg','image','jpeg',1329,'a57f89b55e3c5908a967a6a835c8805c'),(374,NULL,'thumb.etalon','whmedia_media',153,4,'2013-01-23 22:56:23','2013-01-23 22:56:23',1,'public/whmedia_media/77/01/0176_1505.jpg','jpg','link_thumb_97b14465bb4572b1e4debb536b4bf162.jpg','image','jpeg',78558,'e1d91505ace025fce84b3ea6e1c47323'),(375,NULL,'thumb.etalon','whmedia_media',155,4,'2013-01-26 05:45:58','2013-01-26 05:45:58',1,'public/whmedia_media/78/01/0177_b0ba.jpg','jpg','link_thumb_653af251ff0af72912cb7906d151eed2.jpg','image','jpeg',168349,'0f59b0ba66eedfcb0714751389f2dc00'),(376,NULL,'thumb.etalon','whmedia_media',156,4,'2013-01-26 05:46:17','2013-01-26 05:46:17',1,'public/whmedia_media/79/01/0178_c825.jpg','jpg','link_thumb_726e679bf14f091639b7b361862819d3.jpg','image','jpeg',5981,'646dc82529797401a6c460bc267da184'),(377,NULL,NULL,'user',28,NULL,'2013-01-26 17:57:29','2013-01-26 17:57:29',1,'public/user/7a/01/0179_9755.jpg','jpg','m_7264dde019b154ece021e16ae1fe5454.jpg','image','jpeg',5454,'18479755fc417b0dc47ac357b4648cec'),(378,377,'thumb.profile','user',28,NULL,'2013-01-26 17:57:30','2013-01-26 17:57:30',1,'public/user/7b/01/017a_9755.jpg','jpg','p_7264dde019b154ece021e16ae1fe5454.jpg','image','jpeg',5454,'18479755fc417b0dc47ac357b4648cec'),(379,377,'thumb.normal','user',28,NULL,'2013-01-26 17:57:30','2013-01-26 17:57:30',1,'public/user/7c/01/017b_7450.jpg','jpg','n_7264dde019b154ece021e16ae1fe5454.jpg','image','jpeg',1081,'167374509a9755c7a15448f8ba24dc44'),(380,377,'thumb.icon','user',28,NULL,'2013-01-26 17:57:30','2013-01-26 17:57:30',1,'public/user/7d/01/017c_d40b.jpg','jpg','s_7264dde019b154ece021e16ae1fe5454.jpg','image','jpeg',1268,'99d1d40bfcebe66606b1d7fa2850ab5d');
/*!40000 ALTER TABLE `engine4_storage_files` ENABLE KEYS */;
UNLOCK TABLES;

--
-- Table structure for table `engine4_storage_mirrors`
--

DROP TABLE IF EXISTS `engine4_storage_mirrors`;
/*!40101 SET @saved_cs_client     = @@character_set_client */;
/*!40101 SET character_set_client = utf8 */;
CREATE TABLE `engine4_storage_mirrors` (
  `file_id` bigint(20) unsigned NOT NULL,
  `service_id` int(10) unsigned NOT NULL,
  PRIMARY KEY (`file_id`,`service_id`),
  KEY `service_id` (`service_id`)
) ENGINE=InnoDB DEFAULT CHARSET=utf8 COLLATE=utf8_unicode_ci;
/*!40101 SET character_set_client = @saved_cs_client */;

--
-- Dumping data for table `engine4_storage_mirrors`
--

LOCK TABLES `engine4_storage_mirrors` WRITE;
/*!40000 ALTER TABLE `engine4_storage_mirrors` DISABLE KEYS */;
/*!40000 ALTER TABLE `engine4_storage_mirrors` ENABLE KEYS */;
UNLOCK TABLES;

--
-- Table structure for table `engine4_storage_services`
--

DROP TABLE IF EXISTS `engine4_storage_services`;
/*!40101 SET @saved_cs_client     = @@character_set_client */;
/*!40101 SET character_set_client = utf8 */;
CREATE TABLE `engine4_storage_services` (
  `service_id` int(10) unsigned NOT NULL AUTO_INCREMENT,
  `servicetype_id` int(10) unsigned NOT NULL,
  `config` text CHARACTER SET latin1 COLLATE latin1_general_ci,
  `enabled` tinyint(1) unsigned NOT NULL DEFAULT '0',
  `default` tinyint(1) unsigned NOT NULL DEFAULT '0',
  PRIMARY KEY (`service_id`)
) ENGINE=InnoDB AUTO_INCREMENT=2 DEFAULT CHARSET=utf8 COLLATE=utf8_unicode_ci;
/*!40101 SET character_set_client = @saved_cs_client */;

--
-- Dumping data for table `engine4_storage_services`
--

LOCK TABLES `engine4_storage_services` WRITE;
/*!40000 ALTER TABLE `engine4_storage_services` DISABLE KEYS */;
INSERT INTO `engine4_storage_services` VALUES (1,1,NULL,1,1);
/*!40000 ALTER TABLE `engine4_storage_services` ENABLE KEYS */;
UNLOCK TABLES;

--
-- Table structure for table `engine4_storage_servicetypes`
--

DROP TABLE IF EXISTS `engine4_storage_servicetypes`;
/*!40101 SET @saved_cs_client     = @@character_set_client */;
/*!40101 SET character_set_client = utf8 */;
CREATE TABLE `engine4_storage_servicetypes` (
  `servicetype_id` int(10) unsigned NOT NULL AUTO_INCREMENT,
  `title` varchar(128) COLLATE utf8_unicode_ci NOT NULL,
  `plugin` varchar(128) CHARACTER SET latin1 COLLATE latin1_general_ci NOT NULL,
  `form` varchar(128) CHARACTER SET latin1 COLLATE latin1_general_ci DEFAULT NULL,
  `enabled` tinyint(1) NOT NULL DEFAULT '1',
  PRIMARY KEY (`servicetype_id`),
  UNIQUE KEY `plugin` (`plugin`)
) ENGINE=InnoDB AUTO_INCREMENT=7 DEFAULT CHARSET=utf8 COLLATE=utf8_unicode_ci;
/*!40101 SET character_set_client = @saved_cs_client */;

--
-- Dumping data for table `engine4_storage_servicetypes`
--

LOCK TABLES `engine4_storage_servicetypes` WRITE;
/*!40000 ALTER TABLE `engine4_storage_servicetypes` DISABLE KEYS */;
INSERT INTO `engine4_storage_servicetypes` VALUES (1,'Local Storage','Storage_Service_Local','Storage_Form_Admin_Service_Local',1),(2,'Database Storage','Storage_Service_Db','Storage_Form_Admin_Service_Db',0),(3,'Amazon S3','Storage_Service_S3','Storage_Form_Admin_Service_S3',1),(4,'Virtual File System','Storage_Service_Vfs','Storage_Form_Admin_Service_Vfs',1),(5,'Round-Robin','Storage_Service_RoundRobin','Storage_Form_Admin_Service_RoundRobin',0),(6,'Mirrored','Storage_Service_Mirrored','Storage_Form_Admin_Service_Mirrored',0);
/*!40000 ALTER TABLE `engine4_storage_servicetypes` ENABLE KEYS */;
UNLOCK TABLES;

--
-- Table structure for table `engine4_whmedia_categories`
--

DROP TABLE IF EXISTS `engine4_whmedia_categories`;
/*!40101 SET @saved_cs_client     = @@character_set_client */;
/*!40101 SET character_set_client = utf8 */;
CREATE TABLE `engine4_whmedia_categories` (
  `category_id` int(11) NOT NULL AUTO_INCREMENT,
  `category_name` varchar(128) NOT NULL,
  `order` smallint(6) NOT NULL DEFAULT '999',
  `url` varchar(34) CHARACTER SET utf8 COLLATE utf8_bin DEFAULT NULL,
  PRIMARY KEY (`category_id`),
  UNIQUE KEY `url` (`url`),
  KEY `order` (`order`)
) ENGINE=InnoDB AUTO_INCREMENT=12 DEFAULT CHARSET=utf8;
/*!40101 SET character_set_client = @saved_cs_client */;

--
-- Dumping data for table `engine4_whmedia_categories`
--

LOCK TABLES `engine4_whmedia_categories` WRITE;
/*!40000 ALTER TABLE `engine4_whmedia_categories` DISABLE KEYS */;
INSERT INTO `engine4_whmedia_categories` VALUES (1,'Default Category',1,'default_category1'),(2,'Test',999,'test'),(3,'Art',999,'art'),(4,'WebHive',999,'webhive'),(9,'Default Category1',999,'default_category'),(10,'Test1',999,'test-lol'),(11,'La la',999,'la_la');
/*!40000 ALTER TABLE `engine4_whmedia_categories` ENABLE KEYS */;
UNLOCK TABLES;

--
-- Table structure for table `engine4_whmedia_circleitems`
--

DROP TABLE IF EXISTS `engine4_whmedia_circleitems`;
/*!40101 SET @saved_cs_client     = @@character_set_client */;
/*!40101 SET character_set_client = utf8 */;
CREATE TABLE `engine4_whmedia_circleitems` (
  `circleitem_id` int(10) unsigned NOT NULL AUTO_INCREMENT,
  `circle_id` int(10) unsigned NOT NULL,
  `user_id` int(10) unsigned NOT NULL,
  UNIQUE KEY `circleitem_id` (`circleitem_id`),
  UNIQUE KEY `circle_user_id` (`circle_id`,`user_id`),
  KEY `circle_id` (`circle_id`),
  KEY `FK_engine4_whmedia_circleitems_user_id` (`user_id`),
  CONSTRAINT `FK_engine4_whmedia_circleitems_user_id` FOREIGN KEY (`user_id`) REFERENCES `engine4_users` (`user_id`) ON DELETE CASCADE ON UPDATE CASCADE,
  CONSTRAINT `FK_engine4_whmedia_circleitems_circle_id` FOREIGN KEY (`circle_id`) REFERENCES `engine4_whmedia_circles` (`circle_id`) ON DELETE CASCADE ON UPDATE CASCADE
) ENGINE=InnoDB AUTO_INCREMENT=226 DEFAULT CHARSET=latin1;
/*!40101 SET character_set_client = @saved_cs_client */;

--
-- Dumping data for table `engine4_whmedia_circleitems`
--

LOCK TABLES `engine4_whmedia_circleitems` WRITE;
/*!40000 ALTER TABLE `engine4_whmedia_circleitems` DISABLE KEYS */;
INSERT INTO `engine4_whmedia_circleitems` VALUES (144,3,2),(180,3,3),(139,3,21),(170,4,25),(214,5,1),(215,5,4),(189,5,5),(205,5,6),(190,5,7),(191,5,8),(192,5,9),(193,5,10),(194,5,11),(198,5,12),(199,5,13),(200,5,14),(201,5,15),(202,5,16),(203,5,17),(204,5,18),(210,5,19),(207,5,20),(206,5,21),(195,5,22),(196,5,23),(208,5,24),(209,5,25),(197,5,26),(216,5,27),(143,9,2),(142,9,4),(185,14,19),(184,14,25),(173,15,2),(175,15,5),(223,15,11),(220,16,3),(225,16,5),(178,17,16),(179,17,20),(182,18,7),(183,18,21),(222,21,14),(224,24,15);
/*!40000 ALTER TABLE `engine4_whmedia_circleitems` ENABLE KEYS */;
UNLOCK TABLES;

--
-- Table structure for table `engine4_whmedia_circles`
--

DROP TABLE IF EXISTS `engine4_whmedia_circles`;
/*!40101 SET @saved_cs_client     = @@character_set_client */;
/*!40101 SET character_set_client = utf8 */;
CREATE TABLE `engine4_whmedia_circles` (
  `circle_id` int(10) unsigned NOT NULL AUTO_INCREMENT,
  `user_id` int(10) unsigned NOT NULL,
  `title` varchar(64) NOT NULL,
  UNIQUE KEY `circle_id` (`circle_id`),
  KEY `user_id` (`user_id`),
  CONSTRAINT `FK_engine4_whmedia_circles` FOREIGN KEY (`user_id`) REFERENCES `engine4_users` (`user_id`) ON DELETE CASCADE ON UPDATE CASCADE
) ENGINE=InnoDB AUTO_INCREMENT=25 DEFAULT CHARSET=latin1;
/*!40101 SET character_set_client = @saved_cs_client */;

--
-- Dumping data for table `engine4_whmedia_circles`
--

LOCK TABLES `engine4_whmedia_circles` WRITE;
/*!40000 ALTER TABLE `engine4_whmedia_circles` DISABLE KEYS */;
INSERT INTO `engine4_whmedia_circles` VALUES (3,1,'Private'),(4,2,'My Best Followings'),(5,2,'My Second Box'),(9,1,'My Best Choice'),(14,2,'My Third Circle'),(15,4,'testing'),(16,4,'News'),(17,4,'fashion'),(18,4,'sports'),(19,4,'traveling '),(21,4,'quotes'),(22,4,'Edu'),(23,4,'Docu'),(24,4,'barcelona');
/*!40000 ALTER TABLE `engine4_whmedia_circles` ENABLE KEYS */;
UNLOCK TABLES;

--
-- Table structure for table `engine4_whmedia_featured`
--

DROP TABLE IF EXISTS `engine4_whmedia_featured`;
/*!40101 SET @saved_cs_client     = @@character_set_client */;
/*!40101 SET character_set_client = utf8 */;
CREATE TABLE `engine4_whmedia_featured` (
  `featured_id` int(10) unsigned NOT NULL,
  `creation_date` datetime NOT NULL,
  PRIMARY KEY (`featured_id`),
  KEY `NewIndex1` (`creation_date`),
  CONSTRAINT `FK_engine4_whmedia_featured` FOREIGN KEY (`featured_id`) REFERENCES `engine4_users` (`user_id`) ON DELETE CASCADE ON UPDATE CASCADE
) ENGINE=InnoDB DEFAULT CHARSET=latin1;
/*!40101 SET character_set_client = @saved_cs_client */;

--
-- Dumping data for table `engine4_whmedia_featured`
--

LOCK TABLES `engine4_whmedia_featured` WRITE;
/*!40000 ALTER TABLE `engine4_whmedia_featured` DISABLE KEYS */;
INSERT INTO `engine4_whmedia_featured` VALUES (2,'2012-11-02 16:54:28'),(3,'2012-11-12 08:58:02'),(5,'2012-11-12 08:58:04');
/*!40000 ALTER TABLE `engine4_whmedia_featured` ENABLE KEYS */;
UNLOCK TABLES;

--
-- Table structure for table `engine4_whmedia_follow`
--

DROP TABLE IF EXISTS `engine4_whmedia_follow`;
/*!40101 SET @saved_cs_client     = @@character_set_client */;
/*!40101 SET character_set_client = utf8 */;
CREATE TABLE `engine4_whmedia_follow` (
  `follow_id` int(10) unsigned NOT NULL AUTO_INCREMENT,
  `user_id` int(10) unsigned NOT NULL,
  `follower_id` int(10) unsigned NOT NULL,
  `creation_date` datetime NOT NULL,
  UNIQUE KEY `follow_id` (`follow_id`),
  UNIQUE KEY `user_follower_id` (`user_id`,`follower_id`),
  KEY `user_id` (`user_id`),
  KEY `follower_id` (`follower_id`),
  KEY `creation_date` (`creation_date`),
  CONSTRAINT `FK_engine4_whmedia_follower` FOREIGN KEY (`follower_id`) REFERENCES `engine4_users` (`user_id`) ON DELETE CASCADE ON UPDATE CASCADE,
  CONSTRAINT `FK_engine4_whmedia_follow_user` FOREIGN KEY (`user_id`) REFERENCES `engine4_users` (`user_id`) ON DELETE CASCADE ON UPDATE CASCADE
) ENGINE=InnoDB AUTO_INCREMENT=305 DEFAULT CHARSET=latin1;
/*!40101 SET character_set_client = @saved_cs_client */;

--
-- Dumping data for table `engine4_whmedia_follow`
--

LOCK TABLES `engine4_whmedia_follow` WRITE;
/*!40000 ALTER TABLE `engine4_whmedia_follow` DISABLE KEYS */;
INSERT INTO `engine4_whmedia_follow` VALUES (19,3,5,'2012-11-02 15:15:23'),(37,6,3,'2012-11-26 15:17:47'),(47,2,4,'2012-11-29 06:04:30'),(49,5,3,'2012-12-05 12:13:23'),(50,5,4,'2012-12-05 12:13:40'),(51,3,7,'2012-12-05 11:50:33'),(52,2,7,'2012-12-05 11:50:36'),(53,5,7,'2012-12-05 11:50:38'),(54,3,8,'2012-12-05 11:51:52'),(55,7,8,'2012-12-05 11:51:54'),(56,4,8,'2012-12-05 11:51:57'),(57,7,9,'2012-12-05 11:52:44'),(58,8,10,'2012-12-05 11:55:01'),(59,7,10,'2012-12-05 11:55:02'),(60,3,11,'2012-12-05 11:56:45'),(61,2,11,'2012-12-05 11:56:49'),(62,6,11,'2012-12-05 11:56:57'),(63,2,12,'2012-12-05 11:59:18'),(64,7,12,'2012-12-05 11:59:21'),(65,6,7,'2012-12-05 14:54:15'),(78,6,4,'2012-12-06 20:43:45'),(79,15,13,'2012-12-07 10:06:56'),(80,16,13,'2012-12-07 10:06:59'),(81,17,13,'2012-12-07 10:07:05'),(82,18,13,'2012-12-07 10:07:27'),(83,15,14,'2012-12-07 10:08:52'),(84,16,14,'2012-12-07 10:08:54'),(85,13,19,'2012-12-07 10:18:12'),(87,18,4,'2012-12-07 10:47:32'),(93,4,15,'2012-12-26 09:40:13'),(102,7,4,'2012-12-26 16:54:45'),(110,14,4,'2012-12-27 12:31:42'),(111,11,4,'2012-12-27 12:58:08'),(128,20,4,'2012-12-27 14:20:03'),(177,12,2,'2012-12-27 16:18:30'),(178,13,2,'2012-12-27 16:18:32'),(179,14,2,'2012-12-27 16:18:36'),(180,15,2,'2012-12-27 16:18:39'),(181,16,2,'2012-12-27 16:18:42'),(182,17,2,'2012-12-27 16:18:45'),(183,18,2,'2012-12-27 16:18:49'),(203,13,4,'2012-12-27 23:15:06'),(204,16,4,'2012-12-27 23:16:14'),(206,6,2,'2012-12-28 08:29:13'),(208,21,2,'2012-12-28 08:51:49'),(209,20,2,'2012-12-28 08:54:33'),(211,24,2,'2012-12-28 09:00:33'),(213,25,2,'2012-12-28 09:00:42'),(214,26,4,'2012-12-28 09:15:10'),(223,21,1,'2012-12-28 15:15:01'),(229,13,1,'2012-12-28 15:22:37'),(238,18,1,'2012-12-28 15:32:27'),(239,14,1,'2012-12-28 15:33:25'),(240,16,1,'2012-12-28 15:33:32'),(241,5,1,'2012-12-28 15:33:38'),(243,4,1,'2012-12-28 15:36:20'),(245,22,4,'2012-12-28 19:25:44'),(246,23,4,'2012-12-28 19:27:40'),(247,1,4,'2012-12-29 01:03:09'),(248,17,4,'2012-12-29 23:22:32'),(252,6,1,'2012-12-31 12:06:48'),(253,2,1,'2012-12-31 12:09:22'),(267,19,2,'2013-01-03 12:13:28'),(269,3,1,'2013-01-09 13:29:20'),(272,21,4,'2013-01-20 04:24:43'),(283,5,2,'2013-01-23 08:56:27'),(284,7,2,'2013-01-23 08:56:31'),(285,8,2,'2013-01-23 08:56:34'),(286,9,2,'2013-01-23 08:56:37'),(287,10,2,'2013-01-23 08:56:40'),(288,11,2,'2013-01-23 08:56:42'),(289,22,2,'2013-01-23 08:57:00'),(290,23,2,'2013-01-23 08:57:03'),(291,26,2,'2013-01-23 08:57:07'),(294,1,2,'2013-01-23 09:09:37'),(295,4,2,'2013-01-23 09:09:39'),(296,27,2,'2013-01-23 09:09:42'),(302,3,4,'2013-01-24 05:14:36'),(303,15,4,'2013-01-26 18:09:52'),(304,19,4,'2013-01-26 18:54:00');
/*!40000 ALTER TABLE `engine4_whmedia_follow` ENABLE KEYS */;
UNLOCK TABLES;

--
-- Table structure for table `engine4_whmedia_medias`
--

DROP TABLE IF EXISTS `engine4_whmedia_medias`;
/*!40101 SET @saved_cs_client     = @@character_set_client */;
/*!40101 SET character_set_client = utf8 */;
CREATE TABLE `engine4_whmedia_medias` (
  `media_id` int(10) unsigned NOT NULL AUTO_INCREMENT,
  `title` text NOT NULL,
  `description` text NOT NULL,
  `project_id` int(10) unsigned NOT NULL,
  `code` text,
  `order` tinyint(3) unsigned NOT NULL DEFAULT '0',
  `encode` tinyint(1) unsigned NOT NULL DEFAULT '0',
  `invisible` tinyint(1) unsigned NOT NULL DEFAULT '0',
  `creation_date` datetime NOT NULL,
  `duration` int(10) unsigned DEFAULT NULL,
  `size` varchar(128) DEFAULT NULL,
  `is_text` tinyint(1) unsigned NOT NULL DEFAULT '0',
  `is_url` varchar(255) NOT NULL,
  UNIQUE KEY `media_id` (`media_id`),
  KEY `project_id` (`project_id`),
  KEY `order` (`order`),
  KEY `encode` (`encode`),
  CONSTRAINT `FK_engine4_whmedia_medias` FOREIGN KEY (`project_id`) REFERENCES `engine4_whmedia_projects` (`project_id`) ON DELETE CASCADE ON UPDATE CASCADE
) ENGINE=InnoDB AUTO_INCREMENT=157 DEFAULT CHARSET=utf8;
/*!40101 SET character_set_client = @saved_cs_client */;

--
-- Dumping data for table `engine4_whmedia_medias`
--

LOCK TABLES `engine4_whmedia_medias` WRITE;
/*!40000 ALTER TABLE `engine4_whmedia_medias` DISABLE KEYS */;
INSERT INTO `engine4_whmedia_medias` VALUES (1,'','',1,NULL,0,0,0,'2012-10-17 07:00:00',NULL,'{\"width\":720,\"height\":540}',0,'0'),(2,'','',1,NULL,0,0,0,'2012-10-17 07:00:01',NULL,'{\"width\":254,\"height\":350}',0,'0'),(3,'','',1,NULL,0,0,0,'2012-10-17 07:00:01',NULL,'{\"width\":425,\"height\":290}',0,'0'),(4,'','',1,NULL,0,0,0,'2012-10-17 07:00:02',NULL,'{\"width\":720,\"height\":479}',0,'0'),(5,'','',1,NULL,0,0,0,'2012-10-17 07:00:03',NULL,'{\"width\":448,\"height\":336}',0,'0'),(6,'','',2,NULL,2,0,0,'2012-10-17 07:21:48',NULL,'{\"width\":422,\"height\":338}',0,'0'),(7,'','',2,NULL,3,0,0,'2012-10-17 07:21:48',NULL,'{\"width\":546,\"height\":400}',0,'0'),(8,'','',2,NULL,4,0,0,'2012-10-17 07:21:49',NULL,'{\"width\":600,\"height\":540}',0,'0'),(9,'','',3,NULL,2,0,0,'2012-10-17 07:30:31',NULL,'{\"width\":383,\"height\":338}',0,'0'),(10,'','',3,NULL,1,0,0,'2012-10-17 07:30:45',NULL,'{\"width\":403,\"height\":354}',0,'0'),(11,'','',3,NULL,0,0,0,'2012-10-17 07:30:57',NULL,'{\"width\":600,\"height\":268}',0,'0'),(12,'','',4,NULL,0,0,0,'2012-10-17 07:33:59',NULL,'{\"width\":600,\"height\":393}',0,'0'),(13,'','',4,NULL,0,0,0,'2012-10-17 07:33:59',NULL,'{\"width\":600,\"height\":393}',0,'0'),(14,'','',4,NULL,0,0,0,'2012-10-17 07:34:00',NULL,'{\"width\":600,\"height\":393}',0,'0'),(15,'','',4,NULL,0,0,0,'2012-10-17 07:34:01',NULL,'{\"width\":600,\"height\":377}',0,'0'),(16,'Curabitur nibh mi, pulvinar id posuere vitae!','',5,NULL,0,0,0,'2012-10-17 08:19:20',NULL,'{\"width\":500,\"height\":370}',0,'0'),(17,'Phasellus elementum aliquet mi!','',5,NULL,0,0,0,'2012-10-17 08:19:21',NULL,'{\"width\":403,\"height\":403}',0,'0'),(19,'Pellentesque eget est nec neque volutpat feugiat ornare id magna!!!','',5,NULL,0,0,0,'2012-10-17 08:19:22',NULL,'{\"width\":600,\"height\":450}',0,'0'),(20,'','',6,NULL,0,0,0,'2012-10-17 11:33:32',NULL,'{\"width\":600,\"height\":400}',0,'0'),(21,'','',7,NULL,0,0,0,'2012-10-17 11:34:06',NULL,'{\"width\":600,\"height\":292}',0,'0'),(22,'','',8,NULL,0,0,0,'2012-10-17 11:34:41',NULL,'{\"width\":600,\"height\":326}',0,'0'),(23,'','',9,NULL,0,0,0,'2012-10-17 11:35:10',NULL,'{\"width\":600,\"height\":348}',0,'0'),(24,'','',10,NULL,0,0,0,'2012-10-17 11:35:39',NULL,'{\"width\":600,\"height\":400}',0,'0'),(25,'','',11,NULL,0,0,0,'2012-10-17 11:36:20',NULL,'{\"width\":600,\"height\":699}',0,'0'),(26,'','',12,NULL,0,0,0,'2012-10-17 11:38:14',NULL,'{\"width\":600,\"height\":334}',0,'0'),(27,'','',13,NULL,0,0,0,'2012-10-17 11:39:35',NULL,'{\"width\":600,\"height\":398}',0,'0'),(28,'','',14,NULL,0,0,0,'2012-10-17 11:40:12',NULL,'{\"width\":600,\"height\":398}',0,'0'),(29,'! (_) [LevelUp!]','',15,'a:2:{s:4:\"type\";s:7:\"youtube\";s:4:\"code\";s:11:\"CIkyMRH5hqI\";}',0,0,0,'2012-10-17 11:41:26',NULL,NULL,0,'0'),(30,'','',16,NULL,0,0,0,'2012-10-17 13:24:37',NULL,'{\"width\":600,\"height\":398}',0,'0'),(31,'','',17,NULL,0,0,0,'2012-10-17 13:25:03',NULL,'{\"width\":600,\"height\":398}',0,'0'),(32,'','',18,NULL,0,0,0,'2012-10-17 13:25:33',NULL,'{\"width\":600,\"height\":398}',0,'0'),(33,'','',19,NULL,0,0,0,'2012-10-17 13:26:05',NULL,'{\"width\":600,\"height\":398}',0,'0'),(34,'','',20,NULL,0,0,0,'2012-10-17 13:39:02',NULL,'{\"width\":600,\"height\":398}',0,'0'),(35,'','',21,NULL,0,0,0,'2012-10-17 13:39:31',NULL,'{\"width\":600,\"height\":398}',0,'0'),(37,'','',22,NULL,0,0,0,'2012-10-17 13:42:07',NULL,'{\"width\":600,\"height\":398}',0,'0'),(38,'','',23,NULL,0,0,0,'2012-10-17 13:42:23',NULL,'{\"width\":600,\"height\":398}',0,'0'),(39,'','',24,NULL,0,0,0,'2012-10-17 13:42:35',NULL,'{\"width\":600,\"height\":398}',0,'0'),(40,'','',25,NULL,0,0,0,'2012-10-17 13:42:44',NULL,'{\"width\":600,\"height\":398}',0,'0'),(41,'','',26,NULL,0,0,0,'2012-10-17 13:42:54',NULL,'{\"width\":600,\"height\":398}',0,'0'),(42,'','',27,NULL,0,0,0,'2012-10-17 13:43:04',NULL,'{\"width\":600,\"height\":398}',0,'0'),(44,'','',28,NULL,0,0,0,'2012-10-17 13:43:36',NULL,'{\"width\":600,\"height\":158}',0,'0'),(45,'','',29,NULL,0,0,0,'2012-10-17 13:43:47',NULL,'{\"width\":600,\"height\":326}',0,'0'),(46,'','',30,NULL,0,0,0,'2012-10-17 13:43:56',NULL,'{\"width\":600,\"height\":400}',0,'0'),(47,'','',31,NULL,0,0,0,'2012-10-17 13:44:06',NULL,'{\"width\":600,\"height\":400}',0,'0'),(48,'','',32,NULL,1,0,0,'2012-10-17 13:44:15',NULL,'{\"width\":600,\"height\":348}',0,'0'),(49,'','',33,NULL,0,0,0,'2012-10-17 13:48:04',NULL,'{\"width\":600,\"height\":292}',0,'0'),(50,'','',34,NULL,0,0,0,'2012-10-17 13:48:16',NULL,'{\"width\":600,\"height\":400}',0,'0'),(51,'','',35,NULL,0,0,0,'2012-10-17 13:48:27',NULL,'{\"width\":600,\"height\":326}',0,'0'),(52,'','',36,NULL,0,0,0,'2012-10-17 13:48:39',NULL,'{\"width\":596,\"height\":447}',0,'0'),(53,'','',37,NULL,0,0,0,'2012-10-17 13:48:51',NULL,'{\"width\":600,\"height\":400}',0,'0'),(54,'','',38,NULL,0,0,0,'2012-10-17 13:49:02',NULL,'{\"width\":600,\"height\":414}',0,'0'),(55,'','',39,NULL,0,0,0,'2012-10-17 13:49:19',NULL,'{\"width\":600,\"height\":334}',0,'0'),(56,'','',40,NULL,0,0,0,'2012-10-17 13:52:49',NULL,'{\"width\":600,\"height\":400}',0,'0'),(57,'','',41,NULL,0,0,0,'2012-10-17 13:53:01',NULL,'{\"width\":600,\"height\":334}',0,'0'),(58,'','',42,NULL,0,0,0,'2012-10-17 13:53:14',NULL,'{\"width\":600,\"height\":400}',0,'0'),(59,'','',43,NULL,0,0,0,'2012-10-17 13:53:32',NULL,'{\"width\":600,\"height\":400}',0,'0'),(60,'','',44,NULL,4,0,0,'2012-10-17 13:53:42',NULL,'{\"width\":600,\"height\":424}',0,'0'),(61,'','',45,NULL,0,0,0,'2012-10-19 07:26:07',NULL,'{\"width\":300,\"height\":200}',0,'0'),(62,'','',45,NULL,0,0,0,'2012-10-19 07:26:08',NULL,'{\"width\":300,\"height\":400}',0,'0'),(63,'','',45,NULL,0,0,0,'2012-10-19 07:26:08',NULL,'{\"width\":600,\"height\":479}',0,'0'),(65,'','',45,NULL,0,0,0,'2012-10-19 07:26:09',NULL,'{\"width\":352,\"height\":450}',0,'0'),(66,'','',45,NULL,0,0,0,'2012-10-19 07:26:10',NULL,'{\"width\":340,\"height\":255}',0,'0'),(67,'','',46,NULL,0,0,0,'2012-10-19 07:27:33',NULL,'{\"width\":442,\"height\":560}',0,'0'),(68,'','',46,NULL,0,0,0,'2012-10-19 07:27:33',NULL,'{\"width\":460,\"height\":372}',0,'0'),(69,'','',46,NULL,0,0,0,'2012-10-19 07:27:34',NULL,'{\"width\":400,\"height\":400}',0,'0'),(70,'','',47,NULL,0,0,0,'2012-10-19 07:31:47',NULL,'{\"width\":600,\"height\":375}',0,'0'),(71,'','',47,NULL,0,0,0,'2012-10-19 07:31:47',NULL,'{\"width\":300,\"height\":402}',0,'0'),(72,'','',47,NULL,0,0,0,'2012-10-19 07:31:48',NULL,'{\"width\":320,\"height\":240}',0,'0'),(75,'','',49,NULL,0,0,0,'2012-10-19 07:38:59',NULL,'{\"width\":525,\"height\":560}',0,'0'),(76,'','',50,NULL,0,0,0,'2012-10-19 07:42:02',NULL,'{\"width\":333,\"height\":500}',0,'0'),(77,'','',51,NULL,0,0,0,'2012-10-19 07:45:03',NULL,'{\"width\":465,\"height\":650}',0,'0'),(78,'','',52,NULL,1,0,0,'2012-10-19 07:46:53',NULL,'{\"width\":600,\"height\":450}',0,'0'),(79,'','',53,NULL,0,0,0,'2012-10-22 13:41:44',NULL,'{\"width\":300,\"height\":300}',0,'0'),(80,'  ,   - .ua','    .   .   ',44,NULL,1,0,0,'2012-10-23 12:14:08',NULL,NULL,0,'http://tsn.ua/'),(82,'c  - goloskrainy.tv',' ',44,NULL,3,0,0,'2012-10-23 13:23:36',NULL,NULL,0,'http://goloskrainy.tv/'),(83,'c  - goloskrainy.tv',' ',44,NULL,2,0,0,'2012-10-23 13:23:53',NULL,NULL,0,'http://goloskrainy.tv/'),(85,'  ,   DDoS-  cvk2012.org /   Highload Lab. / ',' Highload Lab       DDoS-,      - , ,   ',44,NULL,0,0,0,'2012-10-23 14:27:09',NULL,NULL,0,'http://habrahabr.ru/company/highloadlab/blog/155667/'),(86,'ALESSANDRA DESERT','',54,'a:2:{s:4:\"type\";s:5:\"vimeo\";s:4:\"code\";s:8:\"49846143\";}',0,0,0,'2012-10-24 11:19:25',NULL,NULL,0,''),(87,'Revolver - Let\'s Get Together','',55,'a:2:{s:4:\"type\";s:5:\"vimeo\";s:4:\"code\";s:8:\"47597940\";}',0,0,0,'2012-10-24 11:27:56',NULL,NULL,0,''),(88,'Obama finds support among Chavez faithful in Caracas - CNN.com','Standing in his food shack under posters of Venezuelan President Hugo Chavez in a Caracas slum, 70-year-old Miguel Bigello relays his backhanded support for Barack Obama.',56,NULL,0,0,0,'2012-10-24 11:34:40',NULL,NULL,0,'http://edition.cnn.com/2012/10/24/opinion/caracas-postcard/index.html?hpt=hp_c1'),(89,'The 7 Best Things About Microsoft Surface','The 7 Best Things About Microsoft Surface: You shouldn\'t buy ...',57,NULL,2,0,0,'2012-10-24 17:28:22',NULL,NULL,0,'http://www.buzzfeed.com/mattbuchanan/the-7-best-things-about-microsoft-surface'),(90,'Young, smart and not planning to vote - YouTube','Kayla Williams tells John Avlon and CNN\'s Ali Velshi why she has no plans to vote in the upcoming presidential election.',57,NULL,1,0,0,'2012-10-24 18:34:20',NULL,NULL,0,'http://www.youtube.com/watch?v=Fg04Re7apgs&feature=g-all-u'),(91,'Street View and Beyond: Googles Influence on Photography - LightBox','Google-based imagery has moved well beyond Street View and has become a photographic genre and aesthetic all to itself. LightBox asked a selection of artists from around the world who were inspired by the technology to describe how it has impacted their c',57,NULL,0,0,0,'2012-10-24 18:36:51',NULL,NULL,0,'http://lightbox.time.com/2012/10/24/street-view-and-beyond-googles-influence-on-photography/#1'),(92,'Project II','',58,'a:2:{s:4:\"type\";s:5:\"vimeo\";s:4:\"code\";s:8:\"43384496\";}',0,0,0,'2012-10-25 23:36:30',NULL,NULL,0,''),(93,'IBM Think Exhibit - Data Wall on Behance','IBM Data Wall concept designs, and storyboards',59,NULL,0,0,0,'2012-10-25 23:42:32',NULL,NULL,0,'http://www.behance.net/gallery/IBM-Think-Exhibit-Data-Wall/4619911'),(94,'Canada quake triggers Hawaii tsunami scare - CNN.com','A tsunami spawned by an earthquake in Canada caused a tsunami warning for Hawaii, but by 1 a.m. in Hawaii the warning was canceled.',60,NULL,2,0,0,'2012-10-28 20:44:39',NULL,NULL,0,'http://edition.cnn.com/2012/10/28/world/americas/canada-earthquake/index.html?hpt=hp_t2'),(95,'Flight Safety Fun: Dancing Cebu Pacific FAs behind-the-scenes','',60,'a:2:{s:4:\"type\";s:7:\"youtube\";s:4:\"code\";s:11:\"hywfS9zcm08\";}',1,0,0,'2012-10-28 20:45:05',NULL,NULL,0,''),(96,'','<p>test test testakrhjkladhkashdkahd</p>',60,NULL,0,0,0,'2012-10-28 20:45:34',NULL,NULL,1,''),(97,'Colrio - Paula Bayer','',61,'a:2:{s:4:\"type\";s:5:\"vimeo\";s:4:\"code\";s:8:\"44133735\";}',0,0,0,'2012-11-03 14:12:09',NULL,NULL,0,''),(98,'Boxer Doggy','',62,NULL,0,0,0,'2012-11-03 14:19:45',NULL,'{\"width\":522,\"height\":700}',0,''),(99,'','',62,NULL,0,8,0,'2012-11-03 14:20:50',NULL,NULL,0,''),(100,'8 Hacks to Make Google Calendar More Useful','More than just a calendar, Google Calendar can be useful for just about any task that is relevant to either days or times.',63,NULL,0,0,0,'2012-11-03 14:33:03',NULL,NULL,0,'http://mashable.com/2012/11/03/google-calendar-hacks/'),(102,'Space Shuttle Endeavour - The Final Mission','',65,'a:2:{s:4:\"type\";s:5:\"vimeo\";s:4:\"code\";s:8:\"52719990\";}',0,0,0,'2012-11-05 00:54:57',NULL,NULL,0,''),(103,'DNA Hacking Is Now Street Legal | Fast Company','Chances are you haven\'t heard much about lipoprotein lipase deficiency (LPLD), a  disease that leads to pancreatitis. This rare disease, however, is at the center of world-changing medical advances.Last week the European Union approved a gene therapy trea',66,NULL,0,0,0,'2012-11-06 12:31:35',NULL,NULL,0,'http://www.fastcompany.com/3002700/dna-hacking-now-street-legal?utm_source=feedburner&utm_medium=feed&utm_campaign=Feed%3A+fastcompany%2Fheadlines+%28Fast+Company%29'),(104,'','',2,NULL,1,0,0,'2012-11-06 15:48:56',31,'{\"width\":\"720\",\"height\":\"576\"}',0,''),(105,' .mp3','',2,NULL,0,0,0,'2012-11-06 16:09:27',NULL,NULL,0,''),(106,'','',64,NULL,1,0,0,'2012-11-06 17:11:44',46,'{\"width\":\"400\",\"height\":\"300\"}',0,''),(108,'Beginnings of Bionic | Science News','',67,NULL,1,0,0,'2012-11-08 18:00:20',NULL,NULL,0,'http://www.sciencenews.org/view/feature/id/346135/description/Beginnings_of_Bionic'),(109,'','',67,NULL,0,0,0,'2012-11-08 18:01:02',NULL,'{\"width\":445,\"height\":560}',0,''),(110,'Comic Books and Stuff..., WHAT IF.. the Star Wars and Marvel universe...','WHAT IF.. the Star Wars and Marvel universe crossed over?',68,NULL,1,0,0,'2012-11-08 18:06:41',NULL,NULL,0,'http://theamazingchief.tumblr.com/post/34659125851/what-if-the-star-wars-and-marvel-universe'),(111,'','',68,NULL,0,0,0,'2012-11-08 18:07:05',NULL,'{\"width\":500,\"height\":428}',0,''),(112,'','<p style=\"text-align: center;\"><iframe height=\"391px\" src=\"http://socialcam.com/videos/PXhIjzxc/embed?utm_campaign=web&amp;utm_source=embed\" width=\"520px\"></iframe></p>',69,NULL,1,0,0,'2012-11-08 19:19:51',NULL,NULL,1,''),(113,'','',69,NULL,0,0,0,'2012-11-08 19:20:56',NULL,'{\"width\":600,\"height\":450}',0,''),(114,'Feng Shui Health Environment','',48,NULL,0,0,0,'2012-11-12 08:46:46',NULL,'{\"width\":289,\"height\":415}',0,''),(116,'','<p>Feng shui or Fung shui, is a Chinese system of geomancy believed to use the laws of both Heaven (Chinese astronomy) and Earth to help one improve life by receiving positive qi. The original designation for the discipline is Kan Yu (simplified Chinese: ; traditional Chinese: ; pinyin: kny&uacute;; literally: Tao of heaven and earth).</p>\n<p><br>The term feng shui literally translates as \"wind-water\" in English. This is a cultural shorthand taken from the passage of the now-lost Classic of Burial recorded in Guo Pu\'s commentary: Qi rides the wind and scatters, but is retained when encountering water.</p>\n<p><br>Historically, feng shui was widely used to orient buildings&mdash;often spiritually significant structures such as tombs, but also dwellings and other structures&mdash;in an auspicious manner. Depending on the particular style of feng shui being used, an auspicious site could be determined by reference to local features such as bodies of water, stars, or a compass. Feng shui was suppressed in China during the cultural revolution in the 1960s, but since then has increased in popularity.</p>\n<p><br>Modern reactions to feng shui are mixed. The Skeptic Encyclopedia of Pseudoscience states that some principles of feng shui are \"quite rational\", while noting that \"folk remedies and superstitions... [have been] incorporated into feng shui\'s eclectic mix\".</p>',48,NULL,1,0,0,'2012-11-12 09:07:52',NULL,NULL,1,''),(117,'','',32,NULL,0,0,0,'2012-11-27 09:28:08',24,'{\"width\":\"256\",\"height\":\"192\"}',0,''),(118,'','<div>\n<p style=\"text-align: center;\">The jackpot for Wednesday\'s Powerball jackpot has hit a record $550 million.</p>\n</div>\n<p style=\"text-align: center;\">NEW YORK (CNNMoney) -- Wednesday\'s Powerball drawing could be one for the history books, with the jackpot rising to a record $550 million.</p>\n<p style=\"text-align: center;\">The prize for last Saturday\'s Powerball was $325 million -- the fourth-largest in the game\'s history. For the 15th consecutive time, no players matched the winning numbers, which were 22, 32, 37, 44, 50 and Powerball 34.</p>',64,NULL,2,0,0,'2012-11-28 19:57:38',NULL,NULL,1,''),(119,'Fiend suspected of shoving straphanger in front of oncoming train charged with murder, but claims \'he attacked me first. ... He grabbed me\' - NY Daily News','The suspected subway psycho matter-of-factly confessed to shoving a straphanger in front of an oncoming train  and then standing on the platform to watch the man die, sources said.',70,NULL,0,0,0,'2012-12-06 08:51:24',NULL,NULL,0,'http://www.nydailynews.com/new-york/suspect-confe